patientId,Target,class
15cdd2b4-0fb2-482c-92ac-a640e94eccba,1,Lung Opacity
fd67e4af-12e9-4aa8-b227-b8369a09804a,0,No Lung Opacity / Not Normal
8371e6c0-0c0b-4676-b247-597e7c04260c,0,No Lung Opacity / Not Normal
c3b96528-c441-4ae7-8e7f-87ccb0ab2ab9,1,Lung Opacity
40f57a2e-1b3c-46fb-9350-558e34b8f4e9,1,Lung Opacity
7d5f828f-5c6a-4898-a64f-8364339f35cd,1,Lung Opacity
7bb5c7df-51a0-4675-9962-6407d0160c65,1,Lung Opacity
7f0f9abd-a95f-43d7-9d27-d15926e055d9,1,Lung Opacity
9f756055-99fc-4a80-97b4-f89f98cf92d2,1,Lung Opacity
4aa7db1e-ea71-4b63-ae8a-877244ae1e06,1,Lung Opacity
ac6b624d-71ba-44ca-957e-592a715f0ac2,1,Lung Opacity
826361cd-08ae-49c4-b535-25a4f14026f8,1,Lung Opacity
a408f2c1-9ec2-49fc-8dd6-617dd540d512,1,Lung Opacity
b4ea28a7-6386-4660-b499-af4eb17750e1,1,Lung Opacity
125a4350-c49f-4056-bfc1-d016c68a1159,0,No Lung Opacity / Not Normal
a5e84175-0226-4ab6-a5be-fd6a7c07acf5,0,Normal
a1538feb-5647-463b-9876-ca6e5ff00f48,1,Lung Opacity
fbe24156-e52a-4d9d-9f9f-4e6adafe670a,0,No Lung Opacity / Not Normal
8192a218-3ed8-450a-bb3e-052e36567763,1,Lung Opacity
b75c6c0c-b9da-4d7d-a968-c1fb92ee5327,1,Lung Opacity
aa542085-6557-457e-b897-43591ce22108,1,Lung Opacity
bc788ea7-ec39-49bc-93e8-a9772a778b75,0,No Lung Opacity / Not Normal
c3d8144a-2426-4e80-80c0-651dfe0116e8,1,Lung Opacity
ba1065ce-267d-422f-aef5-6d04c04402d8,1,Lung Opacity
b080119c-b27f-486e-a803-32634a898536,0,Normal
d59c097e-726a-415f-961b-803b10aa43ed,1,Lung Opacity
fd2dbd18-2202-45da-bb4f-466c33583179,0,Normal
3bc44999-08aa-4429-ab87-a2958f22b2f8,1,Lung Opacity
36fd5dc3-bc31-4849-8b63-13c1c4e75d5c,0,No Lung Opacity / Not Normal
cd0ae273-2dc6-4093-975c-b33e8982e441,1,Lung Opacity
15b28846-3e6f-40d1-b497-cea5abed3766,1,Lung Opacity
d4a41252-bd49-47db-ae15-e6e489271b82,1,Lung Opacity
56300a3a-2da9-411e-8f9a-6852aef925d6,0,No Lung Opacity / Not Normal
989149b3-7b38-4ffe-b996-244dbeaafe4d,0,Normal
717269da-561f-461f-93c5-f5047f91e5b5,1,Lung Opacity
bbb976c3-6610-4fb3-a82b-fea4f233705f,0,Normal
a0e80ab2-16fe-4634-9df7-5d2b005e43b5,0,No Lung Opacity / Not Normal
3bd5e45e-886d-4d51-8bc5-f7714984e7c1,0,Normal
c99e4ca2-87c7-46a3-b741-77e9bf50218e,0,Normal
6951acfe-67a2-4dcf-a1a7-638dbd3ed528,1,Lung Opacity
b8a8cb09-03d8-4748-933c-49d15073062e,0,Normal
599078da-05b6-4972-a2da-461d02dc5c96,0,Normal
6520137b-c98c-42be-9689-dbce52e1df6b,1,Lung Opacity
c20862cf-d556-41a3-9acd-2c254144b396,1,Lung Opacity
aacdbc1a-465e-4f29-8c4b-995cd8337384,1,Lung Opacity
0bb67407-6d0b-4e7a-be1e-63aa02f9ad09,0,No Lung Opacity / Not Normal
ed46b092-fc9f-4caa-ab25-21b5a154fd8d,0,No Lung Opacity / Not Normal
5e88a086-2f27-461f-baf3-4b36976d6687,0,No Lung Opacity / Not Normal
4738ed4e-96a7-4c15-9b7c-a68e42721192,0,Normal
cd890010-337e-4c83-b72a-58ad878c5b07,0,No Lung Opacity / Not Normal
c8792ac7-e105-4243-b3a5-4504f2983a06,0,No Lung Opacity / Not Normal
d8b63ce5-796b-421d-a044-56c1bc01ecf8,0,Normal
bef1fdfe-b4a3-4170-88de-d57338d602ac,1,Lung Opacity
b84b2a5f-122b-423c-9556-08bdf7f179c3,0,No Lung Opacity / Not Normal
7d6b6af5-80ec-48c7-8efd-c11183e16280,1,Lung Opacity
58f28a2b-8fd5-44ce-9ef5-8aa81a957557,0,Normal
ba395818-6a27-4185-98ca-a51c4c70b2d5,1,Lung Opacity
158aa1e6-0e62-4e5c-acf3-10bb8882025a,1,Lung Opacity
71c99471-4012-425d-b52d-17f161aa1262,1,Lung Opacity
e8a66f17-c2db-4fec-8c69-0b039c4af48e,0,No Lung Opacity / Not Normal
be265039-f0ab-4d31-9859-2de2f9d97492,1,Lung Opacity
69ac60a6-c585-42c1-88f7-7936580f8c52,0,Normal
9489d9ea-bc6c-412d-8904-5d722b48ac2f,0,Normal
24ef2877-64ae-4c8a-acb5-6e1c302dc7d2,0,No Lung Opacity / Not Normal
afe29620-410d-4491-999e-470040899f0e,1,Lung Opacity
740c83f7-49c6-48d8-88d7-989e5a55f285,0,No Lung Opacity / Not Normal
e96fa677-9c96-4611-aa91-963087217a51,0,No Lung Opacity / Not Normal
b309f00c-57a1-4926-ba6d-1ce13a673cf9,1,Lung Opacity
ef6db56a-cf84-4431-9337-a53ef6e5b0dc,0,No Lung Opacity / Not Normal
abd62ee2-e0b2-46b5-aadf-99a5e895e10f,0,Normal
7b73919e-d14d-4f3c-88cd-e81a21ba756f,1,Lung Opacity
25300d70-86f1-4be6-83a9-f6ae31a0b451,1,Lung Opacity
f1ba6a94-27b8-4537-8a11-6c4dbc3fe428,1,Lung Opacity
32f3d89e-418f-4146-8036-7583ad6f1f0a,1,Lung Opacity
38314ee1-b525-43aa-af34-8e1dd877395e,1,Lung Opacity
78c9b88e-a134-4470-b161-22e4a698206c,1,Lung Opacity
01fa0f5e-00c3-41cb-b5c7-10600c8633ae,1,Lung Opacity
47723f90-3a86-49f2-8343-81ddc856ee45,0,No Lung Opacity / Not Normal
552d631e-5c8c-42ac-ba48-944081fb1f31,0,No Lung Opacity / Not Normal
708845b9-85f5-478a-90bd-36cbc40146ae,0,No Lung Opacity / Not Normal
7d4e9bfa-97fc-4412-9fd6-d3bedb26340d,0,No Lung Opacity / Not Normal
da9dd786-889c-4bb6-8be2-0af6fa7783ae,0,No Lung Opacity / Not Normal
c92944cc-ca72-455f-b2cd-d664ae4c66de,0,No Lung Opacity / Not Normal
b87a9ec5-6c95-42ac-82d8-af66a712ff60,1,Lung Opacity
ef868205-5194-4860-9396-7c4c91316e74,0,No Lung Opacity / Not Normal
39709c3d-8105-442a-bf70-22a4319b1f47,1,Lung Opacity
59f86f85-1504-41f2-b6e7-51394fd65ca1,1,Lung Opacity
f59d592e-2807-4dd0-8e56-810be8c02fac,1,Lung Opacity
d63fe293-e562-47ea-9599-e802a6987e01,0,No Lung Opacity / Not Normal
b9a97dbe-86c6-430a-a897-0a2fb77de77b,0,No Lung Opacity / Not Normal
b123993a-8a7c-405b-9c5e-6e2b8f373a11,0,Normal
393288db-4195-4b6b-a380-053c20aecf81,1,Lung Opacity
13bf28d4-fa19-4ba0-966a-938f676d6d04,1,Lung Opacity
1707921a-8b1d-419e-b5de-6e069bc9e4eb,1,Lung Opacity
ba14ae2e-3d32-4c84-8784-6452ae1adc23,1,Lung Opacity
d1badf7f-525c-4a83-a968-7537080f0d8c,0,No Lung Opacity / Not Normal
c4c4aed4-34bc-45b3-95db-c6dcff0e9eba,0,No Lung Opacity / Not Normal
5dc2ed86-dfaf-4f99-9082-c2ba436df200,0,No Lung Opacity / Not Normal
6ab78b00-c23a-4eef-b0c7-d9d6f684faaa,1,Lung Opacity
3a4bdc29-1bbf-4dd9-9fe7-00c42a081bc1,1,Lung Opacity
aabc6613-e421-4402-8e28-53dea1fde054,1,Lung Opacity
0bbb1ff7-dba6-4d5b-affe-b3ca0050d965,1,Lung Opacity
336c9afc-e140-4d5e-ab50-7b11809dbc1f,1,Lung Opacity
cdc65ff3-7a21-4e8e-8118-24d879ce8a94,0,Normal
660f30ba-71a2-4066-a469-0aeacd155d2c,1,Lung Opacity
469ee828-7b1a-436b-accb-f928582d1330,1,Lung Opacity
47f2c736-72d5-4897-b0c7-7119f0fd88c7,1,Lung Opacity
3d341003-fe1c-4709-a20a-0a543a3e3743,1,Lung Opacity
d348fb26-a823-46d9-a8ee-e91c97f5982c,0,No Lung Opacity / Not Normal
f7a172fc-a34f-4155-806d-7b0afe2a6156,1,Lung Opacity
42765f9e-beea-4f46-8af4-f1282095662d,1,Lung Opacity
3c183f4c-967f-41e5-a87a-d8dd5aac0fde,1,Lung Opacity
ec755d65-c3e4-427f-b7fc-7a596cf8fbb2,0,Normal
ac70e5ac-f93d-4fbf-a8d8-6db501f56cc2,1,Lung Opacity
ae094b72-b7e5-4dff-a775-8bab37b0082e,1,Lung Opacity
7bfbec31-dd0c-4efc-a9c5-bb66bae3cc2d,0,Normal
46c629c3-b58e-4b25-bedc-c8aabd9b5ad1,1,Lung Opacity
9acc3015-cffb-414a-a8b1-87555ba73b50,1,Lung Opacity
149d826e-7078-4b2c-888a-d8811c72caf8,1,Lung Opacity
d316817a-0747-4dfb-be81-fbf857439d42,1,Lung Opacity
152f5cd9-cc37-4312-befb-1b036cb68c82,1,Lung Opacity
afe1b6e2-203e-4ee5-856a-2f205d8bca2a,1,Lung Opacity
0cadf93e-b9d9-42c3-93c6-dd8e568d76f9,0,No Lung Opacity / Not Normal
fa42a65d-581e-44bf-a8de-b89e9a6c17fb,1,Lung Opacity
f40574cd-4fc5-43a7-a2e8-8bf66093c80a,1,Lung Opacity
cb746ece-ec4f-4cbc-bcfe-fd7179c843fe,0,No Lung Opacity / Not Normal
aaf27f12-2f10-4f29-bff2-ab9407234c83,1,Lung Opacity
539fa11b-89a6-4708-b44a-7ef333e0d27e,0,No Lung Opacity / Not Normal
555644a9-de6c-42c8-8cb8-8cbe73826155,0,No Lung Opacity / Not Normal
6dd00cdb-6ce8-407c-906d-322688b78a4b,0,No Lung Opacity / Not Normal
554d3e10-7f57-4260-8f11-4b7b51e4e70c,0,No Lung Opacity / Not Normal
d6cc8a62-2d18-4257-bcfd-079e3b0cf441,0,No Lung Opacity / Not Normal
db0018a5-7d08-4723-ac31-884bbb52910b,1,Lung Opacity
080f2b35-fcd5-473e-864b-a7dea3054cc7,1,Lung Opacity
c7bafc7d-7ad4-4a9f-ba65-72421f32c4f9,0,No Lung Opacity / Not Normal
a1590997-689f-4fb1-996e-823c8dfd4cc7,0,No Lung Opacity / Not Normal
02de832c-0929-4d8e-a333-6fd53367c63e,0,Normal
0b025ff6-4fa0-4302-b02c-fe2069dfa7ce,0,Normal
ff9d37d1-3660-4187-8f57-d31f9c91a3fd,1,Lung Opacity
bb6164ee-9b30-4b94-85ca-5f9d94b2ce4a,1,Lung Opacity
7d3f01b0-1283-49f8-94f9-17d751a8b3a9,0,Normal
de72e2b8-170e-4d2e-90b6-f139427b2aca,0,No Lung Opacity / Not Normal
95901a53-d0f3-4755-b793-1af4eb68988c,0,No Lung Opacity / Not Normal
31005109-092a-4611-9c42-23c7123a40c9,0,Normal
e0e07486-58ff-4199-b28e-68a86ed2b1b5,0,No Lung Opacity / Not Normal
646c50f2-23b4-4236-b92f-c5efb2139053,0,Normal
3d1e8f8f-b4cb-4346-b52a-d98f6a8ebb24,0,Normal
7a68a464-daf2-4942-a1e5-80c6c26ab898,0,No Lung Opacity / Not Normal
b42a1fd8-9afb-4926-915c-0d935af3727c,0,No Lung Opacity / Not Normal
56b0cf24-93a5-480f-b295-ec9c6e0ceb3b,0,Normal
e6237a2c-514c-477b-8e79-727ebb9436a3,1,Lung Opacity
d2a0d6a7-3ee3-47bc-986a-ed981aa1cad4,0,No Lung Opacity / Not Normal
996adc26-b80b-4509-8964-5c22f9b10118,0,No Lung Opacity / Not Normal
55b4be87-eb97-4d7b-83ef-9d497efaf2eb,0,No Lung Opacity / Not Normal
b9ec22f4-f273-486b-a2d4-132352dfdbc4,1,Lung Opacity
57a82f17-448b-411d-81e2-2f40e84510be,1,Lung Opacity
9b583922-f773-4fbd-9be5-35149a9a678f,0,No Lung Opacity / Not Normal
153fce06-c27b-4eda-8db1-9f1c60ccf4a2,0,No Lung Opacity / Not Normal
621d4f82-96c0-4189-9024-e1182f9d2d5f,0,No Lung Opacity / Not Normal
35147425-e8f1-494b-8cce-74252c0578d6,1,Lung Opacity
9f579871-0644-4b33-8547-240b76dbccdd,1,Lung Opacity
5341f2bc-e62c-433a-80b8-439035520842,0,No Lung Opacity / Not Normal
2e4b20f7-69c4-4680-9c8b-6984c195b1cf,1,Lung Opacity
8b0cf414-03a7-499c-a080-cdc52003c84a,1,Lung Opacity
1c5435c1-431c-4815-a50e-6c20dc2d929e,1,Lung Opacity
8da250c6-2d84-4977-b539-dff43c3ba1f5,0,Normal
a5194c02-0772-4af3-bf54-73865383e620,1,Lung Opacity
2e13eff6-7bb4-4b45-846f-1522888dbfe1,1,Lung Opacity
cf5e0fac-1011-4865-8c9b-0ecfcc748c3b,0,No Lung Opacity / Not Normal
1a7606e0-4d81-4bbe-ae22-93ca30540cb9,1,Lung Opacity
eec1f97e-431a-4e44-a063-6116afc25838,0,No Lung Opacity / Not Normal
fa8ea2ce-097a-4e42-8f9b-c3d0603484f1,1,Lung Opacity
59a9022f-6582-44ee-89b0-d9ed492424bf,0,No Lung Opacity / Not Normal
a09657a3-bfe4-43f9-823e-52f00d1f8769,0,No Lung Opacity / Not Normal
b8a18a7b-502a-487a-98aa-0edd1c1126cb,1,Lung Opacity
7ae347da-a4b0-4e3c-979e-33a509e40649,0,Normal
7bcc5458-d8c0-41dc-a682-a80c50f8f60a,0,Normal
d54e2889-e703-469a-9bea-dd90c34d38a3,0,No Lung Opacity / Not Normal
b3332044-d191-4d1d-8cca-b11c30c79fa8,1,Lung Opacity
34956207-2ebf-4a47-bc56-faf23701adf2,1,Lung Opacity
e905c9eb-f673-4c09-ab97-cffccdc1fe2b,0,Normal
52b704f8-55a9-46aa-a5ae-f1136cd3bf6d,0,No Lung Opacity / Not Normal
833d97e7-d927-4ff8-b7ff-6a28f629b6a9,1,Lung Opacity
620ef67c-0975-48e0-88cd-170226a62e8b,1,Lung Opacity
64116efc-5d76-4f05-8ff9-e31583c44b43,0,Normal
5e570dd2-9269-44dd-85c7-f94c3d510326,0,No Lung Opacity / Not Normal
cb922a59-f96c-4678-8822-5d9b312c06f8,0,No Lung Opacity / Not Normal
8336247a-99ea-4b37-9658-3deaad4838f3,0,No Lung Opacity / Not Normal
b01ee12f-55ad-4548-84ac-a560a0a429ad,1,Lung Opacity
c424b446-ced5-4ab5-a097-41b6e496146d,1,Lung Opacity
0adec32a-b360-4396-866f-f1abaca047dc,1,Lung Opacity
8201fb03-9949-48ba-aad0-1368c1ee6eca,0,Normal
5dcc8b5a-0c74-4aff-9e53-80b6b0221927,0,No Lung Opacity / Not Normal
26c3d53a-f772-4ad1-96d5-e217ca8c19af,0,No Lung Opacity / Not Normal
096a447e-8908-432b-a713-a51d3cd2ae9e,1,Lung Opacity
ad463d4a-996c-4f96-90ad-1bb3594e5a90,1,Lung Opacity
916a0cd0-d682-43e0-aeb2-8da59c626599,1,Lung Opacity
a3f33843-8dd0-4dbe-bd17-2d6bcb67fe35,0,No Lung Opacity / Not Normal
8fbc3760-fffd-4909-a6a2-95df3f2900c0,0,No Lung Opacity / Not Normal
4f561099-ebc5-4c7e-8e90-8a27785bd52c,0,No Lung Opacity / Not Normal
c386e937-e121-4981-87f1-14afe0315fea,0,Normal
8d5c67de-61a3-49ee-9f57-49e13ed92ed2,1,Lung Opacity
6325a116-aefd-48b2-8ab3-f10f2e24f4b2,0,Normal
354c3756-43ed-4921-adf8-60be49a8b7e8,0,Normal
478b099b-555c-4c82-916a-37389e42c4b1,0,Normal
74480045-29f4-478e-b1c0-322b2f4ccdc2,1,Lung Opacity
36994bd6-13dc-405e-9f98-680a0e5b2eea,1,Lung Opacity
faab1954-075a-473c-acf1-aca1ba777de8,0,No Lung Opacity / Not Normal
abd5dadc-4ac4-414b-bf8a-4d6939b2a526,0,Normal
c040934b-746c-4dc5-946d-d1b2832cf778,1,Lung Opacity
92b6456c-49fb-43ef-b8da-0ae3660f9c09,0,No Lung Opacity / Not Normal
df6fce59-efa3-41a1-bdf7-1ff27cad394f,1,Lung Opacity
fe636998-9cd9-4b7c-af55-7368857485f0,0,No Lung Opacity / Not Normal
72c531c7-1323-413e-ae4a-ee0f5ba791ae,1,Lung Opacity
266afd14-8d94-44b8-951b-9c239ab224a1,0,No Lung Opacity / Not Normal
a2d27e14-d9c0-4596-84d8-c526b0afc9a7,1,Lung Opacity
658f18d3-69ea-4ee6-ace7-d179d441036a,0,Normal
ba0b9822-06eb-4db0-bf37-20d894589ef7,1,Lung Opacity
441b1f5e-3262-4afa-a38c-fb62a96043ca,0,No Lung Opacity / Not Normal
cc118833-83a6-4f8f-ba7a-0e69faaaee72,1,Lung Opacity
69e484ae-9462-4fc5-bae6-3a71ce35fb94,1,Lung Opacity
b54eccc2-5311-401b-b110-7176c67c9428,1,Lung Opacity
ca25855c-546e-4658-aa41-7438615c7554,0,No Lung Opacity / Not Normal
f6e19d24-ce31-4546-8804-b704fff14a45,0,No Lung Opacity / Not Normal
06fc2885-127a-4274-b20c-554d352ea21b,1,Lung Opacity
fcc70304-c7bf-47ce-85cc-0754706b1a91,0,Normal
8d8f6fdd-ea73-42b8-bbda-a9f0bb76bb9e,0,No Lung Opacity / Not Normal
f6514d42-39c3-4816-8c6f-214ca72b4f87,0,No Lung Opacity / Not Normal
c3a56044-440d-4163-a813-3c3f6fd5b68b,1,Lung Opacity
b261b9bd-4ff0-4fb9-a1f4-c7d44a2e45c9,1,Lung Opacity
e7d62adc-e492-475c-9fc9-11cc9b3654da,1,Lung Opacity
8d8d2dd7-b0b0-444f-b4a9-885382c8c668,0,Normal
714f9b26-0dee-401a-9f15-ae432961c820,1,Lung Opacity
d84420c3-ad2e-4308-8686-22cf5035c65a,0,Normal
3d294e57-04ee-4a84-acf5-4974a1be2c5d,1,Lung Opacity
88cc044f-3686-400d-95bc-9246fdffb51e,0,No Lung Opacity / Not Normal
29c8bf9e-f034-4ffd-a8d9-000a48172c42,0,Normal
aea56cac-4a31-44b4-b007-1385775d939d,1,Lung Opacity
8f54480f-6198-4cbf-b839-0dee3af51b7a,0,Normal
9a0c5150-0b78-48d1-8bef-35daf1d683b5,0,No Lung Opacity / Not Normal
803c7f34-9b41-41b2-8cac-1b78147e3c32,1,Lung Opacity
3698b8bd-311e-4784-b9c3-dbe1d5296dc5,1,Lung Opacity
5a038690-0bae-4007-adbe-78d5b9f4eda7,0,Normal
335e5897-5c4c-402c-9390-2bed8d592985,0,No Lung Opacity / Not Normal
697ba0dd-6546-43b5-bfe6-f331fb96e0fe,1,Lung Opacity
777696af-08cf-4f9b-a8be-b9dc685bfa44,1,Lung Opacity
3cb2bebe-0b95-42af-9bfe-72aeff44f745,1,Lung Opacity
3275fe4e-18e7-4fe2-94f9-aa0d725232aa,1,Lung Opacity
9e53a361-9507-4b07-9b3b-56bad312fb6a,1,Lung Opacity
d0c5bb79-5c0e-4b9b-86ae-58d24d259dd5,0,No Lung Opacity / Not Normal
a0cab4f1-4159-44fb-ad3a-20d53762c454,0,No Lung Opacity / Not Normal
2785e983-bdcb-4ece-8dc4-82b14d2d2b85,0,Normal
bb0e4a7c-5f47-4c43-892c-2ab317601edf,1,Lung Opacity
32a5977f-f8ab-41c9-9b51-5387248e4675,1,Lung Opacity
9b2d7e34-af22-45b1-a619-4995b7118919,1,Lung Opacity
33da8f93-c3f9-413c-bc49-2a51f34aded2,1,Lung Opacity
4f74bcc6-ba60-4ce3-bb99-d4c0cf024c4a,0,Normal
3c319790-02cd-44d7-bb91-8e758463ac82,1,Lung Opacity
477b167a-6a23-4fa4-bdd7-ed33c6ea7daa,1,Lung Opacity
be0d1645-263c-4dce-99e9-77f31d6ded61,1,Lung Opacity
34aca5a7-7786-4060-afea-cf31d8fc05d6,1,Lung Opacity
010ccb9f-6d46-4380-af11-84f87397a1b8,1,Lung Opacity
23ca0450-4138-4e7a-9489-0f5b6a91031d,1,Lung Opacity
ef6b5be4-cb59-45da-94c3-9f9e1d4f004c,0,No Lung Opacity / Not Normal
5acc56a4-1b6e-4394-9364-9772047d583f,1,Lung Opacity
c3b9b37a-812c-439e-913f-39e94b8ec870,1,Lung Opacity
b62a6a88-6ad1-43cf-ad59-6d171e89b265,1,Lung Opacity
c573452d-d73c-4fed-9330-771a70194acb,0,No Lung Opacity / Not Normal
faea0fa1-5c99-445c-81fb-e9f5adb417c4,0,No Lung Opacity / Not Normal
25465a29-78c4-44cf-984d-b3b9477f2de2,1,Lung Opacity
6c3c8214-b6cf-4dc8-934a-56e5c7a82072,1,Lung Opacity
878ae8b8-f206-4d82-8099-3a56f89bb9c4,1,Lung Opacity
18aef831-82d6-4847-953e-9c06f1e2f5fe,0,No Lung Opacity / Not Normal
2cd0cbc4-bf35-49de-963e-8ee3fd08ca75,1,Lung Opacity
ab6619ee-546c-4245-be8d-6e0eece3581a,1,Lung Opacity
e13755c6-5d92-460b-acbe-5bafc5d401b0,0,Normal
6ed32587-0518-4b4b-95e6-a4b0651b1a6d,1,Lung Opacity
40eaca23-ac68-4025-98d5-f62100c04350,0,Normal
8626d87e-9618-4c5b-99c6-dade3e55960f,0,No Lung Opacity / Not Normal
67125768-f10b-4605-8e7d-f0202b32df4a,1,Lung Opacity
aefd1f1f-8310-45d2-8d92-5f9a6c3e4756,0,No Lung Opacity / Not Normal
0b92e1e9-78ae-4477-8b7e-f7cac9c79104,0,Normal
ae6974e6-b709-42bb-8076-ab8499929f09,1,Lung Opacity
48defac0-fab6-4c3f-9d1a-0ba441d599ec,1,Lung Opacity
be5d4e59-c207-4359-b7ad-a88fb593f2c7,1,Lung Opacity
5fddbf25-9d69-435f-b803-9222e972e32b,0,Normal
3f283405-31fa-4865-acbc-0be1e297546d,1,Lung Opacity
65262e28-0c9c-4429-beb5-91610049272e,0,No Lung Opacity / Not Normal
c3678e72-ceb4-42d0-8e44-5a4de7ebfccb,1,Lung Opacity
abc5356a-b8b2-4a0b-9dab-14c54efb4f29,1,Lung Opacity
387a5aa5-1494-4955-8c5a-a44ecb695a54,1,Lung Opacity
e4b00406-3cbc-4b70-afaf-9d3d312038bb,0,Normal
276e7c3c-7875-41ce-93e6-0d1834a403a0,1,Lung Opacity
09b0df7c-90bc-499d-a7c7-5474199da4e6,1,Lung Opacity
612c89df-cde3-4bea-9263-8b8b69e98866,0,No Lung Opacity / Not Normal
963b58ae-2175-4aa5-90be-c37d44809c91,1,Lung Opacity
0567d70b-5a94-4363-a162-7207ffaff023,1,Lung Opacity
f137ed32-7a53-4b47-b7dc-a75a20701ca3,1,Lung Opacity
d650a7aa-b41b-4452-ba7e-91a73394997c,0,Normal
9b788ef2-8721-4f1f-9d4d-8a2e0d65cba4,1,Lung Opacity
319a8d01-4507-4882-a8fd-f667073fc847,1,Lung Opacity
b07a3786-2c97-4204-8fa3-4b303d4d655f,1,Lung Opacity
971dde1a-f458-491c-8c1f-6a0221be4c29,0,No Lung Opacity / Not Normal
c252072c-c7c9-40a8-819b-5c7952d10bf2,1,Lung Opacity
d7b458c6-bb21-41de-b180-968824348270,0,No Lung Opacity / Not Normal
6fa64f88-7577-402b-a184-81bd235babfe,0,No Lung Opacity / Not Normal
ec811ac3-19ca-4a43-990b-4e4704a7b649,0,Normal
4566ef68-f103-40b7-bbd2-f5e620191c0d,0,Normal
72e35063-f91d-4110-83e0-07daa736fc7b,1,Lung Opacity
ed37211b-bc6e-41b2-b246-e47707a07687,1,Lung Opacity
92a2d2d4-39d1-4f0b-b5ed-33d26aaeeae0,0,No Lung Opacity / Not Normal
316a6692-4321-44a2-b27f-ad96b2758088,0,Normal
47cb6d42-b61b-4cdc-b865-b26f2196f979,1,Lung Opacity
4f204cb1-cc3e-44fa-921b-317f31b474f1,0,No Lung Opacity / Not Normal
f3b1a1b8-b6d9-4ac7-85ea-41765f99eaf8,1,Lung Opacity
d055f31c-04a0-49ea-b091-56e88b837f97,1,Lung Opacity
8ae596ed-a849-4e0d-acf0-5173e0df0d33,1,Lung Opacity
3d8173bf-b588-42ca-a4a6-35848541f4a4,0,Normal
e368e9ec-8dec-4191-a959-dc1e16b10bb8,0,No Lung Opacity / Not Normal
41966d18-052b-4335-9e27-2a100ef5b4f1,0,No Lung Opacity / Not Normal
d525eafb-8908-45fd-a942-48d07c435487,0,No Lung Opacity / Not Normal
fbbd3b4b-eab1-4bc2-b588-4caf9420d34f,0,Normal
fde83ad1-3d9e-4a66-8f10-bb6ead510d52,1,Lung Opacity
679ac33a-0f94-4043-bf0e-77e552360a22,0,No Lung Opacity / Not Normal
000fe35a-2649-43d4-b027-e67796d412e0,1,Lung Opacity
c2657014-120e-456e-97e5-1adcdb908b73,1,Lung Opacity
d57b47b7-2324-4bdc-a0ee-27ad6925d9e0,1,Lung Opacity
35f287e7-12d7-41f4-a5e9-711086bd031d,1,Lung Opacity
53ad3aee-43ce-48dd-866d-692ef98b0810,0,No Lung Opacity / Not Normal
101921f9-4651-41e1-b7dc-8e0124d5a5d1,0,Normal
736709ff-990d-4ba9-9b21-f9aaf542f5ce,0,No Lung Opacity / Not Normal
b171964f-e911-42a4-a1ec-e57128258011,1,Lung Opacity
4a07a70b-2093-42a7-acd6-a6efe383fbc2,0,No Lung Opacity / Not Normal
12fd0651-0275-4d15-8868-35ba85ea70f0,1,Lung Opacity
769f98fc-59c7-4f3a-af65-80a75b679923,1,Lung Opacity
b50d8c2a-f6aa-407a-9df9-2a52cc027f45,1,Lung Opacity
bf8609b1-a24f-4129-855e-fe3a0862da91,1,Lung Opacity
1cabab6f-b2b8-4780-b6bf-525f2ad15096,1,Lung Opacity
a4caf4f9-cf55-459b-8f8c-2d8f74722748,0,Normal
3c1fdc6b-2e9a-46f7-8dbd-28d4155f9b93,1,Lung Opacity
96544dea-698b-4298-a8a2-b25825b38e5f,0,Normal
0b7eaf33-4282-46fc-8488-b6ef8414fe21,0,No Lung Opacity / Not Normal
c7ccf0d3-c18a-4b89-acdd-9a106d6d882f,1,Lung Opacity
1614564a-fe0d-43dc-87ae-299d859959f6,1,Lung Opacity
cdf1f363-604b-45f1-9fcf-0f2f0c43ff3f,0,Normal
7e81879b-66ca-470a-903d-edce8bc7a218,0,No Lung Opacity / Not Normal
5388cc79-bfa8-4035-b676-f5407859f261,0,Normal
95b8bfc2-07a5-4003-8b64-f62d9f5d7bdc,0,No Lung Opacity / Not Normal
ad310f52-5ed7-46a5-a083-3ffd1bc4bb71,1,Lung Opacity
8a746dc0-cc72-4f17-b0b1-388cecd3022c,1,Lung Opacity
35ea4d86-1da8-4426-be35-c526c5cede93,0,Normal
51e88086-33ab-478c-b215-d198b94c1523,0,No Lung Opacity / Not Normal
97e3d9f2-fa1a-46cc-932c-b96879e199f6,1,Lung Opacity
b5af2b65-8cab-43a3-b2bb-587b3df3045d,1,Lung Opacity
4eea4f08-b720-4148-a091-5f59ffe597e1,0,Normal
e3884258-8083-4b8e-b952-9adc91a7f0f3,1,Lung Opacity
b5fda723-b6c7-4b82-a960-83d3f52f385a,0,Normal
0e4f5b45-1fa4-406b-8ed8-d5ced6374c0d,1,Lung Opacity
5da4ae85-379e-4c15-b67b-340296982a10,1,Lung Opacity
c48ee568-69ac-49f0-92c4-36129b1414b1,1,Lung Opacity
9e250ad1-581b-402a-a7df-dece604e7764,1,Lung Opacity
19add6b5-7856-415a-9a44-e2bfda767339,1,Lung Opacity
e8672361-b2df-4859-9b29-21dc02907d00,0,Normal
32652bc7-21e2-4aa4-ae0c-461950e4c131,1,Lung Opacity
eec6148f-5a8e-48e0-967f-3f59f14c562f,1,Lung Opacity
54be3774-7eb8-484b-8a80-19de091a658b,0,No Lung Opacity / Not Normal
d4a31817-cd95-46ad-b41d-9350faa087c8,1,Lung Opacity
b9fd29b2-1444-49d9-83b9-2716cc2b3e50,1,Lung Opacity
fa8f46e9-4e03-49b8-92c5-3432a300cb7e,1,Lung Opacity
d40d151f-e33e-403d-adb6-edb7f053698e,0,No Lung Opacity / Not Normal
3943f290-7145-4d32-b5a8-9fdbd5a73373,0,No Lung Opacity / Not Normal
c08bb1c2-97a3-4dfc-babd-aae561c3ab68,0,No Lung Opacity / Not Normal
7242e926-d7f8-4b5f-96ec-306a5b393d08,1,Lung Opacity
d55144f1-7b8b-424a-b460-5a7051abd301,1,Lung Opacity
ac10f43e-03b8-43d2-bcae-6fe000542397,1,Lung Opacity
63c84888-7adf-47e0-b34b-1f3da73f1f8f,0,No Lung Opacity / Not Normal
7bd0b304-617b-4ad5-9eaf-47d440a330ab,0,Normal
7c6ddc4e-9859-43a4-bb33-33e9efa42685,1,Lung Opacity
6982a34e-4c06-48f9-90e0-2f86551bd9cd,1,Lung Opacity
4f3a8f89-c1cf-48de-9fcf-f6d6c8650e4b,0,No Lung Opacity / Not Normal
ee0a4995-30a3-4ca4-ab0b-5036a4ac1848,0,No Lung Opacity / Not Normal
4bb260cc-acf9-4392-8091-6affb568b589,0,No Lung Opacity / Not Normal
6099324c-1fef-47a1-9f1b-b2e8f2a110a1,0,No Lung Opacity / Not Normal
b18e4375-e20d-42e9-a545-a62294135c07,1,Lung Opacity
33dea6c5-2f2c-4164-a489-8ae440b921f1,1,Lung Opacity
fafb820f-cd7f-4a19-a24f-f294e69a0f87,1,Lung Opacity
da02461b-1f83-48d2-a1b4-16c83207457c,0,No Lung Opacity / Not Normal
bf0e824a-1729-46a2-b1cb-13eedd6fe3d1,1,Lung Opacity
72012b70-e633-4b7b-aeb2-ec7834d198fc,1,Lung Opacity
03d92597-3e33-4fdf-8db5-a27cf5b8d3eb,1,Lung Opacity
bf10ff6e-fc24-4cfc-9b5f-7a156608dc1a,1,Lung Opacity
783b962a-bda1-4354-87f1-778d60eada16,0,Normal
cce09464-cb24-46c7-9941-b05119e3456b,0,No Lung Opacity / Not Normal
b6adc779-5eb6-4afc-8672-986ba03b0dfc,1,Lung Opacity
c75ada7c-f5f2-4ea0-9876-05d332328e67,1,Lung Opacity
cbdcba9a-c938-4607-990b-1c1e7c705009,0,Normal
949d29ea-c8d1-4627-aa46-65aca7112946,1,Lung Opacity
6e66dd4c-d183-42c7-ad77-32abf6ca9760,1,Lung Opacity
18372cc7-ef38-48c2-83c7-6b9e17ac5797,0,No Lung Opacity / Not Normal
5ce33c89-036e-48dc-b047-59adaaea4f85,0,No Lung Opacity / Not Normal
793b04cc-60bb-4413-a2a7-36c7c56ac05c,1,Lung Opacity
b6f9dbe5-230c-4b07-8080-60fdbfca959f,0,No Lung Opacity / Not Normal
a69636c7-d292-4e42-9114-a5a1c1158086,1,Lung Opacity
b35a97b9-05a2-476e-8edc-356e2b228cde,0,No Lung Opacity / Not Normal
547b1c1c-930b-47b4-ac2c-07f1852acdb1,0,No Lung Opacity / Not Normal
3e4ee273-d5ca-4cf8-a75a-05772e0e12fe,1,Lung Opacity
1d763b86-e7dc-4db1-ae16-601d80d36c5e,1,Lung Opacity
066d9e27-e48f-4453-b1e1-d73c34910722,1,Lung Opacity
b0b3ee88-fc81-4a0a-acdb-d8c030fac137,1,Lung Opacity
e4f05fac-510d-476a-9cc5-26e0fe49955f,0,Normal
3ee3b4b5-b782-4f60-bf1f-b62589e573e8,1,Lung Opacity
1d5fdb0a-0f8d-4972-9630-f36eb12c694b,0,No Lung Opacity / Not Normal
c69f7bdb-52dc-4b81-b04d-2cb955be56d7,0,No Lung Opacity / Not Normal
36b750d4-ac1c-4301-addb-bb00f6edad82,1,Lung Opacity
3a453242-5b12-4bd3-967c-5974d429ac05,1,Lung Opacity
cbece609-fa72-49db-81ba-32d1d7f5c723,0,Normal
7f44bc68-029e-4c1f-ad3a-9c020086afb0,1,Lung Opacity
a9c988f5-86ad-4ee7-80f8-b7a1776b42c9,0,Normal
c348dad9-78cb-4a43-ad55-78352bc49902,0,No Lung Opacity / Not Normal
e1d88bbc-f5b3-4924-b28a-a851a5189580,0,No Lung Opacity / Not Normal
80248444-453e-4765-a2ab-b0838cde292f,0,No Lung Opacity / Not Normal
5aac799a-1787-488b-85ba-90a42a3085a4,0,No Lung Opacity / Not Normal
ab9069f0-1511-414d-b37a-2920517004d4,1,Lung Opacity
83f4781d-6f1b-476b-9916-d23ec415d928,1,Lung Opacity
74340139-eebf-445a-a0a1-2b9101233a3a,1,Lung Opacity
7fd74dfd-e31c-4139-94a4-04d4f51a7098,0,No Lung Opacity / Not Normal
0101174b-6643-4d4e-b4ba-b6d41d0ce46a,1,Lung Opacity
de0753bc-4086-4b85-a0bf-ca66c5832ce3,1,Lung Opacity
0a7b13a9-bcfe-4a99-b699-4c8cf6882f04,0,Normal
08c343b6-9dc4-405b-87b3-b6534abcb990,1,Lung Opacity
327684d0-5fb9-405d-826f-5c8954cea401,1,Lung Opacity
9eb93611-08de-4ae9-a44d-4d86dd123013,0,Normal
3df3ed06-02ba-49b0-9c46-d146e71cad5d,1,Lung Opacity
4ecd54ea-056c-4c06-b23a-1c0ef3cd07c7,0,No Lung Opacity / Not Normal
98325e35-8c87-418b-a7c3-81b1180e85ea,1,Lung Opacity
b270a010-9969-43bd-ae89-2a3c3f7b0d21,0,Normal
c321b4b1-4ed5-4469-bf78-c4c783e516c3,1,Lung Opacity
4388adcf-881c-4b32-8837-c8c472fe86cf,0,No Lung Opacity / Not Normal
00c0b293-48e7-4e16-ac76-9269ba535a62,1,Lung Opacity
a0ede0ae-79db-49bc-a2c8-033144bd6b6c,0,No Lung Opacity / Not Normal
56e5c4ab-c5e3-4958-8641-3d107263ad64,0,No Lung Opacity / Not Normal
6e79d058-f131-42b2-8968-0a4665d71be5,1,Lung Opacity
7b3dd88b-8762-47fc-be53-9a835e59db8b,0,Normal
a93def1b-0944-4a6d-b49a-cfff8dca694b,1,Lung Opacity
8b59638e-0f63-4999-831e-2f73b51a0407,1,Lung Opacity
bf9b012d-915c-4026-b989-c05312833b38,1,Lung Opacity
d64913fa-c9ba-4ee4-9613-8c991fd3afea,1,Lung Opacity
cfabb2f2-7237-4fa0-a5d6-0b152556ec8c,0,No Lung Opacity / Not Normal
3d04aef0-2bb8-4de2-a871-4c814bca5d9b,1,Lung Opacity
8ec959f3-27f9-43dc-98d0-dfa7ddf7d9e9,1,Lung Opacity
a4b25feb-c992-4481-b31e-6367c3dbabb2,0,No Lung Opacity / Not Normal
92ea4f27-4efc-421e-b3d2-0fac298fc5f6,0,No Lung Opacity / Not Normal
545ffe8b-d4c1-4545-bd2c-4b9114c31dcb,0,Normal
b30acc47-d394-4a42-aeaf-17527f15dd62,1,Lung Opacity
111c91e5-d8e8-4766-ac1c-04256d494b73,0,No Lung Opacity / Not Normal
d561ede1-9992-4d20-a935-53a32a8c05d1,1,Lung Opacity
389667d4-723e-4d59-9647-668106c276cc,1,Lung Opacity
6b046125-28d7-4b79-8db4-8b0dc38e53a0,0,No Lung Opacity / Not Normal
170a883f-c2ec-489e-8718-729060379eef,0,Normal
0918aae8-b873-4510-b975-c6e87df90f58,1,Lung Opacity
93a95c68-c487-4e09-89e2-6e3849e44886,1,Lung Opacity
3c4a89ed-4338-4410-8848-a0bf226f6e21,1,Lung Opacity
3416e4ff-a8a4-4822-85ab-2e7e066457ba,1,Lung Opacity
4cf194e3-ecb0-4c5e-b2e2-fe2af5469937,0,Normal
95af921c-0520-4edf-ac33-b48fe42bb6ac,0,Normal
08ac2f29-e8b4-484e-9394-806ef7bee8ea,0,No Lung Opacity / Not Normal
9e12645e-b4b3-44c5-907a-d61537942c66,0,No Lung Opacity / Not Normal
8319b3fd-05df-417c-91ee-f7156747da6f,0,Normal
b3bd974d-ec10-45e4-a9b0-0c72cb969f7e,0,No Lung Opacity / Not Normal
80a1f177-3418-488d-860c-8a5a760cd5e2,0,No Lung Opacity / Not Normal
c8e575e9-626d-498d-aa11-748d650d7e0c,0,No Lung Opacity / Not Normal
9f130cae-9c08-4321-9678-349d21d14329,0,Normal
17a5ce04-809a-42ed-9e58-100cfb33de7a,1,Lung Opacity
edbd3817-8c86-4612-9bf3-fa5cb20bfe80,0,No Lung Opacity / Not Normal
bf6f4dc7-2627-4494-95dc-bbe75807e518,0,No Lung Opacity / Not Normal
3f58a6ba-859f-419b-aac6-dac93fe7b476,0,Normal
e34d7df2-2063-4d6d-911f-5b86499a4859,0,No Lung Opacity / Not Normal
b6276787-bf66-4151-9f7a-b3d7fdf5ae30,1,Lung Opacity
9ed655dd-cc93-4bde-be51-804bac051f25,1,Lung Opacity
36042724-581b-4459-a45a-603beec0bdf2,1,Lung Opacity
a2125c20-d6da-428f-8b08-ed473861107c,0,No Lung Opacity / Not Normal
59a85e75-e2d3-4840-86f8-9573bc8499bc,0,No Lung Opacity / Not Normal
a7a4389b-29dd-409d-82b7-edf2633032a8,1,Lung Opacity
26ace3f3-c994-45a2-af73-d132ed374e77,0,Normal
6994fbce-49a6-4a03-9acb-bfb97be75106,0,Normal
e9194aa8-56de-4b89-8f4e-91e58973ef50,0,No Lung Opacity / Not Normal
b8131ece-c783-4814-9ce7-c0edfc2c9c64,1,Lung Opacity
2809dd67-ff4a-4508-9e50-54c6f060535f,0,No Lung Opacity / Not Normal
bf1da0dc-850f-47e9-aad9-a5a94d6e67bd,1,Lung Opacity
ba06c828-df8c-4c6f-a869-b3ea7d1991cd,1,Lung Opacity
a2a093bc-6179-4a31-bcbb-645d2f136a80,1,Lung Opacity
e1d8cc12-d372-48f2-9126-74660809eccf,1,Lung Opacity
1bf08f3b-a273-4f51-bafa-b55ada2c23b5,1,Lung Opacity
f11868ae-33fe-4ce8-86f7-d94400698459,0,No Lung Opacity / Not Normal
adf5f84f-432e-4b58-bbc2-6121f9119dd9,1,Lung Opacity
ff28b84f-2f94-4614-893d-08300c32ac88,0,Normal
d9fc48eb-9f51-4a78-b132-3532f4aa05f7,1,Lung Opacity
d61c2dad-6c7e-4247-b984-66efbc79d23d,1,Lung Opacity
8944679f-3dd1-4a34-95d5-322efd9c0764,1,Lung Opacity
2802fe49-28e4-439c-8198-7c1d9703b876,0,Normal
6c53a195-c8ca-438e-a409-492eb91e3c96,0,No Lung Opacity / Not Normal
10e2a82e-57bd-480e-9b69-e4ec1565b0ab,0,Normal
ad233e1a-853b-4ad8-951f-a756c3cf2d53,1,Lung Opacity
a4b76563-3e26-44c8-a448-9c5de628bf96,0,No Lung Opacity / Not Normal
ebd9a666-b3ff-407c-9d50-9af3a285304f,1,Lung Opacity
85a40af4-f5e5-4fae-8260-6c6031a73e0b,1,Lung Opacity
44a23bfa-5c34-4919-9b41-a31f1ff4fcf8,1,Lung Opacity
98b74eb1-7a17-4c4f-ab85-a93ac598c1c1,1,Lung Opacity
07332989-6518-4bd9-96de-f4513948cf4a,1,Lung Opacity
8445fce3-aa62-44de-aba5-3750dd837d8b,1,Lung Opacity
6b4bdb62-26f2-49c3-8177-7b9081b007df,0,Normal
e230bc06-3a33-49e3-955c-93eac7bf1847,0,No Lung Opacity / Not Normal
bcff3700-de7c-42c2-be5d-1c95d008966a,1,Lung Opacity
edfab0d2-53e7-4124-846b-ab531dd2ce80,1,Lung Opacity
a37a99cb-7e48-48e4-a7f9-7740ba109954,1,Lung Opacity
1748e4e2-5c73-4794-81fe-2c5fe4af8cdd,1,Lung Opacity
35a60fb3-459a-43a6-9c1f-066578ca5d63,1,Lung Opacity
84b0f6d4-30e5-4124-8d7d-5f747e2368bf,1,Lung Opacity
b7fecc2a-df32-457b-bfa7-141769dd48e7,1,Lung Opacity
705e295a-8832-4e26-bc45-0a35a14d1cd8,0,No Lung Opacity / Not Normal
5d000d56-edc8-4f5c-a719-2233b722e005,0,No Lung Opacity / Not Normal
7a443f19-987a-4fff-a41a-65b9114fe53e,0,Normal
3bd6f6e0-c07a-4c22-87e7-53d60de9ad0e,1,Lung Opacity
6b98cb48-d6f6-4854-921f-1be1a3b85401,0,Normal
bb1715b5-51ff-487d-ba71-669de8e74652,1,Lung Opacity
b544bbb2-35d1-44a9-88a6-431aa0fe72ad,1,Lung Opacity
5a17c6cf-5a46-4fb6-906c-4ac89f532fa5,0,No Lung Opacity / Not Normal
c490db79-e265-4196-9b80-f69278d197bc,0,No Lung Opacity / Not Normal
1574002d-50dc-4515-ad32-310e465592f8,0,No Lung Opacity / Not Normal
ece9ecd0-64b4-4672-b0af-96d0a147b3cd,0,No Lung Opacity / Not Normal
05ee72bf-6d12-4ac5-a47e-f43a7ea52a40,0,Normal
04c08d05-e5f7-4de3-b0b3-d39b3bb9d113,1,Lung Opacity
e62248f7-b69b-4ae9-830e-57fe279af4b1,0,No Lung Opacity / Not Normal
775cfd2b-66a5-46ef-8531-c554744b634e,1,Lung Opacity
bd481142-efa3-4fc6-8bfb-5dbd7c62eaa4,0,Normal
0bc32046-7369-4a87-b9d0-582526356cbf,0,Normal
1a42aa5f-54c6-4ada-b381-cdf65cfc69b1,1,Lung Opacity
56fa101d-83d1-4e8b-8e16-dcb0cf350b2d,0,No Lung Opacity / Not Normal
45ff2209-38da-4bb4-92dd-4898d20530f9,0,No Lung Opacity / Not Normal
ea616acd-1b00-4342-94c5-7ad631ae9016,0,No Lung Opacity / Not Normal
ab83e64b-4204-405f-a77c-02f4fa01c6e6,1,Lung Opacity
666a7b13-452f-4c63-9713-cb80e2a183ee,0,No Lung Opacity / Not Normal
9a941e8d-d526-42b2-9322-cef1e02bba21,1,Lung Opacity
cfd39af7-db94-4619-8fcb-9a8a54464339,0,No Lung Opacity / Not Normal
56f6248b-1032-4ab7-a1fc-26ff44a0c483,0,No Lung Opacity / Not Normal
7aed49ca-14a9-4b99-bd47-6b9aadcc799a,0,No Lung Opacity / Not Normal
7ce33a96-4486-449a-bbe6-cd87a0ba9e98,0,No Lung Opacity / Not Normal
6e359606-dc03-4d0b-b836-b88f4f32a9bf,0,No Lung Opacity / Not Normal
4bf59f74-040e-470f-a269-2b37e54a79c7,0,No Lung Opacity / Not Normal
5b87ecdd-73ea-4dea-887c-85a52c6d2f9f,1,Lung Opacity
74f69a44-9224-4c14-a6a4-cffef6d1a757,0,No Lung Opacity / Not Normal
aadc5c44-f71c-4975-8946-d5e8b484441a,1,Lung Opacity
579dd9ab-05cb-44b0-9cb2-05f6ca01fe0a,0,No Lung Opacity / Not Normal
f02e36df-ac4d-43f1-8001-3e0494145b0a,1,Lung Opacity
b20f3c7f-0af4-4a22-901a-32584fbeea28,1,Lung Opacity
03f8bb03-eb04-4365-ac4d-d63d2b5d49cc,1,Lung Opacity
84fbfb70-4133-44c7-9c1d-67fc20d011df,0,Normal
d7e71ba0-e8d1-48ad-883d-fa7c869dad53,0,No Lung Opacity / Not Normal
5ef82d3e-536f-4334-b0e3-81c03520ec1b,0,No Lung Opacity / Not Normal
a8916a85-c5fe-4531-ba39-0bc117686fb7,0,Normal
e5cf3d27-7462-434f-b6b5-8234bd2198ed,0,Normal
8e287c3f-3484-4a12-a58d-ac4a4c077bae,0,Normal
97f5f8ec-93e5-4101-af3d-62371a049e62,0,No Lung Opacity / Not Normal
307e9bfc-29b2-4d3a-9a39-2ac51d7b13f6,1,Lung Opacity
8a72ad25-c50c-421b-bc5a-19b0357fb006,1,Lung Opacity
b2af5b13-e46d-48f6-b625-83e0f54e508a,0,Normal
7b3a085b-9c19-450b-8223-f6667774817d,0,No Lung Opacity / Not Normal
0adcbadd-6b95-4692-bdfb-6a03d51af237,1,Lung Opacity
7d11c6df-ddcc-4a87-b534-e627c5670702,0,Normal
659b4b06-6273-4efb-85fb-93e014d1ca2f,0,No Lung Opacity / Not Normal
f3dad065-7251-4b2f-baca-12161e6e40a4,0,No Lung Opacity / Not Normal
66c7dfee-7368-4926-944c-65e52a372f48,0,No Lung Opacity / Not Normal
5a012222-e16b-402f-b759-efc86fb7c6ef,0,No Lung Opacity / Not Normal
35062e5b-b6ef-447d-8c60-f8673b9168df,1,Lung Opacity
90ea89b5-c9a8-4147-8882-70e8e656b888,1,Lung Opacity
4317ccf9-7a79-4ba2-b215-7a7a1d2a3677,0,No Lung Opacity / Not Normal
36cf3250-2ea6-4ef9-8143-c1bbafe83475,1,Lung Opacity
4f065985-d53a-496f-809a-deb7b4253a7e,0,No Lung Opacity / Not Normal
c34ea5d9-c6ef-43bc-8df1-30918c113d99,0,Normal
98ba42a5-8d3b-429c-8b79-5804271519d1,0,No Lung Opacity / Not Normal
098906c5-cf22-43d3-9f0d-90e88e602090,1,Lung Opacity
d25064e1-6b63-4253-ab14-10137214e47e,0,No Lung Opacity / Not Normal
4d43c0dd-d87b-4ccf-83df-c82be5ea2aef,1,Lung Opacity
529e2bee-075d-44c3-b82b-e51bf1b3990d,0,Normal
a14ac79f-dbcc-41aa-98fc-3f1440891839,1,Lung Opacity
39b07dec-5e0d-4fa1-81d2-d8e641f756c8,0,No Lung Opacity / Not Normal
8ac92a3d-6fe9-45d6-ba9b-a860abe38f83,0,Normal
e15ecf55-b05a-4f6f-bb25-d51d4a438963,1,Lung Opacity
18229219-aeb9-4687-ad23-29bed791d76e,1,Lung Opacity
43cb7923-308e-494a-bd52-669d816d46df,0,Normal
ac9a1d53-16e9-418e-b6ad-ce4f7caf9258,0,Normal
a0c6c07c-17b8-4d76-9c54-e88deb2b5039,1,Lung Opacity
a867e456-d903-4beb-ab77-dff28e2ddfc2,1,Lung Opacity
6d7eeaa9-f060-4fc2-ae1d-f4dd1476fee9,0,Normal
505ab47d-f99e-458a-9ba0-fc4fecd76760,0,Normal
3482d22d-9a14-4b38-b28b-6f7b93a78e43,1,Lung Opacity
4b9e0755-9459-417d-b06a-91edef552f06,0,Normal
6fe4d086-05ee-4b7c-887b-58954b0c5e6d,1,Lung Opacity
8489c930-19a8-4895-9211-4efd3d38ae58,1,Lung Opacity
d21e3291-a64b-405c-8a71-8fae7041b138,1,Lung Opacity
c033f66d-900e-4ba3-8da4-a6823ea89d09,1,Lung Opacity
fbcf6bcb-5154-445e-93a6-66e7f72af9bb,0,No Lung Opacity / Not Normal
93351a14-30a7-494c-a02b-7f2d72c724c8,1,Lung Opacity
d703f118-7133-48d1-91ff-56fcd50d6d9a,0,Normal
c574be57-1288-4b87-940f-5c45be1fddce,0,No Lung Opacity / Not Normal
77330132-9746-4715-936e-301a8da7d42b,0,No Lung Opacity / Not Normal
3c4ab309-7722-4a52-a340-868b0417a0cc,1,Lung Opacity
7145fbf3-42b0-4611-a670-c207b9042a67,0,No Lung Opacity / Not Normal
c6ee50ed-9f36-4aa0-8737-d4618f5a689c,0,No Lung Opacity / Not Normal
c9795d1e-7741-41e3-bd5e-98ab4fe66a2d,0,Normal
c3a5e685-166b-4f22-b9bb-151a0040e0ee,1,Lung Opacity
8bcbe2a3-800a-47b0-8a2c-279c56eaf372,0,No Lung Opacity / Not Normal
17551520-eef9-476d-bdcd-9556dca30e14,1,Lung Opacity
31f1be65-da88-4ec2-8c2c-90fabc73c01e,1,Lung Opacity
898a130e-8636-4cd0-bd10-12528871dfd5,0,Normal
b32508d0-975d-4b74-8233-174fef34684c,1,Lung Opacity
6d0b86ac-4d99-4a45-8558-20de59ad39b0,1,Lung Opacity
400f9de2-ee62-4c18-8d8b-7c122b688ecf,1,Lung Opacity
4b9908cd-9433-431c-9626-7e7590ff5978,1,Lung Opacity
b6ab1a11-6558-4f76-bed2-3b169f820be9,1,Lung Opacity
831259b0-87f1-41d2-8968-d8a57914eb3b,1,Lung Opacity
a18358dc-b553-4fbd-bff4-33888b734eac,0,No Lung Opacity / Not Normal
d759f178-2451-47bc-80c0-2efe67588693,1,Lung Opacity
e0532207-59b3-4386-b98d-144fc5b757e2,0,Normal
cf419e9d-fc26-47d7-a05a-7d8444846724,0,Normal
cc99e584-342e-492c-b4f0-1367ee3c0991,0,Normal
bc98df56-4ee4-48a7-b8ad-d54f814cc806,1,Lung Opacity
8dd9cf58-1874-4592-b5aa-f5fd962337fd,1,Lung Opacity
ed5ddfad-977d-4b5c-9584-ba676b156f2e,1,Lung Opacity
66fbe46c-488b-4571-9c74-ee8742f09ccb,1,Lung Opacity
b2753475-d0b2-4dde-8a7b-311e1db27397,1,Lung Opacity
3bc84e99-82ac-4945-8d31-0bc0cffe91ef,1,Lung Opacity
34e19eb5-78d1-42b9-bc47-b043d97feefb,1,Lung Opacity
b21ec09c-a75a-415a-a32a-a825fecdcaed,0,Normal
d373b335-d9d9-4594-b97e-03ec9aa8daa2,1,Lung Opacity
988a4bbd-3a14-4b4b-b846-6729e35fcd91,1,Lung Opacity
bc01023b-a656-4ee6-87fe-90382e7af127,1,Lung Opacity
cf0ecebc-c372-4379-8822-0dc1169c5a1b,0,No Lung Opacity / Not Normal
cef1eade-a017-45f5-8a8b-947c5830631f,0,Normal
dd7450aa-b820-4539-9c8e-72f4f6878ff6,0,No Lung Opacity / Not Normal
b272b6cd-34fa-48a6-96f5-d9123499c120,0,No Lung Opacity / Not Normal
b02feb41-867a-45b8-a15c-526019267e0e,0,No Lung Opacity / Not Normal
f78c5367-68ae-409b-b1e2-1c8fdb24ff96,0,Normal
19b43d5f-840f-4eb7-b34d-e36868ee7af8,1,Lung Opacity
fb7e354c-d3d5-40c4-84ec-127621a5d38f,0,No Lung Opacity / Not Normal
fbff894b-316c-495e-9bba-e6f6228af214,0,Normal
98b52fd3-0c75-4302-b759-c731b7ca938c,0,Normal
d3b473a8-9135-40c6-82f9-e909e0b47358,0,No Lung Opacity / Not Normal
2b885980-3f3c-452f-9ca6-af215dbfe61c,1,Lung Opacity
fbe58065-a841-4d40-84c3-76e932562beb,0,No Lung Opacity / Not Normal
0a19fb3c-36ef-401b-9deb-77f4f86d5d80,0,No Lung Opacity / Not Normal
79255e97-c107-47ee-918c-6eba3081f3bc,1,Lung Opacity
94cfda4f-e0b9-40cb-b489-2630f6ed45f2,0,Normal
c322bad3-84f7-4cd0-ad65-7ea7874196bb,0,Normal
32ec2e2d-9efb-4510-a7c1-14a007336a68,1,Lung Opacity
a02c7ae4-7571-4ae8-ae35-5e4121ebd250,1,Lung Opacity
3975a050-fbfd-4783-baab-0fe9d9a1022c,0,No Lung Opacity / Not Normal
b532569f-be57-44a1-8452-83aa0bf278d1,1,Lung Opacity
bf3d9218-58b3-4a3b-b68f-54b16f3570d7,1,Lung Opacity
e5274cde-aaaa-4851-b306-a9293e8222ec,1,Lung Opacity
5e32bc94-2e3e-4774-8823-a199e26b024a,1,Lung Opacity
1dad3414-88c9-4c56-af5d-3a1488af452c,1,Lung Opacity
6000d1b8-1733-4617-93e3-b6a633ea0fce,0,Normal
bda64685-d0c5-4f57-920b-4fa3eaa9bc6b,1,Lung Opacity
69b99b7a-439a-4813-97c9-58b48f7ff969,1,Lung Opacity
caf872b0-122f-40a7-81f2-559b21d3b6be,0,Normal
bbdf6d54-a58a-40f7-b7fa-8f3eaf22e414,1,Lung Opacity
a0923c73-57fa-4fcf-8284-5c77abafb036,0,No Lung Opacity / Not Normal
1a63ca9b-22c9-4856-960f-7cdca38bdfd9,0,No Lung Opacity / Not Normal
ecb5a45c-314e-478f-946f-ac620738c00b,1,Lung Opacity
9e692a52-ea3b-4e7a-9c74-c66cadfafaf7,0,No Lung Opacity / Not Normal
ba1649bf-15b7-46ba-b841-7aeb71f9e4c6,1,Lung Opacity
8a4673b4-243c-432d-b2d6-fbc7500c2cd9,1,Lung Opacity
ae794223-db3f-4b8d-a307-a5cb1ac5eb57,1,Lung Opacity
5065efd1-6ffd-4c35-9833-53f7885c3808,1,Lung Opacity
69d3296d-5f6c-4c4c-8fbf-d804e2389aca,0,No Lung Opacity / Not Normal
d9e9d65f-dd61-4e76-aec0-0cc27e5c583e,0,Normal
ffa424d2-6e6b-4eed-93ab-7551e8941215,1,Lung Opacity
7ba1d5c0-f020-4c37-ba00-f1d308278c97,0,No Lung Opacity / Not Normal
ad79750b-c1c1-4fa7-8e9a-4071c4926922,0,No Lung Opacity / Not Normal
008c19e8-a820-403a-930a-bc74a4053664,0,No Lung Opacity / Not Normal
11827075-47dd-4f3c-a7b5-aae992cce35b,1,Lung Opacity
fb06bc98-4c80-4b67-94d2-b9e20e168f3c,1,Lung Opacity
a9633eb6-7d7f-4d23-96af-4387fd2a8acf,0,Normal
528c2d6b-bdd6-4c42-b100-4d0c30de0125,0,Normal
8040fc72-5691-4e60-b7dd-743953b31266,0,No Lung Opacity / Not Normal
8bcaf61e-7a7b-477e-9618-02c434998ffd,1,Lung Opacity
e2fbe7af-e71f-40e5-9cf1-2c41caea4527,1,Lung Opacity
a909232c-b630-4197-8a2e-824202e29f84,0,No Lung Opacity / Not Normal
4d8b457d-d0f3-4213-80ab-fdf8f6161b5e,0,No Lung Opacity / Not Normal
bac7d309-34ab-4eb8-86a0-ccb02fb03fdc,0,Normal
7af7b0e6-020f-4e28-a3cb-a77aa0ec5b3b,0,No Lung Opacity / Not Normal
8e4e52f9-8212-4a0a-bafa-85cdf3859e5f,1,Lung Opacity
723c952a-b50a-42e1-a0d6-5d177bc635d2,1,Lung Opacity
38e001a1-f518-4dc3-bdf7-b568ba90f512,1,Lung Opacity
98cd0b89-202e-4b22-83e3-ea843488ea6c,1,Lung Opacity
46c48199-1dcc-469c-ba56-f7a741dbfc50,1,Lung Opacity
bc54c1d6-8a51-4bae-adaf-d2b7ec7c4323,1,Lung Opacity
f49074c2-e73d-4884-804e-a2caab37bcf9,1,Lung Opacity
980c366b-becd-4652-8934-682a2961081f,1,Lung Opacity
78440075-3cf6-4504-8c4d-e4987839a192,0,No Lung Opacity / Not Normal
fe7d3f17-c8e8-47ea-82ef-55db9d285a96,0,No Lung Opacity / Not Normal
e2f36744-02d9-4b88-9071-14073c6d4cad,0,No Lung Opacity / Not Normal
47bff3a6-24eb-4dbc-8985-a9bda8fc4325,0,Normal
d8ebd2aa-c8b9-44cb-bb8e-32e03b355c55,0,Normal
84c3c816-eb8b-4a44-ae5f-e589011ae9fc,0,Normal
b8328cd5-8b9d-4834-aa79-053be9640655,1,Lung Opacity
0232c2b8-f7ac-4f42-84be-510ccb7cf351,1,Lung Opacity
86a95eba-c600-4016-8e14-febf0dff0653,0,Normal
e7ece924-978e-4d9b-aa51-880dbe26f155,0,No Lung Opacity / Not Normal
a0da1dd1-c5a6-4664-8aa8-43f7a7726d17,0,Normal
d84a14db-b31a-45f6-83de-5323036f823c,1,Lung Opacity
b6e488a3-8ae5-4b90-82d7-2679cdffa4b0,1,Lung Opacity
e6644a82-f09b-457b-9546-790e8755741c,0,No Lung Opacity / Not Normal
208d539f-c428-44f0-8ba3-31287b6ceee8,0,No Lung Opacity / Not Normal
02363fdb-4cd0-4631-b3d8-7a10fddffa28,1,Lung Opacity
32f2b5b8-fb22-4fb1-bfcc-692dd530f917,0,No Lung Opacity / Not Normal
c30dc668-2110-4948-8b5c-ccf2af187953,1,Lung Opacity
3fad6559-5289-4da1-a682-df0c97a08e38,1,Lung Opacity
ab559a68-0d0c-43db-beb3-bd3885b787a1,0,Normal
cab1fcd3-7e67-4928-8612-80bae540ca2c,0,No Lung Opacity / Not Normal
fc3759df-79a4-41f1-a461-a2d12f09f489,1,Lung Opacity
53e69b04-f8ec-467c-911d-a039065ec631,1,Lung Opacity
f4e98c8f-b5f6-4e9d-9f9f-1d4694cad954,0,Normal
418285cc-41b8-4586-bc37-5bcd1ee4bb9f,0,Normal
953f8c8a-570a-4c40-b24c-cd919ae1c7f1,0,No Lung Opacity / Not Normal
46e3db27-f943-4322-b7df-c960c6f0e915,1,Lung Opacity
ac81e9b6-5789-4797-ad85-510186cdd4a9,1,Lung Opacity
e91e25fc-508c-4a50-b16c-7e5eb2481a93,0,No Lung Opacity / Not Normal
188650a9-7822-46d1-8aae-30532dc588b8,0,No Lung Opacity / Not Normal
b80fb390-c695-422e-84b0-db7701adcf62,0,No Lung Opacity / Not Normal
8b905c1d-6d77-4502-8ccd-e3b23c313610,1,Lung Opacity
f205733b-e90d-432e-a318-186294f2a9a3,0,No Lung Opacity / Not Normal
911a46a2-4371-4012-9f0c-c3b2b323c4fd,1,Lung Opacity
6cff6985-5a24-4200-9b20-972711044b82,0,No Lung Opacity / Not Normal
69a9b1fd-3ad7-4bb2-b6a3-7540fdc34b96,0,Normal
c203f4e6-0963-4543-a34c-48b9d62b3e27,1,Lung Opacity
bd912d93-28c5-47df-8971-8ca9bbc1feb9,1,Lung Opacity
0a628951-4482-4d01-a09a-9e590b886cf2,0,Normal
5735ead4-b24d-411d-8151-e3bf27f8f0a5,1,Lung Opacity
d2e6461c-fac8-4a66-9819-5a21f4dcbbe3,0,Normal
3ebe379f-90fc-44a7-9602-71c5abfdd50a,1,Lung Opacity
965920f8-5b1d-44e5-80dd-bf054f53ba8e,0,No Lung Opacity / Not Normal
9d1b38c9-02f5-4fc5-89f9-69ae77dc15ba,0,No Lung Opacity / Not Normal
726bccda-f651-4daa-a681-4307ae71d809,0,Normal
14d6f9e0-b838-4b0c-a3ae-0d0dda560225,0,No Lung Opacity / Not Normal
97b01ec0-6e26-4e8d-a486-7a078d44b42d,1,Lung Opacity
c993e08f-b497-4f6f-936e-0a44a834d24f,1,Lung Opacity
329c254a-e6bc-44cf-bc09-365d5d43f4df,1,Lung Opacity
7b99d96b-400d-412e-ae79-bd7522597280,0,No Lung Opacity / Not Normal
8eee2836-b938-4953-b394-99facc3f78e1,1,Lung Opacity
afe97534-ccce-48dc-8a82-9aec20306503,0,No Lung Opacity / Not Normal
ce6517d2-cba5-4e79-936d-1d8bff1559fe,0,Normal
ebff87ba-651f-4e06-999a-db31cf5181b8,0,Normal
aa83f3e7-4711-40ec-934a-6ea66add2196,0,Normal
cb601b71-9d46-4db3-8b4d-061874787669,1,Lung Opacity
02ea6b76-4189-47c5-a8bf-70590f84ebd8,1,Lung Opacity
471b74c7-0413-40e4-b683-d552d8c10e1b,0,No Lung Opacity / Not Normal
4b2ef475-9226-4c26-b377-fa776c6a4806,0,No Lung Opacity / Not Normal
5258e07a-292d-495a-8c66-8cbc9221ec14,0,No Lung Opacity / Not Normal
978fb66b-ba13-441b-998e-d598c0e0f674,0,Normal
374b2ddb-10f8-4fb7-a745-3ecf886af10c,1,Lung Opacity
7999e55b-1fac-4460-b340-2a3003772cf5,1,Lung Opacity
659871c4-2d2f-4a18-8290-9a13da8c3f19,0,No Lung Opacity / Not Normal
cce239f1-b520-4be0-9d36-7876516b3698,0,No Lung Opacity / Not Normal
84fb9389-5b59-4db4-811c-7345c8bcd579,1,Lung Opacity
12b4c5bc-48cb-4010-9b2e-eeb8b0d5cc8e,1,Lung Opacity
6ddd799b-730d-4f5a-80cd-8a37ce96fa86,0,No Lung Opacity / Not Normal
dc1176ec-163a-47e7-849b-f3eabbeab63b,0,Normal
b47eb868-a03a-48d2-91ad-ba8112b7015c,1,Lung Opacity
3460d66e-b863-4d11-8d55-14b559ec1588,1,Lung Opacity
f2a78be0-4397-4b01-8357-c2596406edd1,1,Lung Opacity
55754887-a552-47dd-a5c6-2d069da40136,1,Lung Opacity
71a96026-101c-4da6-a576-60cd288b9733,1,Lung Opacity
64ee25da-af6c-4f39-8432-20a6bfb82568,0,Normal
ff87b50b-d50f-4e39-82bb-325d51927ff5,0,No Lung Opacity / Not Normal
eb91a618-122c-4de4-88ab-eb534c3ef4c5,1,Lung Opacity
34873b9f-5305-404e-b7f7-5105feede48a,1,Lung Opacity
2fa75092-e364-4326-b5b0-f1d61df464c8,1,Lung Opacity
9580ee59-d186-42c3-b39a-1c0dfe3523aa,0,Normal
d9e3c41b-1521-489e-ad05-9da8dcbfcdee,0,Normal
822723b2-1db3-4f0d-a869-004a14a7bcdb,1,Lung Opacity
f6168c78-b028-4144-8451-f45a7cd1977a,0,No Lung Opacity / Not Normal
64d4a708-eb80-4609-bcf8-38201b602e6a,0,No Lung Opacity / Not Normal
7eb72f0e-3bc6-41f8-93af-58c99d6c25ae,0,No Lung Opacity / Not Normal
fcd27c75-8d7b-4235-8efc-048a49b38030,0,No Lung Opacity / Not Normal
d15fd998-0f0f-44cb-850e-ead59d46a231,0,Normal
737030d6-07d1-43de-9e11-82b31accd240,1,Lung Opacity
304e4772-d780-4620-9450-27c7a5b0ad29,0,No Lung Opacity / Not Normal
d29caa55-2027-4078-8d93-c6aaa25f7044,1,Lung Opacity
9709cc26-3db4-4fc4-a026-2deb53cc5bda,0,Normal
e18c7203-a029-4cf4-8151-2bc2460c390c,1,Lung Opacity
6cba9620-0510-452f-bf0e-59b5bb1b7815,0,No Lung Opacity / Not Normal
7c545810-e2b5-4849-a2ff-893075f28192,1,Lung Opacity
8398c537-9abe-40e2-8d14-551ff9f7587b,0,Normal
3488f56d-1c15-45f2-ad45-ee5b11196442,1,Lung Opacity
c3768927-0d7e-4624-bf5a-3eea2011a5c1,1,Lung Opacity
16100182-5312-47a2-bd58-4d2d52abcc49,0,No Lung Opacity / Not Normal
80347211-715a-476b-a5c1-4bfe58046292,0,No Lung Opacity / Not Normal
acc17db4-7fc3-4657-a8c1-0555bcbeba48,1,Lung Opacity
f0c1a0e1-490e-4ff8-88bb-c71390728cc8,0,Normal
d173cb76-6a90-471e-bb22-dbe16573ce6c,1,Lung Opacity
0d9b1901-494b-4b0a-a0a4-8f67273c56a7,1,Lung Opacity
8d4da897-7d1c-4d08-a5f4-f99092face76,1,Lung Opacity
893b6861-0bfc-4e9f-94d4-3a967dda4223,1,Lung Opacity
f9a883de-5326-44c8-8fe2-487f199887d4,0,Normal
f2503512-a6c5-4bb6-b6d0-f5af47fed61d,0,No Lung Opacity / Not Normal
dad07c65-2ba6-4717-bf2a-404fd777d962,0,No Lung Opacity / Not Normal
bc92c935-81cf-4e5b-8edc-381c0327072b,1,Lung Opacity
a2572ca9-37e1-4558-b260-17a877ce78e5,0,Normal
50e589e1-e878-4994-b29f-ce9d731ac2db,1,Lung Opacity
9b215f1b-5061-457f-acad-471ca01f774c,1,Lung Opacity
c2565641-00af-46a3-8328-4d9c8f319446,1,Lung Opacity
bac6c0e9-9e87-4d76-92a6-e9b0b11983e9,1,Lung Opacity
e5bdffbe-b354-43d8-8151-a8729b82cdc4,0,No Lung Opacity / Not Normal
97b7f776-47ba-4a6c-ad9b-064d7d6ec2aa,0,Normal
abd50515-15ea-489a-bdb8-c38dd3ef0b36,1,Lung Opacity
2dac040f-71c3-4bd3-8d4f-4320066e2d04,0,No Lung Opacity / Not Normal
774e0a41-b033-43da-8d57-db5baf9605ed,0,Normal
914dae25-a1f2-4a77-a368-2d5d5907ac74,1,Lung Opacity
73286fe9-2e42-4a75-b071-a4c2173672a4,1,Lung Opacity
68ab6cf6-eadd-464d-8fce-79269306ecf2,0,No Lung Opacity / Not Normal
7c1b6a02-4c30-4299-ad9f-4bf16f94af71,0,No Lung Opacity / Not Normal
6fffa5fe-5911-401c-a17f-ffc5f428c373,0,No Lung Opacity / Not Normal
c3b6e7e1-e54b-4b82-8a82-cccd17bad098,0,Normal
8a6eb7c9-81ff-43c3-81d8-85922e96507e,1,Lung Opacity
73247e1a-000f-4d41-825f-c8a0d2162007,1,Lung Opacity
3d963020-db86-43c6-8133-21c69cb65df0,1,Lung Opacity
960c2843-0cc6-43ef-bf6e-c84d33b8f4e2,0,No Lung Opacity / Not Normal
6e7bfbcf-5702-4db1-a027-a2930292bd1a,0,No Lung Opacity / Not Normal
54adda49-e4a2-4706-af0c-40174ba821a6,0,No Lung Opacity / Not Normal
db5399f8-e0cb-4208-8694-a7136f9ac574,1,Lung Opacity
f21a2acc-e6f1-4132-b094-83c9e94a5e7d,1,Lung Opacity
a8876ffb-480e-4b3d-93a4-bc6bb50bed1a,0,No Lung Opacity / Not Normal
442b890c-34e0-4007-b085-c81ef82bb78c,0,No Lung Opacity / Not Normal
c76bb89f-781d-4c53-8685-58f981394a09,0,No Lung Opacity / Not Normal
555ab086-0bf5-4b59-858f-1aee91954843,0,No Lung Opacity / Not Normal
f4113fee-b7a0-472c-8f68-24e999fbf73a,1,Lung Opacity
abe39f96-f9ee-4539-a408-c7a623c4d778,0,Normal
490acf2f-8fc0-419e-b83c-190735b71efb,0,No Lung Opacity / Not Normal
09232852-c9c0-487a-b656-d6fa013b0453,0,No Lung Opacity / Not Normal
f29d2e7b-9a63-4614-8e61-62553edcb7fb,1,Lung Opacity
a3558c74-f838-4da4-a8be-ad248ad502cf,1,Lung Opacity
0beac0c9-331a-4aad-9cec-099aff98c399,1,Lung Opacity
308eab64-517b-46f1-8865-d9566b087bff,1,Lung Opacity
d427feae-7715-4867-b3a4-b63dd972dd4d,0,No Lung Opacity / Not Normal
3b6538ab-c405-4a7b-9e2e-239a97e224ef,1,Lung Opacity
601ee9ee-e04c-4940-8343-33ebf56e69b0,0,No Lung Opacity / Not Normal
304a94f8-b5cf-4bef-ab88-ad9edbb7e68e,0,No Lung Opacity / Not Normal
d4785e7d-1851-4347-8f23-5b0b9e1297d2,0,Normal
8996833b-bd93-4721-bf63-1da145e7f851,1,Lung Opacity
3b75d0e1-a430-4d1e-a89e-672d25ca6953,1,Lung Opacity
67b8ef8a-5285-4eec-88c8-8f4fe53f0f6e,1,Lung Opacity
093ce867-9a80-4748-83ed-3d81d26b7741,0,No Lung Opacity / Not Normal
c5f09fe8-ba29-472b-b87b-85a5740aa2dd,0,No Lung Opacity / Not Normal
7cc95413-c3e4-45ef-b047-4021529fbdb4,1,Lung Opacity
08f9a388-c195-4b33-8acd-e05d4da14585,1,Lung Opacity
f8a015d6-f7e6-4dd6-8984-6db9ae4c556b,1,Lung Opacity
85cee2f7-9628-4c61-a51f-f7be52f5c5c9,0,Normal
4f0a0257-c268-4095-84cc-2ec9b794f3ab,0,No Lung Opacity / Not Normal
07237396-6757-44e4-b073-c32f33fe6dae,0,No Lung Opacity / Not Normal
0582f503-a451-448f-87a5-a67589c5f7c5,0,Normal
71467d8c-7769-482a-b674-2edd74f4b4c1,0,Normal
48872981-dc8e-4485-9e18-a104987994f0,0,Normal
c57f7af1-0ae3-4d04-8ad7-90b4bd6a1a6f,0,Normal
b3ccf99e-b31f-4705-8d69-211b6cf1d78d,0,Normal
850a00db-8884-45d3-b3cf-1ba8635b9294,1,Lung Opacity
7d856265-ad1b-4b95-9549-2d5992a98f2a,0,No Lung Opacity / Not Normal
3f167edb-74e4-4a4a-b710-9732659ac767,1,Lung Opacity
a3389e03-cbd1-40b4-9145-eb431b6cc35f,0,No Lung Opacity / Not Normal
32b35555-525c-41c4-8bbe-44ae86d3ab26,1,Lung Opacity
a52f8c02-a360-40a0-a2dc-1fd91b8f51e9,1,Lung Opacity
adce8349-6836-4328-ab63-f356d0bbe298,1,Lung Opacity
a7649c2a-2a7b-4fbe-8615-fc1346d526b4,0,Normal
549200e0-f78f-403b-b67f-9b7e3ea927a0,0,No Lung Opacity / Not Normal
ab497625-43dc-449b-b246-1b3b09b53248,0,No Lung Opacity / Not Normal
9c36a9f4-1e6e-4938-b827-a97c23afd77b,0,Normal
4bfc4e8c-ee7b-4997-bcdd-e0734cba30b9,1,Lung Opacity
8c0fc3ed-b1c2-4979-bc1e-2568ee6f7887,1,Lung Opacity
90dc43af-fe27-4f49-92c3-969de5551b5a,1,Lung Opacity
6365ff26-72cf-4428-8610-66aab9c787c9,1,Lung Opacity
c3c1ef6e-055c-4f54-a7f5-d0f6eed1d2da,1,Lung Opacity
ba353385-091c-4c4a-8048-eca0388c7a43,1,Lung Opacity
6f102dcc-12ca-4fbf-999b-69ca7db9f0b3,0,No Lung Opacity / Not Normal
317a2577-b48c-4dac-bd52-31286c7546af,1,Lung Opacity
bdfea255-f9dc-4694-b0fe-d699aec5b10e,1,Lung Opacity
e4d22644-951a-49cf-98ca-3e8119448192,0,No Lung Opacity / Not Normal
4554420e-5f1c-4d0c-9929-90387688b981,0,No Lung Opacity / Not Normal
b460b35c-214c-45b6-8306-3bf234116ca9,1,Lung Opacity
3ffc2af9-eccb-488a-9d46-a72bb2ba927f,0,No Lung Opacity / Not Normal
3a7bffef-ed40-4764-a8ab-2b0ec8820e8b,0,Normal
a6a47c69-13d5-46ff-a73f-6005b6647f8e,0,No Lung Opacity / Not Normal
05f9a259-1b07-4e83-8e30-6b01f3ae1cf1,0,No Lung Opacity / Not Normal
576d42dd-fb6c-45f0-8245-1808f0a8b07f,0,Normal
aa2c95e1-c96f-4dc4-a136-c849aac5a428,0,Normal
482892b3-63bf-44f3-bd81-8079889f7b4f,0,No Lung Opacity / Not Normal
41c35afe-fac7-4688-943c-7127cd7dd136,1,Lung Opacity
3ea0b8a7-708c-4e1d-9a3e-fbac3f326b0d,0,No Lung Opacity / Not Normal
240623d8-8d6b-4bd1-a4ad-6b34fba65f07,0,No Lung Opacity / Not Normal
fb7e027c-7111-41f9-b0d6-32d16ebc2c6b,0,Normal
1f20a7b4-fc0d-49fa-8cc0-ecd516509372,1,Lung Opacity
c8111e21-a740-44c9-812a-a5f9982814c8,0,No Lung Opacity / Not Normal
6e29410d-4578-446e-8d04-a9f4dfa911db,0,No Lung Opacity / Not Normal
3a601e99-c913-4b8a-a909-f15944dc3ee7,0,No Lung Opacity / Not Normal
6542c163-7ccb-406f-8278-b27ca52ef90f,0,Normal
b482e039-2679-4fd9-886a-b0fea2cba242,1,Lung Opacity
695d9d83-fca2-4cea-81e3-fe27f3b8810b,0,No Lung Opacity / Not Normal
26d622c4-c7ec-4952-9210-7b2a2144cb79,1,Lung Opacity
07b24c8e-be16-4d5d-992e-b66e7930a387,0,Normal
d7d7e6cd-012b-46d7-8596-dc90e99bfd5d,0,Normal
ee820aa5-4804-4984-97b3-f0a71d69702f,1,Lung Opacity
be03b6e9-e030-4491-b23e-ac1d7efc73bb,1,Lung Opacity
fce56107-c115-4cb6-b340-19f87b757035,1,Lung Opacity
382db3e8-f756-48c5-8def-e0630634a680,1,Lung Opacity
494b5858-a56a-4016-a4ab-be74c50128f5,0,No Lung Opacity / Not Normal
75db7623-17d0-4f7b-9c6b-c7a060f5ac9f,1,Lung Opacity
b241dfb4-3ba4-40b0-93de-2eaafaa13dfc,0,Normal
d798aa5b-28ef-463e-81a1-c05c83dcdebb,0,Normal
8d56bf18-c3e3-4872-9fc0-a3db283b0cee,0,Normal
ac38760f-7332-4278-b011-982c9615f3cf,1,Lung Opacity
2f1c6087-6bc6-41c9-8433-c55203f72963,0,Normal
811411e8-31da-4df5-9244-dd888c6af020,1,Lung Opacity
af1d13fe-4442-418a-ab7d-01983275a99a,1,Lung Opacity
38e8ed40-7a1f-4678-b655-31d3431b0ba7,1,Lung Opacity
8bcd3888-211a-405d-8381-fa46bb068826,0,No Lung Opacity / Not Normal
a9703aff-6dab-484f-a9d7-7c7fa4d10e21,0,Normal
01f6bf01-9887-498c-ab11-1d10c6a22221,0,No Lung Opacity / Not Normal
98b413d9-edcb-4bbc-a035-ad24fd789cad,0,Normal
f9b9a4ee-49bd-4054-9a60-03c771aac376,1,Lung Opacity
d585321b-d6a9-4a7a-ac36-c95234f61cd2,1,Lung Opacity
c696ab08-acf1-409e-86ef-1e1ac9bc73d3,1,Lung Opacity
74365fa5-5597-4353-9cf6-da8769145d55,0,Normal
193ebe3c-905d-4ee0-87c0-b72999547d3b,1,Lung Opacity
32f02701-5caf-4d1a-8293-861b33c20908,1,Lung Opacity
84d73e68-ceb9-4bff-94d9-9b97523109ee,1,Lung Opacity
5b924690-7a86-49b8-b36e-1d12d5f4fff6,1,Lung Opacity
b90528c4-72d0-4e42-9873-6a3bae2edd51,0,Normal
82531180-8586-4d28-89a0-466725cd4514,0,Normal
3922a7cc-ff8d-4479-893c-b82d86109414,1,Lung Opacity
40b0ec17-4b44-470c-b94b-7b2e57ec39c1,0,No Lung Opacity / Not Normal
5be61bda-3b71-44f7-a8ac-cc7587bbbbc2,0,No Lung Opacity / Not Normal
b34945a8-d965-4a56-b38e-968dcf2ae993,0,Normal
dd7bc1c9-d71c-4bde-9f20-12abdcc33283,0,No Lung Opacity / Not Normal
0fcd1318-e6ae-4d14-b466-769128285665,1,Lung Opacity
1875e3ae-e7d2-41af-8305-61f7384cb19f,1,Lung Opacity
eb0cc4c8-4ce7-46b9-9ad2-c4bb71fcbf59,1,Lung Opacity
33df5e75-0b13-4c2b-b217-a0b32e3fc396,1,Lung Opacity
17faf806-5b26-418b-8d5d-a1ff45539ea7,1,Lung Opacity
33838dc8-dc3e-443c-be25-609ce5d66743,1,Lung Opacity
36491026-0b06-429a-97bf-644518295055,1,Lung Opacity
4e337ede-1529-4d30-a213-40cb7e91e4cf,0,No Lung Opacity / Not Normal
8aee90c4-2018-4326-83b9-a7080655597f,0,No Lung Opacity / Not Normal
0c2e5286-bb2c-427f-98be-8fc3796383d5,1,Lung Opacity
d116680f-3c52-4012-aadb-ac37bb984e7b,0,No Lung Opacity / Not Normal
83a7cf6f-434d-487a-b273-5185ab1b2f24,1,Lung Opacity
fb82c2c6-3560-400e-a6d3-1b8b473db183,1,Lung Opacity
9a30433a-c79c-4f15-8be7-26adfa92943c,1,Lung Opacity
342868be-14cd-4700-82c6-575f62097e6e,1,Lung Opacity
5862283f-aab7-4574-a235-729db2f8e377,0,Normal
b2ccb7e6-03cb-420b-9a9b-a7268d3f9e22,0,Normal
b4158c24-1186-4d75-8b45-6c0c378a8ac5,1,Lung Opacity
b47f9472-39dc-4f3b-9321-983be2324579,1,Lung Opacity
98b85e3e-79db-4bf5-9d13-5abc8c767dc2,0,Normal
c801ebd5-8032-473d-8a47-de337f59c904,1,Lung Opacity
c5549fdb-f566-4076-94b8-4b6a9ce9aa24,0,No Lung Opacity / Not Normal
d7cac31c-73a9-4c8e-ba03-8a4e707b62e0,0,No Lung Opacity / Not Normal
8b78523f-8061-41b9-9be6-cd64fef9f2d2,1,Lung Opacity
de0ee373-dd0c-4f75-aa2c-c356d203696e,1,Lung Opacity
a7caec7a-dd5a-48af-ab0e-817aa2617b9f,1,Lung Opacity
19e505bb-7c9f-43e7-af1e-79c6dec095b3,0,Normal
d84d271a-8ea1-4065-90e5-9f9c94794310,1,Lung Opacity
e2bc24a7-e469-48e2-9d5a-6ffc8557d59e,1,Lung Opacity
bd7be642-660a-4c53-9125-303be8fb9659,1,Lung Opacity
2ae3e7ba-a0fe-4f0a-96db-d337714aa657,1,Lung Opacity
accd45c5-2127-490f-94d1-beb7e54e5938,0,Normal
b0a59702-8782-476a-be26-c7201f37a1d9,0,No Lung Opacity / Not Normal
da8f0bab-c987-4b1d-aedb-f94e9eef6b10,0,No Lung Opacity / Not Normal
bfe40d11-6e72-4ccd-9fd4-5534402fdabf,1,Lung Opacity
f700d213-ca55-4297-9e4f-4b0cad996a7c,0,No Lung Opacity / Not Normal
54682db5-0e1e-4c93-b109-3c7048f963fa,0,No Lung Opacity / Not Normal
d3d0536b-d0e8-4e2a-a803-03c7d42d454d,1,Lung Opacity
8a5bf4fb-a18a-4dd3-b611-10ef3cc79b19,1,Lung Opacity
c3540449-bb1d-445e-b38a-215e5b8ef479,0,Normal
eb3aff4d-df68-4d3e-a858-e8a28df962ca,0,Normal
87cf06e2-8bda-47a4-b406-38766408a9c6,0,Normal
7458057f-a75e-49ed-a22f-41960bfa2a00,1,Lung Opacity
dc10d03d-7a68-47d8-ad32-e8d4cca3a646,0,Normal
3b4bd4e1-b078-4d51-84c5-7e5e3905fb24,1,Lung Opacity
ce0f8abe-6b5e-4fb8-b606-f8656f720896,0,No Lung Opacity / Not Normal
5016aaf4-d2c4-4c14-a755-fc71d795a1ba,0,Normal
f23d7784-06b4-4e44-8dcd-e1eec3e7d7cf,1,Lung Opacity
d2e16b46-2400-4ff1-bdec-3ed42e49155b,1,Lung Opacity
e058a19c-807b-4b2a-82fb-ec3e7d68eee2,0,No Lung Opacity / Not Normal
7e81f530-2762-4af9-997a-914d24e3ea6f,1,Lung Opacity
f4bad3fc-bc93-4634-bed9-a9977f6cec56,0,No Lung Opacity / Not Normal
75c7161e-3f42-46d2-b3a4-cd280d624319,0,No Lung Opacity / Not Normal
6d13500d-05ee-4f4f-bc08-aeda019858fe,1,Lung Opacity
78d79ceb-c48c-4165-9e47-0dfae19e8639,0,No Lung Opacity / Not Normal
afe0f263-112f-4a63-9069-7143ab15e71c,0,Normal
57906d1b-d8dc-473e-8be1-c0e11e217054,1,Lung Opacity
a9be8d78-db07-4e4a-9681-cbc10fe05745,0,No Lung Opacity / Not Normal
58117ccf-70df-491c-8830-4f7ea3f9fa90,0,No Lung Opacity / Not Normal
5711b0c6-2b21-4b72-b036-c1b3160cb6b4,1,Lung Opacity
57f9ff69-4ee1-4205-b8a0-47b40a46ea08,0,No Lung Opacity / Not Normal
8c7a4b51-4de0-4053-97eb-53d8ab09781d,0,No Lung Opacity / Not Normal
c392fefc-ec77-41d6-823e-b15e938661d0,0,Normal
d3f3c83b-2d4c-41a3-9abb-8fc52f1e224b,0,No Lung Opacity / Not Normal
739b6cca-cb26-437c-9409-f66474a95eed,0,No Lung Opacity / Not Normal
0b034d2e-2e49-444a-a7af-cac91c2c01d8,0,No Lung Opacity / Not Normal
a1f98de5-da68-4fa0-9af2-f65c30528457,0,Normal
c43c9657-9079-4a58-8801-7b701114143b,0,No Lung Opacity / Not Normal
32fbc636-5413-419b-8539-6e6a7cca9f4b,1,Lung Opacity
d230111f-a909-4c78-9125-c8d9660eebd4,0,No Lung Opacity / Not Normal
9a74e24a-7b2b-4318-99d3-d783e67dbbfe,0,Normal
0c294ecf-23d6-4c56-b5e2-0482915cd102,1,Lung Opacity
958ef5a8-9119-4b34-b009-6a3fa8abff64,1,Lung Opacity
c9a95d7f-8a6f-49c5-88d3-8a1cfaaf51a4,1,Lung Opacity
08e31c62-d3bb-4f18-8e78-78e276494ba3,0,No Lung Opacity / Not Normal
d9ee5ddc-e3cb-427d-9993-bb00d969210a,0,Normal
812cb889-27e8-49c2-a4cd-a03773cfdb61,0,Normal
aff537ef-bb27-4c87-b297-7fd9a4520442,0,No Lung Opacity / Not Normal
b9590757-7c68-4dc8-9d64-eb59f652b0c9,0,Normal
91211176-bfab-4346-ae4f-e35866564361,1,Lung Opacity
b73af135-9b6b-4bb3-bfd5-b9439674003b,0,No Lung Opacity / Not Normal
17ec1772-41a6-4bd6-a2a0-b9d45599eb28,1,Lung Opacity
d44baf74-599f-4e68-af21-2cf057336d0e,1,Lung Opacity
b41f4669-c34d-489c-8c5e-6cc1fbacd3e6,0,Normal
192748b6-82f2-4f0d-a25d-cea1600c7246,0,Normal
91686e5a-1775-4bc1-8dc9-e4a88a90dd9d,0,No Lung Opacity / Not Normal
995add3b-6d5f-42a4-ac2f-7e46ffe27897,1,Lung Opacity
a563cfdb-338f-491e-b370-10a7b2e36982,1,Lung Opacity
6a6cb2f1-eb9f-494e-b927-f4307af57060,0,Normal
9e5fc879-a2c3-4bac-a784-8e5c5a6b06f0,0,No Lung Opacity / Not Normal
7ba598f6-a336-44a9-8ba4-a2b64afb13b5,0,Normal
c3713d1a-6d8e-47c8-ae09-6ae3a5cfc72d,0,Normal
ea5e2d33-0201-4f48-9a99-296e25ce49ad,0,No Lung Opacity / Not Normal
f979069d-6915-4f84-9b97-345f35ad2083,1,Lung Opacity
06ac3c8c-cd1f-4e10-ac24-4cb4f3ab1243,1,Lung Opacity
ec885fc7-04cc-47a5-b971-11ef284c229f,1,Lung Opacity
1004476c-1b00-4ccd-9c72-193b6a048e15,1,Lung Opacity
32659f33-5e60-4db1-9696-657e54b769c8,1,Lung Opacity
73e62967-5fef-4dfa-9a3a-1e045a81f593,1,Lung Opacity
b950ffe8-3423-46ea-b4dc-14064fa60587,1,Lung Opacity
7ebeb647-d104-412c-a202-247b650f7cc0,1,Lung Opacity
1b2aefc5-a9dd-4f84-a314-3acec56df761,1,Lung Opacity
7a8dd22c-7af7-428c-a043-578390fc6fa1,1,Lung Opacity
8c82ad94-205c-435a-a510-e4be16cf5657,0,Normal
882203ce-6bd1-4fee-905f-2d72d9dde0ce,1,Lung Opacity
da8b5a41-b1f9-42c8-9598-f813c7a0ceda,0,Normal
f75354ff-e121-428c-a19b-12baf2672915,0,No Lung Opacity / Not Normal
3f750eed-bfad-4c3f-b268-8c9f4270cf05,1,Lung Opacity
c48c38f1-a9ac-49e8-bd3b-de77c20446c5,1,Lung Opacity
c8c5799a-9a86-4c70-9263-15c588d01449,0,No Lung Opacity / Not Normal
ce67e872-fcc3-414b-9410-0fdd862e3c27,0,No Lung Opacity / Not Normal
70f201ac-a1a4-44b6-a99d-86018378b3ff,0,No Lung Opacity / Not Normal
9e4c87c2-579f-4c08-8a72-6a677d14e52e,0,No Lung Opacity / Not Normal
bb3c0af5-2fd4-4099-a68d-f0c0e492616c,0,Normal
036a1ed9-6ce8-4a5c-80aa-4790abe94dfc,0,Normal
da0d705d-7722-43d1-a880-a34c553f0719,1,Lung Opacity
a2a84bc3-c75b-4df6-840d-e118b61594d4,1,Lung Opacity
b9597e03-5069-42d8-b9f4-24d30086c5ab,1,Lung Opacity
0ab601ca-5f86-498f-89ab-73208a353e40,1,Lung Opacity
a55c56f0-ed46-4761-80cb-5472187e70cb,1,Lung Opacity
323d4055-2830-433c-8585-e02ff7821a17,1,Lung Opacity
16d8d1b9-1430-4043-acb3-d3938a354028,1,Lung Opacity
60533df3-637f-4da8-955b-be149df0a192,0,Normal
4edd32a5-7960-41f5-a68a-df4744f3fe21,1,Lung Opacity
fadb6964-390b-4f84-bfd4-de4720334337,0,No Lung Opacity / Not Normal
e65529f2-45df-4020-adcc-7de1996c38e8,1,Lung Opacity
bea23d20-aa4e-41d5-b8e7-22941746e543,1,Lung Opacity
3e5e1e9c-4b31-416a-a068-a4e2fc100f10,0,Normal
dab4352c-affc-423a-b943-b42e0291117a,0,No Lung Opacity / Not Normal
de5cd980-fe4d-4271-984c-3ab285efcb48,0,No Lung Opacity / Not Normal
7aaba35a-c23c-4cac-918e-5b94bec6b827,1,Lung Opacity
78b1aa25-d59c-40ec-b3e8-70bb4da045a6,0,No Lung Opacity / Not Normal
b2f2c4ee-cb07-48f7-a663-f6e04ee95c2d,1,Lung Opacity
91e5caec-93a8-4361-abbe-22fa1bd60c6f,1,Lung Opacity
bffde351-7ccf-49cd-aa8b-893c7d359e29,1,Lung Opacity
6d3d7fb2-4059-4297-80ba-2756ab7494a0,0,No Lung Opacity / Not Normal
9673d5f3-fc1c-49bc-902a-81ff14db1da0,1,Lung Opacity
8d742ab6-06d6-40c8-b843-d9975264f0f1,1,Lung Opacity
e7083b3b-af7b-49e4-938c-36e590184de2,0,Normal
3cfaf293-a1a0-4130-b994-ad3df8a4008c,1,Lung Opacity
b248af4f-3c62-418f-a55c-80ca6f73a9e1,1,Lung Opacity
5fabbfac-9c58-4fb1-bfee-979526adcc14,0,Normal
a411265c-e57e-4428-8064-4359a8605b49,0,Normal
b97b78b8-bcb0-4694-aa55-d3ca9c4396df,1,Lung Opacity
9a8d4c24-8275-4805-ab84-9ae850c7ac32,1,Lung Opacity
19270f21-1643-4eb5-b692-70680acb6f91,0,No Lung Opacity / Not Normal
c0608b6d-a375-4cda-8133-b5ec73217435,1,Lung Opacity
3c203807-9c47-42fb-b82b-680090451273,1,Lung Opacity
ab2981ac-f605-4a8e-a68d-f0e80e424797,0,Normal
9760925f-858b-4470-aaeb-5908bf03672a,1,Lung Opacity
69e6daf2-a1df-432e-b45c-fd11f49d2fa5,0,Normal
72888864-3b3e-4320-992c-1611352ce311,0,Normal
77bcb2f3-2dfb-4ed7-b88a-b21ad2c87df3,1,Lung Opacity
78834a4d-5eae-48bb-a7c2-77c17d3f2ab5,1,Lung Opacity
bce09fde-2765-4fe5-ac6f-1e5966a43882,1,Lung Opacity
9f9e7267-220a-43f8-b222-9a330b08957a,1,Lung Opacity
903fb8ef-64bd-4422-ba64-1a9ecad83819,0,Normal
a3bcdd23-510f-4f18-876e-69bc9cf62ada,1,Lung Opacity
bcaf0768-3841-4280-8de4-57e822f38c7a,1,Lung Opacity
6b0119d3-2157-406b-81c2-d56d0d3c4675,0,No Lung Opacity / Not Normal
39552f5b-ee51-4a9a-9028-8fcdaae9baac,1,Lung Opacity
68abf087-9790-4441-b12d-75ebc081ca4b,1,Lung Opacity
0a2f6cf6-1f45-44c8-bcf0-98a3b466b597,1,Lung Opacity
cb464057-22d6-46ea-85fe-d47f41cc84e5,0,No Lung Opacity / Not Normal
575014d8-3cea-4d15-9c5b-5b7323131fca,1,Lung Opacity
c21ccf71-42d6-46e4-8e93-36c1c7e2be8a,0,Normal
2a9035ed-ec09-404d-adc3-d37688adf50a,1,Lung Opacity
3d0b66d4-1954-4454-95e6-e3888e596bac,1,Lung Opacity
715befe0-993e-4532-85e1-30e038524fb9,1,Lung Opacity
e0091a61-2aa3-42f5-8a0e-ad47a9ff7c80,1,Lung Opacity
ba0cb1e8-7198-4465-9498-1a650c0a6402,1,Lung Opacity
50ccf4b3-fb05-4e21-aa6a-73f93ce2f33f,0,No Lung Opacity / Not Normal
899a3c1f-3355-4092-88a6-67848ecc137d,1,Lung Opacity
a3a2bb07-b700-4ce4-824c-03859b93e5b3,1,Lung Opacity
8dc879c5-3ddf-48e9-a27c-6719a032c627,0,No Lung Opacity / Not Normal
bf506a9c-19c7-4dd8-acb4-b8d6569091d8,1,Lung Opacity
f2e391e5-32f4-4a08-beab-4178b12525ee,0,No Lung Opacity / Not Normal
793099eb-6d36-4551-ac5a-9862d07ee199,1,Lung Opacity
c4567429-7189-4603-ae34-7cbf3a8b6c07,0,Normal
f7cc8800-27a2-4aca-b9d2-d07030ecbd7f,1,Lung Opacity
d51472ae-a24e-4340-b468-54c883a12c41,1,Lung Opacity
a9f8422a-7da6-40cd-9d74-cd18e1b61086,0,No Lung Opacity / Not Normal
55211b4b-62e6-4d9f-8b0b-72525ed68e6f,1,Lung Opacity
44935d17-068f-458b-979c-a032fd6d7c9e,0,No Lung Opacity / Not Normal
e31300d4-90b0-4fa3-8902-30c225b9279a,0,No Lung Opacity / Not Normal
2e566084-386d-48a6-beb2-8b28732371e7,0,Normal
afe8e940-8718-4fbe-b852-fd462a7c3274,1,Lung Opacity
aabed420-8f64-4b77-810a-7711c43cb930,0,No Lung Opacity / Not Normal
6c3d8563-1b19-4a1f-b5e2-6276e9418112,0,No Lung Opacity / Not Normal
5b6ae851-f240-4a3e-ace5-c8f61853c872,1,Lung Opacity
9aa7e15e-45ea-4d4f-a5eb-97f021d97499,1,Lung Opacity
0a825a59-c034-481c-b596-9c7f0bc42c2c,1,Lung Opacity
5c18e5ea-2649-46f8-aecf-e1264f0a1a2a,0,No Lung Opacity / Not Normal
bff56724-dd71-4717-9ce7-9749d44361eb,0,No Lung Opacity / Not Normal
bd20a471-4892-4763-ae4a-936878eefede,1,Lung Opacity
fe539da9-f41c-404f-bf48-cc20a30a201b,1,Lung Opacity
e7aed9f9-264a-40a3-84ab-1ed8b81547df,1,Lung Opacity
e517aecc-6306-4100-a03c-b1c1a516b9c6,0,Normal
75350e8a-00cc-4a69-9bfd-8dcb72de0e2f,0,No Lung Opacity / Not Normal
10f2cb81-ad90-4857-a2f7-18e7d8f66907,1,Lung Opacity
a3a98509-171f-4c00-8d47-b6a0957907c3,1,Lung Opacity
3c2f580e-bdac-4f28-a33e-38b147fc60ca,0,Normal
e1137058-8fbb-4781-8d17-234719c58d10,0,No Lung Opacity / Not Normal
728a62fc-4310-4aca-9d68-72c8a829d69e,1,Lung Opacity
5f7a6f70-a734-47d6-97a3-aa7ede0a2af8,0,Normal
74f8f310-cc0c-41ff-871d-8daadb81bbcd,0,Normal
ad800121-7222-4b35-abbd-72889217ce37,1,Lung Opacity
08bc9387-94f1-4ce8-8958-15864bca9052,0,Normal
4034886a-b60a-4aa7-9b75-0abc1989baa3,0,No Lung Opacity / Not Normal
acac72cb-3594-49a3-ab09-5908346f2a11,0,No Lung Opacity / Not Normal
08cf3d00-57e7-49c2-ae30-7994da5cfa86,0,No Lung Opacity / Not Normal
5ea7521b-b287-4ddd-ac55-14e05c75d62e,1,Lung Opacity
06d6e209-0bd4-45d4-81b4-4b97546d57fa,1,Lung Opacity
bc3874a9-9bcc-4156-ad10-b3ba0ec3d370,1,Lung Opacity
b9dcc826-e6e7-4dda-8e33-8435d0baf7d5,0,Normal
5f9bfb92-2930-414a-bbeb-8f63a9c73de3,0,Normal
95d4dbca-2f4f-4baa-93c7-0b0bc6f40302,0,Normal
74192b5f-7e82-4636-9886-c2c1750d833a,0,Normal
ecfc716f-f6c9-41d6-8db7-16a5efa2cbb5,0,No Lung Opacity / Not Normal
4840410d-437a-4340-86b8-4571051d30b8,1,Lung Opacity
33d2956a-0501-471e-847f-ef9a0f4a18d2,1,Lung Opacity
417e52bd-2248-439c-ae7d-671ebecc93dd,0,Normal
7e1d04b9-ea65-4ecf-a18a-5e624fcb788e,0,Normal
2c9a388f-0042-4b88-b52b-ea0b21fb7960,1,Lung Opacity
79f29a4d-fa0a-4977-abae-346d8ee33aa9,1,Lung Opacity
bc7b5348-574e-49a2-a20a-719d942a9c31,1,Lung Opacity
530cc8fa-405e-4f03-8d9f-f980438e4e65,0,No Lung Opacity / Not Normal
c857ee5f-f53c-4060-b93a-8c3437da80cd,1,Lung Opacity
1769ed43-31b6-4cab-8ac2-4a8e096fd378,0,Normal
b05b4898-2003-4a43-a5bd-8de50200db4a,1,Lung Opacity
fd579d75-8819-498e-8b87-113557c9c9d5,0,No Lung Opacity / Not Normal
2b6bb09d-7378-4c77-9e67-e1b714245f23,0,No Lung Opacity / Not Normal
acacd8c0-68d9-4ff7-ae58-80021e4e08de,1,Lung Opacity
44db1d69-388e-4268-849e-852c1f092a01,1,Lung Opacity
17a1427c-70b0-4383-b5f3-a2b5f1ec0691,1,Lung Opacity
73ff8055-3881-4c61-b700-396adf5083fc,0,Normal
0b5a918a-5625-4659-a2fb-6baa4b55df9a,0,No Lung Opacity / Not Normal
1149a2ab-1e6e-42a3-b850-27486c330a87,0,Normal
2f1f42a8-c2c1-40c1-8b62-2ffeb551e768,0,Normal
988557ef-b991-40cf-90dc-483a2534a75a,0,No Lung Opacity / Not Normal
716bf6b1-1764-4774-959f-1d5e3f6fe098,1,Lung Opacity
899fecd3-52be-4b08-aa2c-3f07ef981ba9,0,No Lung Opacity / Not Normal
04dd9347-6215-4b34-a98f-a73e577aff9d,1,Lung Opacity
c2802780-8f5c-4240-8d71-0be1664a8b6f,1,Lung Opacity
8d05952d-6a24-4633-9fdc-ed5227500c41,0,Normal
15c181df-7b7c-47d3-ac5a-130b6047c1a0,0,Normal
d92599fd-687c-4f1a-b9be-5dc0852c0f2b,0,Normal
5e528963-b34e-4605-be13-8faaa2b0c65b,1,Lung Opacity
5a4cd916-a4a4-4e7e-abf9-cc124cb692f9,0,Normal
7c8f2458-3d40-4810-b57c-1f149c2c4d3c,1,Lung Opacity
796c0726-bde4-4ff2-aa00-11587b3a8a0c,0,Normal
376b255a-82a3-4105-a546-36a477bfe8e3,1,Lung Opacity
7252d75d-6ac8-4220-a108-5406de4a6b22,0,Normal
8afb5369-59d4-46c5-96e2-700291f598c8,1,Lung Opacity
195ddf15-9620-4827-97da-01a44d5842f7,1,Lung Opacity
71f68919-662a-4163-8b50-caa5fa6ad96f,0,No Lung Opacity / Not Normal
4e90e80e-e990-4f27-8bc6-c6c11e822974,1,Lung Opacity
3690bde1-7419-46a5-baa2-14b88feed1ea,1,Lung Opacity
fe71c437-e46b-406c-8870-3b2298fc7d3a,1,Lung Opacity
cbe48af1-581c-4b6b-afc7-064dc3305195,0,No Lung Opacity / Not Normal
a86617dd-c1b7-4a69-aff1-68537437cb93,1,Lung Opacity
6249ddb9-1c22-4b28-84c4-cbc153cbb8cf,0,No Lung Opacity / Not Normal
b086dfcf-4704-41a5-bdf7-22139c5d0711,1,Lung Opacity
1703014f-cb4e-43c2-893d-288d087aafbd,1,Lung Opacity
f23907b3-9638-4986-b471-b4f2873f6504,1,Lung Opacity
28dfbd38-b24a-4cfb-a355-34c226dd2aa2,1,Lung Opacity
f22663a8-fbbd-4c0a-ba07-204ded915cba,0,No Lung Opacity / Not Normal
cfdfb1e0-9486-4cf5-94b0-5613ac403847,0,Normal
945a3e8f-a300-44b2-bf25-b8fdc63e0c7e,1,Lung Opacity
eaa3d7ef-603e-4e17-bd9f-f466de942f29,0,No Lung Opacity / Not Normal
8cc5d0ca-5397-4b48-aee5-0a9448269911,0,No Lung Opacity / Not Normal
dbf96f61-085d-4385-a8c3-44511690d4d0,0,No Lung Opacity / Not Normal
0a796f83-f908-4b83-9252-e513d107be2e,0,No Lung Opacity / Not Normal
7d1b94bf-9fb6-4191-bf69-09549b4a3b96,1,Lung Opacity
41031005-492c-4ffb-a230-28e9bea97dbf,0,Normal
b6628d2e-e8dc-427e-bcb4-a19cf31b9ec7,1,Lung Opacity
13f8bb2b-9c21-4131-aee1-eef3bc0cf88b,0,Normal
6ddb7028-0aef-4a7a-b869-cbdc0c54005c,0,No Lung Opacity / Not Normal
96bf8940-55e9-4f6c-9e47-570c27b4ae06,0,No Lung Opacity / Not Normal
62cf5590-89da-4c01-ad00-b716886442c8,0,Normal
1caf1ab4-68ee-4b55-ba89-1c3f3bee1435,1,Lung Opacity
b00b6900-8b72-41db-a443-e1fbce442336,1,Lung Opacity
073102b7-565c-460a-9b69-13e2f34c4ee9,1,Lung Opacity
66ca11cc-c381-4e4e-9ad1-72ac03d1b60d,0,No Lung Opacity / Not Normal
a5c7ee06-f2bc-4800-9ac9-7a8b93064826,0,No Lung Opacity / Not Normal
e5412f84-f565-465b-92a6-580ddbda0d73,0,No Lung Opacity / Not Normal
3188960a-9044-4c39-b74d-71b289d857d2,1,Lung Opacity
eb867723-c976-423b-b56d-5d802bc2f04f,1,Lung Opacity
188218bc-84f2-4103-8e34-0dd6d3103b2f,1,Lung Opacity
8502b7bb-f681-47a1-aa45-06f6b692841a,1,Lung Opacity
3b1a0e72-4870-4927-8171-293f1a767bde,1,Lung Opacity
f3fcb80a-c5b8-4563-b6f9-a8c6b104f894,0,No Lung Opacity / Not Normal
4ff19c2f-91f1-40ed-a0d0-72534db6d71e,0,No Lung Opacity / Not Normal
b77ab795-de76-4715-b371-eb7be54b584c,1,Lung Opacity
0f7c7af4-5ef8-43fe-a598-e9929fd76f5c,0,Normal
7a1e02f8-4965-4364-918b-83d3422f931b,1,Lung Opacity
bdbf26d1-2706-49bf-9554-84a881440880,1,Lung Opacity
d96f6c0c-2935-454c-9722-bca2ec4b2b4e,0,Normal
97fe9a9a-3b11-4cbe-b053-2d5de0739dff,1,Lung Opacity
66eb7899-a558-4013-b9b8-775e63a92078,0,No Lung Opacity / Not Normal
b24bde0d-d372-4522-b8bb-0fbc770b80ac,1,Lung Opacity
8c07ec1c-76d2-459d-ad7e-7b3e198affb8,1,Lung Opacity
db891491-165c-4b70-a63e-0142e03ae889,0,Normal
ec7fd2e8-c8c1-4a3e-9d48-2a0e85b61c44,0,No Lung Opacity / Not Normal
3d62329f-40d2-41e5-bcdd-c7eabc33f516,1,Lung Opacity
ac75480d-d4c7-4095-accb-51287ae30229,0,Normal
6b0a1495-7a38-4de5-8e72-83fcfcaa678b,0,Normal
652ef311-c8c4-44c9-8d0b-2c890a97c2fa,0,Normal
960eea34-4810-4280-9bbf-49ce577174f3,0,No Lung Opacity / Not Normal
33c80447-e65b-41f8-ad03-523b78048641,1,Lung Opacity
80f0c0af-f93c-4d16-ad28-5f2bde2d4684,1,Lung Opacity
87ddbd40-b218-4bfd-9a82-2ea252e08c1e,1,Lung Opacity
f43d1494-2924-4e7e-ba1f-12bbe10219ad,0,Normal
655d7db2-1a98-4c36-a64e-a56318454863,0,No Lung Opacity / Not Normal
0ec6b85a-de25-4870-a100-0d7ca6c798bf,1,Lung Opacity
7413e93f-a32c-4d1a-82bf-363b67f4a642,0,No Lung Opacity / Not Normal
e5bff349-8b02-4c62-8c64-b32344fa690c,1,Lung Opacity
81308fa4-04b2-4b31-97fe-932b50258355,0,No Lung Opacity / Not Normal
bdd6e1f0-8bf1-4be7-b9a4-b48d19cb720b,0,Normal
d5277276-f8f8-40e9-b8e1-791cf5d96ac0,1,Lung Opacity
7bca5ce8-2b0c-4fcb-95b5-f43470092618,1,Lung Opacity
6e32b376-5740-4565-abd0-b41035f7db64,1,Lung Opacity
b1c9ed5a-9be6-4f5e-a7f8-5eba7289c156,1,Lung Opacity
754ad4f4-7de6-43d5-9553-a58ed87532b5,0,No Lung Opacity / Not Normal
383d8991-e27b-4f43-bab1-e1f492ace0f5,1,Lung Opacity
b848084c-ca9f-48b7-865b-3a1761fd9775,0,No Lung Opacity / Not Normal
66c52ba5-c91d-4f0c-af96-18148fd9dd66,1,Lung Opacity
2409fc29-8acb-4e1d-8fdd-fc333d5c4852,1,Lung Opacity
056fb495-574d-4b37-9f89-77b9ced2ef43,0,Normal
05d3b194-78bb-4fe9-aa1c-0f1d76e5641d,0,Normal
79397fb3-fbe9-4b1d-baec-a934f2825e25,1,Lung Opacity
6292f3d6-392c-4a60-8b6e-57b0bda52429,0,No Lung Opacity / Not Normal
fb232be9-9fef-420a-b06a-d7f4b99c5ca6,0,No Lung Opacity / Not Normal
0e573b36-d576-49ef-b165-40e269d5e9df,0,No Lung Opacity / Not Normal
6eb4be7c-1c6e-43fd-99b5-00e3b22c6df6,0,No Lung Opacity / Not Normal
5f616bc8-5954-42a0-b0e7-14063b036094,0,Normal
6d6ee99a-1458-417a-a97f-fa58e67f0605,1,Lung Opacity
31102758-a5ba-44c9-b480-b744bcfcb861,1,Lung Opacity
af4d7012-0021-4729-8eda-a8393698cf33,1,Lung Opacity
e22136f5-4d6c-4d2d-aa6d-4585aad874f0,0,No Lung Opacity / Not Normal
d271740e-e146-4b6b-a66d-5827f0ab68b5,0,No Lung Opacity / Not Normal
8d1a4fe3-329f-4eea-a5b7-953d617a74fa,1,Lung Opacity
1552da4f-04de-4c70-8c82-b5e3b8012b93,0,No Lung Opacity / Not Normal
9d78bc61-be12-4f04-a542-ece6d960a05d,1,Lung Opacity
c53e60a3-2b45-40db-a910-e877f197b421,1,Lung Opacity
031d627f-e6af-4588-8cca-6be8aa1222c7,1,Lung Opacity
e7f67f50-2929-431f-a9fc-adc24518a87a,1,Lung Opacity
2c100194-9dd9-42ef-b1f6-5aea93cdf63a,0,Normal
a5282399-d86c-4e4a-a91e-bd62a535d2ad,1,Lung Opacity
7c822b45-dc68-44f8-9ff4-f8d0345615ca,0,No Lung Opacity / Not Normal
af188f6b-66f1-46d7-a211-8a8310278e0c,0,Normal
a034378a-8f79-4f29-bce0-eea14103d630,0,No Lung Opacity / Not Normal
34a2b7ac-0be6-4ea4-95f9-d766c978ff45,0,No Lung Opacity / Not Normal
c7e641a6-a80b-4314-961d-d63e4a54d5bc,1,Lung Opacity
182d2f6f-1cf5-42a9-a178-9ae0786c9236,1,Lung Opacity
3f33bafd-eb7a-41c0-b888-b1269f241c9c,0,No Lung Opacity / Not Normal
e2e89418-6c0e-4f50-a2d9-6cd5e58feef0,1,Lung Opacity
be9e9eea-96d0-43a3-801e-b39bfd209ca7,1,Lung Opacity
17f0a95f-5460-4c36-951b-6f9c8834b951,1,Lung Opacity
34f28fd4-00e4-445e-adc8-d86ac1f98bf9,0,Normal
4a055fd8-229a-45f7-afa1-84488eac8ae3,0,Normal
4dead6d7-4f3a-4ac4-9ca6-772104bd4d23,0,Normal
660de8ab-b176-45d3-8a0b-faeab54c07f7,1,Lung Opacity
f91b1a04-f3df-47bb-8969-a1735323eafd,0,No Lung Opacity / Not Normal
6adbec9a-9e1c-4055-a4ab-37d2a0436674,0,No Lung Opacity / Not Normal
18858e0d-b651-4ea1-91c9-62268b06d1a6,1,Lung Opacity
0f6ed027-8700-43ff-a4a6-a8211cbbbb02,1,Lung Opacity
a046779e-b8fd-43c2-8298-c7f0797c20a9,0,No Lung Opacity / Not Normal
2f6374c9-baec-4236-acb4-a3815dc8243a,1,Lung Opacity
ec9556c0-ee07-47c1-96bb-56365df7493a,0,No Lung Opacity / Not Normal
6ed71d2f-d2e1-40c5-b750-5b25b302915b,1,Lung Opacity
f88e605a-a637-4df6-a153-5c51bb304a73,1,Lung Opacity
871ebe50-8492-496d-a49d-510be81eb07a,1,Lung Opacity
49bf089b-82d1-45a4-9fda-d5a903a53a86,0,No Lung Opacity / Not Normal
0aee76d8-e3e0-4150-b645-9a80a2f4208f,0,Normal
55b3bd78-091c-4c00-b83e-ad37e43a1ce5,0,Normal
8a9eb130-2d16-4a85-9f57-c8795d068f01,1,Lung Opacity
33fab45e-943d-4054-b905-2b2d5338ffdc,0,No Lung Opacity / Not Normal
503fa416-d6bf-4cc3-b876-13210dc070c8,0,No Lung Opacity / Not Normal
dd6e599d-bba3-4a3e-968c-0dcba546099f,1,Lung Opacity
6a2d8b64-cf13-47e2-bed9-41a6b801e1fb,1,Lung Opacity
bdc61d06-50cb-4f97-914e-eba06a7f6552,1,Lung Opacity
037e120a-24fa-4f9c-8813-111136e3c288,0,Normal
a5a07f9f-959f-4210-ac86-6cdab44b099b,1,Lung Opacity
a175b2d8-ebdf-4643-8afa-8a4566766f75,1,Lung Opacity
9a8d7f49-ec4d-40db-998a-a1b81ad9ac52,1,Lung Opacity
1f0a35e1-1cd4-4d07-bacc-f22368f3cd08,1,Lung Opacity
8760b0b3-fbb7-4e33-a462-043098549f2b,1,Lung Opacity
5ba9f6a7-9f57-40f8-9168-1bb1841e65ff,0,Normal
b2dab5c5-79bb-44c1-9051-7189d2a9aab9,1,Lung Opacity
f652df75-c199-44a9-870b-54f68aae814d,1,Lung Opacity
3517d4f2-175a-4ec4-a274-eda1d8189299,1,Lung Opacity
6b5ec6c5-06c3-4574-b44a-d5735bdb363b,0,No Lung Opacity / Not Normal
f7b0889e-a9fe-40a9-a6a3-c9ce53252ec4,1,Lung Opacity
5a38a30a-650e-4112-879a-fa387aae1b20,0,Normal
ccd2d3ca-cd9e-4ed1-a4ea-e3989c590e4d,0,Normal
153c4961-5c28-448a-9dc0-c972ce580671,0,Normal
3e120bed-fc23-42ac-85e6-59a28a1d215a,1,Lung Opacity
a8328d63-6a90-4e20-a7a9-65226cdaaba8,1,Lung Opacity
f464165e-7d7a-444e-a3f9-e8eb477cfff5,0,No Lung Opacity / Not Normal
5fe5ff08-5be1-4676-9bc7-4395b67514aa,1,Lung Opacity
bb9fca12-f597-439c-885d-ee2f376af938,0,Normal
e4d0408b-2e0b-4fad-be82-236bafc9b5d6,0,No Lung Opacity / Not Normal
ba452891-fb43-48bf-9019-855556b48f91,1,Lung Opacity
eb17c134-0bf7-472a-96df-9253e86ceaa2,1,Lung Opacity
7072e0b6-6ac6-4645-9053-0ba973a86ed9,0,No Lung Opacity / Not Normal
b6862fc0-31f9-4091-b8b1-256192168a0f,1,Lung Opacity
b7d328ef-e05b-41c5-8fce-76098c49d0ff,0,No Lung Opacity / Not Normal
497715df-fa64-48e6-9cc6-dcc6cfd32c39,0,Normal
d780acd3-4af3-48f2-a60a-0c56ff78de4e,1,Lung Opacity
f10111c2-e97b-4e64-8630-89977f6e8ce3,0,No Lung Opacity / Not Normal
bce1fe53-1047-4dfe-9444-bc8340cddabf,1,Lung Opacity
e7400b0d-94ee-48e5-bb7b-e05d7aa865a5,0,No Lung Opacity / Not Normal
f9a49f40-36ba-4993-976c-116c12cf166f,1,Lung Opacity
0edcf2dd-71fe-4108-9303-24d51b4faf72,1,Lung Opacity
38dee80a-f2e3-41f4-8a72-1f89f4a9c003,1,Lung Opacity
bcaa09e2-c80d-40b6-b3e7-73edd34cf994,1,Lung Opacity
40e1b2dd-8b79-4a32-adf9-23be78205cf2,0,No Lung Opacity / Not Normal
07701659-5766-4828-bb65-27d208a42daf,0,Normal
aea65669-abc5-47dd-bf4e-c0e133dcac3c,0,Normal
dcb3c8bc-5628-405b-a664-7651c88ca837,0,No Lung Opacity / Not Normal
bbc0f839-6707-42f6-9e56-c3f555d6b9c0,1,Lung Opacity
584f7e37-6bbf-4194-b671-61bcf49c56e5,1,Lung Opacity
48b71876-62c7-44c0-91b1-0952bbca6291,1,Lung Opacity
ca1470f8-20fe-4e11-ad99-9c83248e7b11,1,Lung Opacity
f9b4c07f-4d0c-4afc-bab6-96014387fb5e,0,No Lung Opacity / Not Normal
94399962-8f89-4dfa-a93f-7a3df88feca5,1,Lung Opacity
b6019839-752f-4db1-bf83-f5460472deb1,1,Lung Opacity
c6c0ca1c-99d5-49a5-8291-9cf7331ea95d,1,Lung Opacity
639b858a-eaf2-4605-9a90-25a07876421e,1,Lung Opacity
bf494059-4fe2-4f8f-a503-c340105e56ce,0,Normal
822ac3a2-71b5-4540-9139-2dcca518f09f,1,Lung Opacity
7d674c82-5501-4730-92c5-d241fd6911e7,1,Lung Opacity
f0acbeaf-8112-4510-ad7e-5c9f6bb1e9d8,0,No Lung Opacity / Not Normal
68f017b0-5e1a-4426-8214-22cce023f87f,0,Normal
e67852e9-5588-4d16-8d9c-d113eff3793b,0,No Lung Opacity / Not Normal
16295f19-6f89-4bdf-bfc5-0457e4b4bb89,0,Normal
3cfd007a-77cd-4125-900e-e0e014592a35,1,Lung Opacity
46ed3eed-7206-4235-b4d3-ffeeb54b0728,0,Normal
3b258862-6865-4a06-ab21-d18a5dfdfa4c,0,No Lung Opacity / Not Normal
bec35362-40e8-4f43-99aa-8d1eec483456,1,Lung Opacity
31d8f203-84cd-4f5e-8276-9f4ed5ebc190,0,No Lung Opacity / Not Normal
3dcc0fa9-312e-427f-9a03-132bcb72b3e0,1,Lung Opacity
5b0c3016-c88d-4b19-82f8-bee204b8e12c,1,Lung Opacity
284a890a-955c-48a3-b085-14363c3c5d89,0,Normal
bfd60c29-4ac3-4bc1-be29-579a65a843cd,1,Lung Opacity
05fe70c1-4cc1-42fb-9303-083fd29dac0f,1,Lung Opacity
3ababfb6-429d-4d8b-92e1-4ef161ce0ed0,1,Lung Opacity
48235c65-9a41-426c-b695-a01590d15333,1,Lung Opacity
8e7e263a-89fe-4157-8e31-b847f3eca9ed,0,No Lung Opacity / Not Normal
328ca6d8-ae49-41ad-9e58-823c8049b1bb,1,Lung Opacity
32e1b26e-976d-4169-bdce-f9863ce88fde,0,Normal
477cd50b-52f1-4994-871b-91cf32fa3174,0,No Lung Opacity / Not Normal
45e18056-b7eb-4477-8eeb-7b740b61e093,1,Lung Opacity
3e5b62ec-4b34-4f62-bb84-7b67421cb37c,0,Normal
3fd78890-11cf-4bb2-88ac-0a8e7fc54c61,1,Lung Opacity
ba63abc0-5a00-4ebd-9a89-0972ea1cb7d5,1,Lung Opacity
c2b612b7-72d6-4224-87d1-2e55e4ba905a,1,Lung Opacity
1ba15f4b-4b0e-4d13-8937-fd3e0d34babe,0,No Lung Opacity / Not Normal
3bba8ae0-61b8-4682-8b16-2e08078878b9,1,Lung Opacity
39ced0d0-246c-430d-9bea-efc60bfa487c,1,Lung Opacity
9353a231-323a-469f-a7ad-706f900b1202,1,Lung Opacity
cbf90d22-07ba-40c0-b043-55ab73851ba3,0,No Lung Opacity / Not Normal
bc6dbf80-6754-4d9e-8bd8-2c225594cf7c,1,Lung Opacity
fbf7eeaa-32ff-4e80-9b44-37c686a6d4db,0,No Lung Opacity / Not Normal
a069b05e-0957-454f-af9b-8daa65d406d1,1,Lung Opacity
69d59bc1-1925-4149-a138-217606d1a41f,0,Normal
8a490865-4287-4c1b-b376-55af774a2fce,0,No Lung Opacity / Not Normal
bc34f68f-0c2b-4e9e-be5e-377f531a1207,1,Lung Opacity
55e6396f-23e1-4553-a2be-a825dc70a57a,0,Normal
73d61528-0457-4796-9ccf-6d23f76bdd73,1,Lung Opacity
bf7b0977-4f77-45a7-8c03-77602f82b905,1,Lung Opacity
6d0d2d29-ba30-40ef-b9a3-822b522ffb51,1,Lung Opacity
5848e2cd-4a74-400f-8fe8-f78c136a2ec3,1,Lung Opacity
eb67aa12-22e7-4c47-b70d-729373418d04,0,No Lung Opacity / Not Normal
7d9de861-2aa8-49d6-a2c5-47a5d7e1d06f,1,Lung Opacity
f1dfdb40-da03-4577-95a1-da4b170613d1,1,Lung Opacity
f45c7f95-8c7f-4660-8c23-c4da2e293f0d,0,No Lung Opacity / Not Normal
7519dec4-fc14-4b3b-821f-e440ec83624a,0,No Lung Opacity / Not Normal
a770c776-65f4-4630-8b51-0a458a96780f,1,Lung Opacity
7d93788d-2fb5-41f1-ba86-477681241879,1,Lung Opacity
5e6e07b3-53be-4896-bb9e-0c35f0fc3409,0,Normal
b75aac14-6da7-4b40-9e68-674f50c98a3a,1,Lung Opacity
0c77d941-5f63-4e2a-9c1e-4a58043acd55,1,Lung Opacity
c66a7dae-54da-4c59-9d4a-4319e5980265,0,No Lung Opacity / Not Normal
a14c9773-4ff1-44e2-882d-6e37a1a5af3b,1,Lung Opacity
d62fb630-b633-4b16-b533-79c594e9f0e9,0,Normal
fcf5cd90-1a5d-4e45-925e-ff82dcbdc0ad,1,Lung Opacity
bfe286fa-8ab8-4a98-acaa-b4349464cdfa,0,Normal
c42f4515-1bf2-4f63-a815-fa2e5bd45016,1,Lung Opacity
e9d5d7c2-0f97-4084-8702-1704e44083b6,1,Lung Opacity
17c15be0-a3be-49a4-a923-955ff5c962b2,1,Lung Opacity
b34524bc-e812-4067-a0e8-bd7185bfb814,1,Lung Opacity
3f774e0d-f367-4fa2-98cc-82845d21d5f6,1,Lung Opacity
4de71e08-58a2-4780-bf0f-24cd2ffaa6b2,1,Lung Opacity
ce5f8ade-0760-4a40-906d-301cc6bbb87b,1,Lung Opacity
83bb8d1a-8486-4ee9-885d-17ddffde40fa,1,Lung Opacity
8804ca6a-c3df-4962-8945-2c334f9c1e08,0,No Lung Opacity / Not Normal
9ec6e281-84bf-4b6b-be0d-0ccd279257cc,1,Lung Opacity
35477f5b-9747-4f99-b1ce-7c97150cccfd,1,Lung Opacity
80be4d23-bdd7-4b44-9ce9-0c269584eb61,0,Normal
e77e5857-d114-484b-acbb-9736ffb750c3,1,Lung Opacity
a8871908-bd16-4349-8662-36827a88736b,0,No Lung Opacity / Not Normal
fcc27b71-0bb3-425c-95f3-063ed01e10b9,0,No Lung Opacity / Not Normal
99efd5d6-8ca9-4997-82f4-82a6d28c6b53,0,No Lung Opacity / Not Normal
b6f02ca4-bbfe-4728-a2a3-74ec9c55b281,1,Lung Opacity
c3e28b77-4477-4e36-89a7-ec0713349d4b,1,Lung Opacity
3d8ebf19-bf2c-4dff-9c25-25aa15d1ed88,1,Lung Opacity
77b4e9ec-9002-444f-b3a5-9e5ab9dacaa5,1,Lung Opacity
27d1956f-5e94-4fa3-b1ee-0fb2896d9c7d,0,Normal
077ff78d-27ef-49d4-9e8e-00e458844a3e,1,Lung Opacity
ea223306-8805-436f-b2e5-2605e16eaa26,0,No Lung Opacity / Not Normal
d667579e-aa2d-461e-a869-4799ad466add,1,Lung Opacity
5a5e64b2-2a06-4a60-9d1a-fb6c4b6efa55,0,No Lung Opacity / Not Normal
9bfd4fb6-ed78-41a5-9085-3282cb64fc63,0,Normal
b6a763e0-aa38-49b5-a256-e119e8a90c39,0,Normal
d4b3478b-d430-4c89-95b5-1c1c27c8eb71,1,Lung Opacity
436e8051-b69b-4557-a8fe-90b40230e01e,0,No Lung Opacity / Not Normal
01d4fa0f-97a0-4522-b0d8-134400db2a3e,1,Lung Opacity
ec55e4ab-ecdd-4265-a5fa-d84ee0af1e0d,1,Lung Opacity
8dda3f06-b2fe-40ca-ae22-6457c956c3bf,1,Lung Opacity
03d5bd1e-47f5-43cd-a94a-6ed6e456646f,1,Lung Opacity
3b2cd577-6e31-4b41-8349-dacac273aadf,1,Lung Opacity
564eac4e-bec9-4cd6-94cb-cc6ba78983b9,1,Lung Opacity
45e249f3-bcfb-4a4a-af37-8252b32e8f8f,0,No Lung Opacity / Not Normal
add89c20-44cf-461a-9857-c41d753d4062,1,Lung Opacity
1555f6ac-0266-4120-b948-697809f139a1,1,Lung Opacity
401a7008-815e-4778-92b0-923f8aee904d,0,No Lung Opacity / Not Normal
6e9ba3d1-a0ff-4847-a865-5c649f319aa2,0,Normal
976ef2ee-e58b-4f48-851a-1709c0f3ce4f,0,No Lung Opacity / Not Normal
180bbb1f-4105-4fa1-94cf-5bb8294eaae8,1,Lung Opacity
02cfa7d1-61e0-4d9e-8664-9a7469ccab76,1,Lung Opacity
1aeb19e3-7365-4d66-afef-5157a3aca280,1,Lung Opacity
ac7bdc8e-b181-41c1-8186-f12472ad3899,1,Lung Opacity
0906c2ce-d3a7-43ad-af1b-1dadf70d8cc4,1,Lung Opacity
6fdc7f46-9466-4a4b-b9ce-46db674cfb34,0,Normal
f97a1f8a-e676-42cb-b65b-f4aa62a5341f,0,No Lung Opacity / Not Normal
c6195ab0-2904-43a0-9f9f-c61ed6b0f9a3,0,No Lung Opacity / Not Normal
37914eb3-bbb2-4468-80aa-6a8482204fb1,0,Normal
3f2bb376-afc0-4bd2-94bf-64b55746917f,1,Lung Opacity
a0b40a4b-c7a5-403b-8b42-7664621183c6,0,No Lung Opacity / Not Normal
a228d0c7-b6aa-409d-98df-569809daa353,1,Lung Opacity
60670c26-f00c-4139-973e-280d02a2d74d,1,Lung Opacity
cf7b4277-f473-41da-af06-b7efe122a61d,0,Normal
60d3e1bc-5e25-40b6-bd12-ddbd2a3df8f4,0,No Lung Opacity / Not Normal
5a0d6bd1-92dc-4a45-87b4-0ddf08012a50,0,Normal
098435af-3834-466a-b17a-038ac4f0e464,1,Lung Opacity
895e70fc-1bea-461e-ba21-9d2be5fc20f2,0,Normal
8fcccb09-858d-4e00-9d3d-09f499477fcd,1,Lung Opacity
f5a9f284-5c9b-4eb1-8c03-aa2bf65bb9e6,1,Lung Opacity
947e8c14-5f0c-4ac6-b6e8-cd1d06bfe1eb,0,Normal
074f8729-c5ea-4830-8249-9a04208eab5e,1,Lung Opacity
3fbcdd00-8633-4bcc-a264-9a013073443d,0,Normal
c5f707b9-acc7-4c16-add0-6f0d60d8f5c1,1,Lung Opacity
3b57df96-2208-4717-9d32-0d54ebbee4fa,1,Lung Opacity
33f0fb8e-35b4-4680-8f22-990a36899bfa,1,Lung Opacity
05d3817a-5535-4e77-8dda-d4412e496c81,1,Lung Opacity
57c7a66f-46aa-40cc-a1fd-67511f5d67f7,1,Lung Opacity
a445fa0d-51c8-4e5f-aac8-7f2e551c67c3,1,Lung Opacity
41aca716-6c71-40be-9b0d-b9a0bb28d490,0,No Lung Opacity / Not Normal
bf2703e3-8466-431a-85ea-15a1f6976d0f,1,Lung Opacity
8b3a6f49-caac-41b9-be2c-93b0def7d93b,1,Lung Opacity
78647486-de44-4da8-8401-8fd8f3316250,1,Lung Opacity
31739fc0-50fd-49e1-aeed-d7e39f7106fe,1,Lung Opacity
a332b7c6-2db8-4158-a01b-ab2baff58cdc,1,Lung Opacity
f07c618b-3c6e-4411-b236-e2b16647b1a9,0,No Lung Opacity / Not Normal
3198c328-990e-452c-81d3-4b149f54421a,1,Lung Opacity
13acd418-a94d-4b36-900d-c13b9bd048c9,1,Lung Opacity
41c5cb4a-4ebf-4774-b088-c14ea99f734d,0,Normal
3d6c05e8-8db1-4d72-8cb5-8068b649161b,1,Lung Opacity
da523b62-a061-41cf-89b3-d4e2efce0dee,0,No Lung Opacity / Not Normal
9c3edffc-7981-40c3-84b9-d719e49ce1db,1,Lung Opacity
74fc0444-3b29-4b22-8e3d-6a92f87f725f,1,Lung Opacity
ae5d10d8-1ed8-456f-886b-8689db2a0ee8,1,Lung Opacity
d85118d0-c7de-4397-a6da-b60ff8a249f0,1,Lung Opacity
9c28904a-278c-44ad-b4a9-7f5bc3ae58a6,1,Lung Opacity
7778b60b-88d8-4abd-bd64-98aee6add0ef,0,Normal
6e0f6f55-effa-4743-a858-6f2f2e1f4ec0,0,Normal
04ce0574-5d18-4661-973f-7bfbb0707a1c,1,Lung Opacity
9a543e59-766e-4da2-82aa-a891682b2793,1,Lung Opacity
e5a3ce34-5ab7-4974-a7d7-2e2206d06a83,0,Normal
7f011de2-72be-480f-b9aa-4967985778f0,1,Lung Opacity
d0a82689-3088-4fc2-a348-7d3cc19c6ffa,1,Lung Opacity
9f2d2fba-214b-429f-a633-48dec946998a,0,Normal
02285fa4-35b7-4af6-b88f-3cac45a7f5c8,1,Lung Opacity
e221481e-ae08-4364-8377-ca457c4b5e2c,0,No Lung Opacity / Not Normal
bcbf06b4-ed44-48aa-a498-a7147c063d4d,1,Lung Opacity
0ca8314a-88e7-4661-b5fd-3bdee5fc2616,1,Lung Opacity
4ca369d7-eb3e-4713-b856-a5eabdbdf5db,0,No Lung Opacity / Not Normal
60370334-2b17-4c9d-a05b-b5746bdaa3b1,1,Lung Opacity
03cf6091-89c8-4ea2-a3d5-7ce26cc422cb,1,Lung Opacity
b7b1abfd-c7e8-4404-aeed-b3a3b489443f,1,Lung Opacity
c3751c94-ea6f-4a7c-b3bf-87a54012fa80,1,Lung Opacity
79197c53-7622-48f4-a3ae-916be7696c0a,0,No Lung Opacity / Not Normal
11c4dd33-9f7a-4b01-804e-051ab0d0e3e6,1,Lung Opacity
3a59f032-5ef9-4452-82b4-8dfddcbfe46f,0,No Lung Opacity / Not Normal
ad07e798-4dea-419f-94c3-f6ae51875465,1,Lung Opacity
b6c5ae6e-eee7-49a3-8fe4-70abda58ac5d,0,Normal
b7f61871-5e78-4b27-bcc8-7c452c4c746a,1,Lung Opacity
a94b358c-1e82-484b-a36b-462bd297f9d6,1,Lung Opacity
b1c0e005-6c1f-4231-b878-415b4cf1b578,1,Lung Opacity
a37dc7a9-8b22-461b-99d2-c77109da8220,1,Lung Opacity
b51afcfc-3d2f-413a-b657-606313d0c093,0,No Lung Opacity / Not Normal
dbfdfa23-441c-4f30-b386-ecc3276d5552,1,Lung Opacity
165e4595-deeb-4910-b06b-89e2fba035f6,1,Lung Opacity
7d3b3dd0-2fa5-43dc-a84b-673bc0eebaa7,1,Lung Opacity
b5f4a26a-9d4f-44fc-9040-c4f0b9b75743,0,No Lung Opacity / Not Normal
bf70fe89-62f9-4df6-9372-71e16debdb5b,1,Lung Opacity
7469db63-0c15-4e73-b6c4-9df8c2b9dd6c,1,Lung Opacity
6df651b2-6d01-4155-a1bf-4808810c586e,0,No Lung Opacity / Not Normal
1f393b78-0251-4f0c-8ca7-39fc54f8ddc2,1,Lung Opacity
e3a1a1c3-bb46-4ba9-aec9-7b59b96cd728,0,Normal
93986f45-f0ed-44c0-bbc4-15bfe78ec6da,1,Lung Opacity
68ea9d5b-d79e-443f-8cfd-63263f51c6ee,0,No Lung Opacity / Not Normal
a48feae6-ccfb-4c0c-8fda-80b91a40c99e,0,Normal
be53e067-4804-4ffa-9fb7-d7855ad3bf62,1,Lung Opacity
c23c618f-e18e-452d-bf46-809f17c707b9,0,Normal
f07930eb-edda-4f4d-8653-d303c9b18e89,0,No Lung Opacity / Not Normal
a6e29ab5-cb08-4bae-b028-f97cf3bfd943,1,Lung Opacity
b2592a14-6876-4e33-a1c3-ab09cd7c774f,1,Lung Opacity
a66d3ed0-cbef-4cbd-9748-12f48a463f73,1,Lung Opacity
4f7ffff6-9e9e-4bf7-bb8a-abdce9b24a46,0,No Lung Opacity / Not Normal
7086a7d5-056c-4752-8523-51929ca5e412,1,Lung Opacity
3a483825-5dc2-4318-b0a6-7378f155df2c,1,Lung Opacity
eec5fd7f-f418-4071-8a30-60e16a11d9a4,0,No Lung Opacity / Not Normal
85929859-0277-4118-8775-a4b1ca637dfe,0,Normal
3d33aaf8-2163-4126-888b-1596478fe2be,1,Lung Opacity
1620067b-02c9-4f3d-9b49-a1b7f6f77358,1,Lung Opacity
b877bb8d-e274-483d-9586-397dc8897d45,0,Normal
5da671da-84f7-4847-9995-334ecf044f86,1,Lung Opacity
b4037984-e61e-46fa-be41-329da7ccac53,0,Normal
a10862b8-f4db-4719-b01e-79276d36694e,0,No Lung Opacity / Not Normal
66871bb1-8352-41d6-85e0-b84f339561d2,0,No Lung Opacity / Not Normal
bccfca36-e582-4add-b1fa-3de21834d134,0,No Lung Opacity / Not Normal
0cd3f245-763a-4db0-870d-3ee1a3c6bdcb,1,Lung Opacity
905cf7dc-9b4f-4c3d-816c-65c3b6be7237,1,Lung Opacity
3fa9f026-6175-4e8d-b6eb-e42bf92ba727,1,Lung Opacity
8a88074c-67c4-4ab3-a573-54e1ed1f9c3e,0,No Lung Opacity / Not Normal
65dda14f-8133-4d11-8a27-744a5dfac03a,0,No Lung Opacity / Not Normal
f5920dcb-fa9b-40fd-95c6-5adc7ca33b78,0,No Lung Opacity / Not Normal
63c01cd9-123b-41d3-b260-ecde1a066045,0,No Lung Opacity / Not Normal
d0750b9f-c013-49a9-a392-1d64d36a0de0,0,Normal
bc9bd81f-13cb-4fb1-acb8-2f79d4d58954,1,Lung Opacity
6bd155f1-693f-4343-8d38-dc0d1cd9347b,1,Lung Opacity
a2708a20-2a3c-43e4-9135-c395e7ba4fc5,0,No Lung Opacity / Not Normal
4fc9b637-f7b6-455b-a60d-c561ff653b6f,0,No Lung Opacity / Not Normal
ba6d52f7-d113-48aa-8adc-49f963ed8979,0,Normal
cd320bb4-874c-43eb-b0ad-edcf6cb89c75,0,Normal
628d8457-2bfc-464f-ab09-4068bd9c6a5b,0,No Lung Opacity / Not Normal
cc75eab7-789a-4d00-98b5-9531cfb9e2f6,0,No Lung Opacity / Not Normal
46589ee8-5fe8-4b85-91bb-b5e99bdc8cc3,0,Normal
ba8dda59-405f-4d2a-be87-82cfd714fc6d,0,No Lung Opacity / Not Normal
d5ef15ee-8feb-4e32-a349-908feaaeb108,0,Normal
35ab0be2-1772-4ef7-b8f9-45e5e371ac11,1,Lung Opacity
c1415e26-fddf-4a0c-a7eb-7b9a0d9e9983,1,Lung Opacity
2d6d00a6-a1e4-4423-879c-3fb846daa88c,1,Lung Opacity
a561b26f-fb7c-452c-b651-9588d51770ad,0,Normal
cad26b43-35ef-4bdf-8244-a7fd9172f9d4,0,Normal
97260777-d4e5-4fcd-ab3c-43c0c3d6852a,0,No Lung Opacity / Not Normal
ccaf52bd-a6a7-4ac3-9237-b0ea906035f0,0,No Lung Opacity / Not Normal
732836e0-76c6-4bd9-9798-b7039f6b6e14,1,Lung Opacity
6bb66994-3a49-44a3-8469-88194055b0b1,0,No Lung Opacity / Not Normal
090abf67-66f4-413b-ac4a-bfad36e07e1a,0,No Lung Opacity / Not Normal
55a8fd40-5cd5-41a7-b23b-1b2bd671db04,0,No Lung Opacity / Not Normal
5c362c0e-dab1-4a4a-80c2-eca48c7c0dd0,0,Normal
f2fe90de-1a09-42a9-9cba-2b8a5b69bd85,0,No Lung Opacity / Not Normal
697491a0-2dfb-4d33-ace5-e824a637215f,1,Lung Opacity
49b95513-daab-49bb-bc6e-c5254ab1bc07,1,Lung Opacity
ec8ab6f6-b08d-4768-86a1-07367371a0f4,1,Lung Opacity
729ad38e-12b9-4bc5-8773-cd1615b5bd04,1,Lung Opacity
761418cc-7757-4cfe-8b26-9e76c955487a,1,Lung Opacity
ff21f6b8-5ebc-4097-a402-54d203884923,0,Normal
cc7ab8d7-56f9-45e8-b585-c3dc132de8cf,1,Lung Opacity
aec75bea-7a4a-4ca6-8e82-bf3f05963c9d,1,Lung Opacity
04f9bcc7-8886-4e1a-a938-122d3a065e12,1,Lung Opacity
b00f4013-c09b-4067-b9ad-f9a5a5bb99e2,1,Lung Opacity
a23ac27d-83b3-48b7-837a-dbbe83752ce3,1,Lung Opacity
d004235e-86e9-42bc-aed9-687ae201c643,0,No Lung Opacity / Not Normal
9e98ccb4-e0b8-44de-acd0-4927030264d3,1,Lung Opacity
5a8e51d4-1b33-45b3-8f96-5a4027462cbc,1,Lung Opacity
eb061685-c06f-400c-ab24-a7f702684c02,1,Lung Opacity
3e439e6d-97d9-40b8-b201-794a5ce5ff1e,1,Lung Opacity
a854ff6e-d36f-4edb-b12f-6fd9f48e614e,0,No Lung Opacity / Not Normal
e619bef4-ed63-438f-8c2d-dd823c313678,0,Normal
ffc9e552-ca53-43a8-a156-b0f97f0d40f3,0,Normal
8f8a8f8c-b8dd-448a-a4a7-81725240f1cb,0,Normal
8962fa2c-bffb-455a-a57e-2b86d6e0d2b3,0,Normal
3b31cd2d-db9f-4671-8adc-c41203f013ae,0,Normal
af22f5c3-c994-4902-96b2-8c75eb5e8e4b,0,Normal
2bf8a7ed-b4a5-4ea1-b8e8-cadc7f7adf2d,1,Lung Opacity
e4deb360-4f7e-45c8-9412-5936ae022362,0,Normal
5c1da86d-efab-4a72-945d-c0e9ec09623c,0,Normal
018951e6-9fb3-4e92-8ce7-e3a018daf93f,1,Lung Opacity
9de7304a-bda3-4aa7-8002-c7b1b662745d,1,Lung Opacity
2449f649-1a19-40b4-8d17-bd6f272377bb,0,Normal
321aa7d0-ba83-423d-98d0-b2b89360951e,1,Lung Opacity
8b2e953f-7c4d-48ee-ada6-8d12f1b4025a,1,Lung Opacity
76cee8c3-d2a0-47c8-9755-b65d3c152134,1,Lung Opacity
fb7f9d1e-4d67-4ab7-bde9-6e2fe336f197,0,No Lung Opacity / Not Normal
c8aa0068-f21c-442c-9487-afbea7b126a3,1,Lung Opacity
bf639c3b-ca63-4ce9-ab5f-80cd0c2d7a5d,1,Lung Opacity
48f6aadb-b69f-45c4-b9e1-186105e770f9,0,Normal
ba29c8c8-c116-4b8e-b8d6-ec870ca9f9e5,1,Lung Opacity
15de0e36-aad2-49f5-b797-dba25cc0c500,1,Lung Opacity
4a7c218d-1374-4f0e-9c6a-97599dcfbdc3,0,No Lung Opacity / Not Normal
2e853bc6-714b-4092-b570-ec70dcc13911,1,Lung Opacity
e3314152-aa5f-4dff-93f8-93dc0bcbe57b,0,No Lung Opacity / Not Normal
c4400499-489b-4867-973a-06747a8261bb,1,Lung Opacity
b42b9ec0-f492-49ac-b87c-f88b058f7a17,1,Lung Opacity
ea475b41-c5ae-4d80-b5bf-d5af6f1b0c70,1,Lung Opacity
f61c2271-a0f0-4a88-a803-71bd7dba0be9,1,Lung Opacity
5b6f828f-98b3-4a29-b93c-763594d135fd,1,Lung Opacity
90e7387a-be9f-4560-8155-e8f17d7c96f3,1,Lung Opacity
adf7e674-fb5f-4f3c-a302-961d784bdd48,1,Lung Opacity
177648ba-1d97-4195-bd33-f4d11e826aa8,1,Lung Opacity
f9715e1e-5d0f-4616-9bb4-c98e105acab1,1,Lung Opacity
5c28edea-7b30-4306-809a-7037c9a8d7b0,0,No Lung Opacity / Not Normal
d288b5f6-f976-4fca-b7a1-b64cb6475d51,0,No Lung Opacity / Not Normal
3734bc4a-f4dd-4022-a23d-39b41ac8ec3f,1,Lung Opacity
376a90dd-55c7-40a7-b5ea-73cafe9d75aa,1,Lung Opacity
ea4e3c77-6956-4ba1-9c73-3bc93c1f0398,1,Lung Opacity
5a2f1408-caa2-4f0f-b14e-71ee713dc737,0,No Lung Opacity / Not Normal
fd72c1b0-9525-4bcc-b70e-15e1755c1b7a,1,Lung Opacity
0702a884-c189-4a05-bcf5-dc72f4f406fc,1,Lung Opacity
372f17ff-2906-489f-92b8-c778489064ef,1,Lung Opacity
fb533c87-6972-43e0-9a98-0144c900246f,0,Normal
67bf005e-6939-47c6-a73f-8eeec0df47bb,0,No Lung Opacity / Not Normal
bfd6493b-7b0d-4bb6-a7ed-bd69007dc433,1,Lung Opacity
cf417f5d-5b23-47e0-a1ea-69e79994d31c,0,Normal
51f85d4c-7d59-4657-86f4-96a24ebd1549,0,Normal
4fee1a16-bef2-4115-8527-a280735ca77c,0,No Lung Opacity / Not Normal
68dbe4c9-2671-4c71-8a42-ab6dc868105f,0,No Lung Opacity / Not Normal
71231f52-c755-4f52-956f-eab77b9434f5,1,Lung Opacity
85444c90-e9d1-42cf-8ac4-f9968d27473d,1,Lung Opacity
18fa0b55-548e-4298-8f66-13f255bdb6b1,0,No Lung Opacity / Not Normal
e542d5db-28c5-4e73-aa47-a441143887cc,1,Lung Opacity
88f54073-788b-4ea2-a120-e3107a930ba5,0,No Lung Opacity / Not Normal
d7442200-deb2-4b6a-88dc-2a5e2180dedc,0,Normal
46e6b4be-e2aa-4b5a-8917-9c0846ac0430,1,Lung Opacity
cfa7f7e7-a340-462d-a291-d60702b97456,0,Normal
b5744059-ed7f-4d37-be1d-293a62518c1d,0,Normal
d4d78866-6c1a-4632-879b-191b01045cc1,0,Normal
94ae3bbb-8079-4a25-bd9b-5aaabfb38948,1,Lung Opacity
3ea07f33-3cd8-4a27-b680-8e1bc57aa1b8,1,Lung Opacity
192f3509-9413-44f1-a585-57829f15ad38,1,Lung Opacity
32bac08d-957e-44e0-9c11-26657e24170b,1,Lung Opacity
da3a8dab-cbd7-4138-8bfb-bf6f3126f6f3,0,No Lung Opacity / Not Normal
4f90568e-6ab1-4e42-8046-4b65529217c0,1,Lung Opacity
0587782c-ac6b-4ae1-8ffb-ce894d09f75e,1,Lung Opacity
1d193b54-7f79-4a6a-bcaf-352a03025019,1,Lung Opacity
5534eab3-2d20-4921-a785-1afe09cabd4a,0,Normal
e6a915b0-0a5a-467f-97da-ede1e3dc47a9,0,No Lung Opacity / Not Normal
f445a565-4abc-4f5c-8abe-ae7ad2e823ab,0,No Lung Opacity / Not Normal
bb8367d7-725f-46e9-afd8-90e89043b032,1,Lung Opacity
b04f96a2-e122-43e7-93d6-f82ca84f6706,1,Lung Opacity
6ad6525d-5225-4623-9f5a-65816cc3436f,1,Lung Opacity
08ee8fda-45f1-4f46-a5ac-315a8d4dd196,1,Lung Opacity
24bc6cbc-3ed9-455a-8fbf-f106ce3e1e59,1,Lung Opacity
f01116f3-b041-43e1-9b45-32c8d0997b86,0,No Lung Opacity / Not Normal
42da1a6f-7984-4d82-b10a-603b8e3724c5,1,Lung Opacity
bc45556d-61f2-43c6-b886-21bdc59542e7,1,Lung Opacity
3ecb102b-21f1-49bd-babe-32c3c0e32e48,0,No Lung Opacity / Not Normal
b84fca75-6c3f-4026-b65f-c9130c409e4d,1,Lung Opacity
5b684669-0ee0-44ff-851b-e2f6146c7e30,1,Lung Opacity
bc43c9bb-f3dd-4312-b55e-eb84882b7155,0,No Lung Opacity / Not Normal
93bcc9bf-872f-4338-888f-c755b5be7bcb,0,Normal
fbe7bc54-f73c-498c-b63e-c04a9008bec3,0,No Lung Opacity / Not Normal
18dea804-4283-4c5c-94ea-47c42bbb619e,1,Lung Opacity
1eeb2724-6472-4771-a251-d8a55633851d,0,No Lung Opacity / Not Normal
2d9bfa9e-b4c9-4ab2-98d6-f821d61435e2,0,Normal
e36d833c-97cc-4078-bdf4-b88ff5cc767d,0,Normal
34a24f18-584c-41df-b0c6-2cc9fc5cc0e3,1,Lung Opacity
bb65756f-f78d-412a-b5e6-c7fe81c9eb4b,1,Lung Opacity
1617a0bd-1dcf-45a5-8f0c-e0fcbadd48ce,1,Lung Opacity
ff42a2f1-c01b-40a2-b068-db3191a83d3d,0,No Lung Opacity / Not Normal
3ed830ca-6746-47e8-b91e-0cfeeff9f9d2,1,Lung Opacity
3aed4a87-9c2e-4c32-a082-25b918c4f76d,0,Normal
a3215a02-302a-40c7-ab0e-e1159cce77f6,1,Lung Opacity
4852ff69-c93b-442a-8359-90fd09c6bb1d,0,No Lung Opacity / Not Normal
9ae26474-0da3-437d-a0dc-744b8c474bba,1,Lung Opacity
a5a9dd5d-a04a-4085-a84f-3fb30f1ffba3,0,No Lung Opacity / Not Normal
29b9a5ae-56e4-4e15-a78d-cbaeda0c276a,1,Lung Opacity
25651f11-e9b6-423e-a9d0-d20347cb4caf,1,Lung Opacity
35ffa64a-fc84-4582-95ad-40d4eab93197,1,Lung Opacity
c9299322-1d78-4d83-8f7c-45487ff01cc2,0,No Lung Opacity / Not Normal
25518fc2-dbc0-4c43-858c-e5a3b8e6c892,0,No Lung Opacity / Not Normal
7e30d243-74d1-4ead-8c47-be631669b1ae,0,No Lung Opacity / Not Normal
818c3ac1-b27c-4d9e-8849-f97127647c97,0,No Lung Opacity / Not Normal
9e9cdb6c-1a5d-4bc0-8a66-e0bef45f625b,0,Normal
ebf2bdff-9e1a-4365-9010-738d58b62944,1,Lung Opacity
c95f9e50-76ab-4ea4-a481-a7b5e23b7114,0,Normal
5cba9f5e-623a-4857-988f-e08ce086f36c,0,Normal
778cae69-d2ce-4217-be96-e2dcc699969c,1,Lung Opacity
17206d92-b7ac-4ff7-a7f0-026fc3a8c68b,0,No Lung Opacity / Not Normal
7dd7ae0c-bea8-4b2e-89e9-c6f55ce0529a,0,No Lung Opacity / Not Normal
bbe656f0-f2a0-45cd-8e5e-c6031d36cc1e,1,Lung Opacity
d5e1c771-f2f2-4a2a-afbd-4b14b3198500,1,Lung Opacity
f9538c72-0f7b-45e3-98a8-de3e4434fe4d,1,Lung Opacity
429fb0ce-b3ec-456d-821e-49969d2c54a0,0,No Lung Opacity / Not Normal
878227c2-2982-4efc-a5c4-80fd2995d17a,0,No Lung Opacity / Not Normal
861a323c-3d49-4358-86bc-e5240f9e4246,0,No Lung Opacity / Not Normal
11a41e42-fdb4-4216-9e04-d4914fe2186e,1,Lung Opacity
a35df48c-325d-4b85-8f4d-5b96e886634e,1,Lung Opacity
d2110d1b-304a-4989-afc1-76b600a9bc61,0,No Lung Opacity / Not Normal
e97da81f-c608-49cd-acf5-4ec961861bbd,1,Lung Opacity
ba37bbbb-ef26-411d-bc1b-7f8980fbc72d,0,Normal
a288ccb7-b58d-4411-a5da-6dce74957e74,1,Lung Opacity
86b4fe0b-3545-4b94-abcf-7710922257ce,0,Normal
e22ba2b8-f82f-4dcc-9992-0996e834ba25,0,Normal
77633bed-c31b-466a-946d-6624b97231a8,1,Lung Opacity
63488597-cd7b-4ce7-a22a-efedb7195978,0,No Lung Opacity / Not Normal
79956cb1-e48b-4b95-92f0-c4f41a6bd1f5,1,Lung Opacity
b2fca33f-a7d4-4a8e-a6fe-2fcc48b7d1d9,1,Lung Opacity
ccb56286-f7d5-4786-82bd-b6b3e18e2149,1,Lung Opacity
842ee9d8-de33-4eb6-a79b-c9b28f21f98d,1,Lung Opacity
31692137-f770-4cfe-a02e-fd207ce813ac,1,Lung Opacity
9e2df0fb-8488-4301-9e4c-8ca2457fca54,1,Lung Opacity
b5df5721-d026-4638-8b8d-67260798f6a7,1,Lung Opacity
3c4cb955-7052-43c2-83f6-01ed9b47ba93,0,Normal
75f4cf02-abf5-49ce-935a-63b27e43d09c,0,Normal
b2314db2-44f7-4fea-9a4a-a0d22f518ac6,1,Lung Opacity
25e09b01-feee-4917-b64d-4922b4670ffd,0,Normal
6621c777-04aa-4b8b-9e16-f27dfe5de100,0,No Lung Opacity / Not Normal
fb3e28f5-b1a3-4e67-82af-09e2746b5624,0,Normal
98170722-6cba-4e3a-8b9f-fba220d8e7f7,1,Lung Opacity
42c5ee55-68c6-4136-a533-779a9c4438b7,0,Normal
cc1cefc7-0cb1-4ff1-af66-2bd8e8dd5d57,1,Lung Opacity
7ff0e498-ab0c-40fb-8b1b-b6cbaf800a8d,0,No Lung Opacity / Not Normal
4fd6daa4-31b6-44ac-870f-01679361d978,0,No Lung Opacity / Not Normal
598a9d0e-f27d-44de-beb1-3929a674be25,0,No Lung Opacity / Not Normal
40dbceff-201d-4889-9aa1-2064246fb6b8,1,Lung Opacity
a2c7baa7-e6f5-4409-bf23-d96c54d6843b,1,Lung Opacity
ded57620-eb2d-403c-a908-f5499ba188d3,0,Normal
57ddcf7d-96d4-4529-a2f9-9d3c9d25ca89,1,Lung Opacity
35677465-3a7b-4356-b4f1-36136cd7186b,1,Lung Opacity
f16b2e43-66e6-4e8d-9879-63e5f0e36b48,1,Lung Opacity
584cbaff-a936-4bd7-8ef7-1298627ae4c3,0,Normal
79001124-36d7-4eb5-b68c-7dcd7d8f54cf,0,Normal
95dd5cf3-9b53-444d-bf9b-705f8ff22e92,0,Normal
c25eb1cd-f672-41f5-8ef9-c09ea5d48b37,0,No Lung Opacity / Not Normal
4867bffc-1217-42be-b3c1-5a01c8e8c11b,0,No Lung Opacity / Not Normal
07d1a89d-351c-4a75-993a-ba315142b419,1,Lung Opacity
5b72c6d2-e7eb-44a6-b625-78d2ec0008f2,1,Lung Opacity
b9bcc788-2f34-4af5-9fd5-ffeeee91eb04,1,Lung Opacity
beda2f7c-82fe-4297-916b-e22979da3461,1,Lung Opacity
203b7f39-41eb-4b06-ae00-387fbfa45dd8,1,Lung Opacity
bfbea630-4c43-485f-b1b2-0e5715109ae3,1,Lung Opacity
bd2e9bc1-cdd3-47fb-8814-f111085939a6,0,Normal
e84da550-d09e-46cd-94c1-617b6d7aa461,1,Lung Opacity
0f712b0f-1966-40e9-a66a-1025198a6966,0,No Lung Opacity / Not Normal
41b00808-a610-492c-b2f5-82de09d84366,1,Lung Opacity
fdc8b07c-8c97-4022-ac84-347f8072f07a,1,Lung Opacity
adbd0f93-b694-41f2-947e-44c7804cacb4,1,Lung Opacity
0d77cf1a-64d4-4f8a-938b-9b838d549090,1,Lung Opacity
79bb5ea3-ca6c-4d75-a379-a6ee6c6da659,1,Lung Opacity
eed0ad11-af1d-4c8f-8a2a-2c1a2ee405ea,0,No Lung Opacity / Not Normal
e178c7c6-a213-4023-a125-45cf59949b20,1,Lung Opacity
b6b3152f-ef3f-41ee-b015-118500c0f08a,1,Lung Opacity
d10eacc0-9e8a-436c-867c-733e3fe424f5,1,Lung Opacity
825548ba-023d-4e18-960b-e2470130c200,1,Lung Opacity
e304f03c-1510-484e-afc0-aacec02c1b92,0,No Lung Opacity / Not Normal
bb47fccc-23c4-4264-bd35-616a3c44161e,1,Lung Opacity
74f02a21-db6b-439d-b17d-81c23120374d,1,Lung Opacity
aac0f44c-3942-460a-8d75-ece0ac88ab0f,1,Lung Opacity
0c0da1cf-9514-4c21-9988-fb53c52528d1,1,Lung Opacity
3f504abe-2133-4e09-98af-743cdea486f9,1,Lung Opacity
09471800-38bb-448e-9a36-5544dd585676,0,No Lung Opacity / Not Normal
e6604726-421a-4e45-a3cf-23efa8b54206,0,No Lung Opacity / Not Normal
40346c30-cf4a-4fe3-a6a1-935ac182a551,1,Lung Opacity
7c0a140f-d56b-448c-8eb5-cc996fa78926,0,Normal
e346f91b-2da3-478e-8da9-c805570c47bf,0,No Lung Opacity / Not Normal
f8f84dd5-5c41-4f63-9d3b-23e6e04d7fe8,0,No Lung Opacity / Not Normal
72a10e64-2d93-4b61-8b90-8efef7284ced,1,Lung Opacity
7286efff-9cbf-49fa-8d22-12608fca60ee,0,No Lung Opacity / Not Normal
b5a6e376-eb68-485a-a08d-a4cca17cbf9c,1,Lung Opacity
9d5a35ff-4644-4f75-91cf-4ed3142af182,1,Lung Opacity
7894c061-9fc1-4226-83b9-4f22483a02b1,1,Lung Opacity
f6077569-6aa3-4132-856b-6bdcbdd70cd6,1,Lung Opacity
8359edc2-7296-4807-91f2-97b6fa47bc7b,1,Lung Opacity
76487cbf-9dd3-4e1e-b2f6-57c86d408317,0,No Lung Opacity / Not Normal
549ee5af-e19d-4483-9f7b-d3025dbb1979,1,Lung Opacity
f9bc0771-a7f0-47b5-8a70-3624bd3e8d6d,0,Normal
088b89f6-6847-4a20-b1ad-5887b56bbae7,1,Lung Opacity
948ad418-c89a-4476-8152-1e956ef27cbf,1,Lung Opacity
60be0810-9065-4e17-9828-b89b3a383b6a,0,No Lung Opacity / Not Normal
37b5164c-0d4e-4292-8300-cea9078d8474,0,No Lung Opacity / Not Normal
f9a571b8-65a5-463c-8ee7-db2f3728f5d2,1,Lung Opacity
308cf5b6-fcaf-4673-bc75-737b8d67b889,1,Lung Opacity
aa9ee7e3-71ef-48e3-9eac-46955dca641b,1,Lung Opacity
be026429-a687-4339-9260-64690cd3ed1d,0,Normal
f01d3d16-5d6e-4551-8c89-2c0bd9188c2f,1,Lung Opacity
c600753e-3394-4e74-9f7c-6687891aacc4,1,Lung Opacity
fec89f9c-205d-44d7-99f0-9f79669f45dd,0,Normal
b1564fdf-53a6-4629-9253-431690f09c3a,1,Lung Opacity
061b44ff-fd22-473d-853f-81da70e14a63,1,Lung Opacity
39693e31-b11e-4cd5-a626-2862cb0ede1d,1,Lung Opacity
6ed0c46e-ad1d-4fd8-87c7-cad314fb177e,0,No Lung Opacity / Not Normal
02051597-8a40-4586-88e1-8e62e421981f,0,No Lung Opacity / Not Normal
39be0109-70d7-4bec-a59e-970da31447b2,1,Lung Opacity
4cdde362-4086-4e59-bb96-c0f38b20568c,1,Lung Opacity
390eb7b5-2719-408a-b9ac-7ad6225c4889,0,No Lung Opacity / Not Normal
26df5099-c051-41e9-929d-99b6f1684815,1,Lung Opacity
9ed27b99-3235-476c-a752-abdc005fb46b,1,Lung Opacity
48f1d1e6-2393-4fa2-ad4c-25e54f084808,0,Normal
f8050782-86fe-4dbd-9a94-95d97257c2dc,0,No Lung Opacity / Not Normal
9309c5ee-d82f-4327-9754-d1173e1b3e32,0,No Lung Opacity / Not Normal
4d9b900c-2dd1-4532-aeb2-9b5f68c4b838,0,Normal
c899c10f-4491-420c-bcc3-f51aee3596a4,0,No Lung Opacity / Not Normal
99816d02-463f-49a6-9d3d-894675a31058,0,Normal
05c9c22a-fe11-4c93-bcb6-67900893db3b,0,No Lung Opacity / Not Normal
8d420869-5632-4a1d-9b75-c913472148bf,0,Normal
e6a58e74-2b7b-4acc-b15f-1af4cdbd9a4e,0,No Lung Opacity / Not Normal
d58893fa-b9e9-4d93-a75f-c0b982aff3c1,0,No Lung Opacity / Not Normal
64422f2f-ef37-4a5b-8f2d-0b3b3d7ccde0,1,Lung Opacity
eb056e61-98f0-418d-a5e9-b82bd8d2db93,0,Normal
dd1c3cab-8b7a-4922-95d4-ddfd2c686d15,1,Lung Opacity
3d259836-0ac3-4608-8384-ea7b8473709d,1,Lung Opacity
90ca0844-924a-4f74-926e-7561a808c0f4,1,Lung Opacity
0b63ee7f-9715-4a4a-a892-2ea49adbed2e,0,No Lung Opacity / Not Normal
22ce653c-e7f4-45d5-9c5e-4abdc753b1b0,1,Lung Opacity
bb6db93a-bec9-433e-9926-8aa67f09a943,0,No Lung Opacity / Not Normal
e75caca3-22a7-48dc-9b2d-d6e19db6bb29,1,Lung Opacity
31ab18de-1518-4300-b2f1-4d6278f05ef6,0,No Lung Opacity / Not Normal
ee48da1b-9ce9-4f57-90eb-5c131c285e84,1,Lung Opacity
408d434d-3508-4059-a1d5-2805859bbe46,1,Lung Opacity
69017cf1-c8b2-4b96-bce8-7823f7fa9dd7,0,No Lung Opacity / Not Normal
8dc929a6-3ca7-480a-bdcb-a2668e16a5bf,0,No Lung Opacity / Not Normal
472dac2e-aba2-4119-b9f7-37939e23e0b1,1,Lung Opacity
09fab84b-19f3-42e1-9c90-69a49b7b37d6,0,Normal
3312d44b-86b2-467a-b522-bfb1fea7511c,0,Normal
b927ae22-f24a-456b-bedb-b09416ed10ee,0,No Lung Opacity / Not Normal
2ef52c28-b6f9-4317-b062-e016efc73c5f,0,No Lung Opacity / Not Normal
81cb5132-b2f3-4ef0-8f00-0947b511e518,0,Normal
831acdb2-d7e0-4dff-aa12-645b35101488,0,Normal
865707e8-f2c1-47e8-a832-778ca4350c54,0,No Lung Opacity / Not Normal
dbd6769e-5345-4101-b72a-4fc99de38223,0,No Lung Opacity / Not Normal
59751586-7297-4037-a4a2-faf0a96cb7c3,1,Lung Opacity
74d35cd9-9847-4a97-a83a-22fc9eeb5dc0,0,No Lung Opacity / Not Normal
fd67d636-d57c-4698-876b-23e94eed5067,1,Lung Opacity
e3bfcacf-6bb6-4af1-b49f-0a3b0cda6f96,1,Lung Opacity
928efd1b-7a98-4e7d-ac8d-329650b7d495,0,No Lung Opacity / Not Normal
6c633588-a928-4c1f-aa94-4bdb618641cb,0,No Lung Opacity / Not Normal
eb211810-c51d-42c7-913b-d327c8ca4dd7,1,Lung Opacity
803c8455-d72a-4f0d-b20c-8f6e557a6072,0,Normal
cc2435ff-067e-467b-81da-2675b4612c6b,0,No Lung Opacity / Not Normal
629e7870-ff09-4de8-b5d2-1c36baf22ad9,0,No Lung Opacity / Not Normal
ca2304fd-4dd8-4b5c-9450-d9d0804cd378,1,Lung Opacity
de8339e8-3f7d-43af-9ca5-9c783d6642db,1,Lung Opacity
b97cc203-9a13-4147-b7c4-7300f05eecdb,1,Lung Opacity
5c726531-2a5a-4830-a0a0-00a781f9ca38,0,Normal
af8a9a3f-9487-454b-8ee6-65c9554f3a87,1,Lung Opacity
a90fa3b1-9f27-462b-8a1d-b2f9d89a78d1,0,No Lung Opacity / Not Normal
6f5859fe-9eaa-4a4e-bb4c-217596812fef,1,Lung Opacity
a195a887-4e7e-44d9-b9d0-a2a72b1c243c,1,Lung Opacity
4ff92c49-7068-4dc6-8cc5-8e551e7f8db8,1,Lung Opacity
dfbab2e2-ae98-47a6-8382-7bc5a618d907,0,Normal
fa68dbe4-1da4-48f3-b88d-bc0f8a6d0af9,1,Lung Opacity
8adfe40a-6de1-4677-8dbf-e92f8281c432,0,Normal
8a504f1d-b42c-4328-8571-f4e0a8e0fb5a,1,Lung Opacity
fe16b6d8-add2-4d0d-b052-96b1986b67e0,1,Lung Opacity
5f501a1e-4313-457e-90f7-c3fdb631ddd0,0,Normal
ab166102-1b92-4bf4-88c6-eaa40cf0a56a,1,Lung Opacity
cfc7e223-b50b-4204-973a-6cabce3072a0,0,No Lung Opacity / Not Normal
657e2cb9-e776-4aad-80a4-f3826adb26eb,1,Lung Opacity
3843220d-8525-4fc7-b39f-2a8b0fb77987,0,No Lung Opacity / Not Normal
4a53ac3d-7277-4400-9e6b-55e83fe6d54f,0,Normal
8acd8910-499e-4698-86fd-f4031de9c2b3,0,Normal
d6d83df1-a04a-4f31-a65c-0643cf1a8312,0,No Lung Opacity / Not Normal
5e79685b-7bcc-49d2-986c-e3d07a319a3a,1,Lung Opacity
3d505bb2-544e-4e2d-8859-ef33bf31c49f,1,Lung Opacity
1f70d7ed-d3aa-47d7-acc6-3bc978011e42,0,No Lung Opacity / Not Normal
3cf4dbff-f5ff-407e-b902-be8040ed992a,1,Lung Opacity
30181ed4-6337-47e1-89b7-9dfe63c95131,1,Lung Opacity
3f702d6d-d83b-4fb6-8078-84c586652373,1,Lung Opacity
769fd50a-acce-4bf0-95ff-98e941bc6821,0,No Lung Opacity / Not Normal
75ac9b0b-6f99-49f1-865c-3ccf54144b1a,0,No Lung Opacity / Not Normal
ed55f8dc-45a7-4416-ae94-847bb41a35c3,1,Lung Opacity
b84cd9ad-7357-47f3-910e-626667c183e5,1,Lung Opacity
38ffaafc-11bb-4ca1-8242-dbb576fc8cc6,1,Lung Opacity
d4874b9e-a350-4143-9dea-8f3282605f77,0,Normal
4ef0fdf8-39f1-43a4-8759-8b297497a553,0,Normal
e3dca188-6311-4214-9d15-c1d4ba4dea55,1,Lung Opacity
9f9e35d3-2032-489f-8729-474a160fa176,1,Lung Opacity
8a97e1ac-a7af-417e-89ba-7f3f9de8d684,1,Lung Opacity
340af340-aa8f-418d-a73b-3c11814cc1c3,1,Lung Opacity
694d1297-609a-4e80-83e8-9f7cf2e7dda4,0,No Lung Opacity / Not Normal
e5f93ebe-8d07-4753-9b2b-a6751f29b799,0,No Lung Opacity / Not Normal
e332fb1f-04c4-4317-a494-62a5cd646518,0,No Lung Opacity / Not Normal
721ca747-d0c2-45c2-adf3-4c3640034519,1,Lung Opacity
0b3b1768-5926-4084-bed0-ad9ae886d13a,1,Lung Opacity
9733dbf6-7c97-426e-8a69-91fcaa1c66bd,0,Normal
b70a7d7e-3e11-4a74-998f-67eabfa438df,1,Lung Opacity
e4d1d8e2-4da1-4df5-be2b-b0e5668a2ebf,0,Normal
dc2a32fa-d49c-4c49-bcdc-3ae6c394fbc9,1,Lung Opacity
bffeb7c8-e4e5-4d12-a45e-d4c3fc5b5867,1,Lung Opacity
b7e6c8a5-c115-4a0a-9838-e74604a685b1,1,Lung Opacity
ad7e68e9-245c-4c21-a5d2-6da5f6f9788f,1,Lung Opacity
66fa9eb2-1d44-4c85-acbb-f0952bbc929a,0,No Lung Opacity / Not Normal
f6cbfc94-c9d9-458e-8ee0-4a80a3a9e49c,0,No Lung Opacity / Not Normal
0f1fced1-4c33-44b2-9009-1370aa6287f3,1,Lung Opacity
daa5977a-a1f6-4e3d-9d50-7002d0a3930e,0,No Lung Opacity / Not Normal
32d840e8-6bee-4e0b-b942-f18304166ca9,1,Lung Opacity
c8c83a62-a214-4634-9c48-af80ba363cc0,0,No Lung Opacity / Not Normal
a13bf9b7-ea61-4bff-96dc-e6c716638461,1,Lung Opacity
94ce6989-c700-4a9c-b3c6-8c5a512b6ff1,1,Lung Opacity
b9c16cd6-aa65-4e51-938c-3eb14030bf64,0,No Lung Opacity / Not Normal
29bc3aa5-938c-4afe-8a7b-50ebd2cb5621,1,Lung Opacity
b8c6fd19-ac22-441f-8d13-d7433934baf2,1,Lung Opacity
3fc199bf-56c1-48fe-a00a-7592e3c00e3c,1,Lung Opacity
8ed37733-e182-4508-9785-5a546fd41557,1,Lung Opacity
7c240d6a-2230-41f2-a4cd-9f0d00466074,0,Normal
7e2abe5f-c9c3-44e1-9fe2-a343d651b17b,0,No Lung Opacity / Not Normal
497395af-04b8-4318-ba8f-2e79d99fc2b2,0,Normal
780579a3-2dcc-4343-9c92-de8be54e2865,1,Lung Opacity
98e031f0-4c65-4a50-82e4-e5d6191c4499,0,No Lung Opacity / Not Normal
16dc124a-6316-41a3-bf19-2f2346e56f7c,0,No Lung Opacity / Not Normal
87cb5aac-ec60-4d29-8f0f-63ee1a43c5c5,0,Normal
a6b830fb-095b-42ad-a700-dd4d2a4241af,0,No Lung Opacity / Not Normal
6f47bae9-705f-41c8-8a28-d5cf88927b0e,1,Lung Opacity
aa9d099a-3a55-4fc8-81c5-9963bd04e9f7,1,Lung Opacity
03d00867-fe6d-47b5-9a14-3f03f736e69a,0,No Lung Opacity / Not Normal
8893aab9-24ab-4e67-8610-826f483a7145,1,Lung Opacity
f5ab7e82-92a1-4845-85a1-499a17943eb4,0,No Lung Opacity / Not Normal
254f04d1-d24e-43bc-a00d-8f7140c222fb,1,Lung Opacity
b22eeadd-f4c0-4ede-b41a-78549f7a058e,1,Lung Opacity
3e02b7d7-22a3-4aa7-87da-5947c45f83fa,1,Lung Opacity
7981f347-5149-4b0b-a73a-e1b833904b60,1,Lung Opacity
a34f8423-e21c-48cb-8f9c-c8a060028dcf,0,Normal
625ad952-940e-4c0c-b429-0ef0837b457e,0,Normal
b15c26e0-b3bf-4cde-8bc7-ed9a6a28c3b3,0,No Lung Opacity / Not Normal
fe4aadc0-da30-49ea-832c-ca0e709cafbc,0,Normal
ba30f407-5639-46f3-9c02-235566daed1c,1,Lung Opacity
81d9d146-e9bb-478b-aeed-c2431780030e,1,Lung Opacity
91fc2006-9134-46f4-819d-24893059183d,1,Lung Opacity
220244af-7a1e-41fb-980f-3497be7ce13f,0,No Lung Opacity / Not Normal
6438d645-6fdb-4fda-8598-a4c1902a33c2,0,No Lung Opacity / Not Normal
f517aad3-95b2-4807-8e93-e82042b98619,0,No Lung Opacity / Not Normal
17861c63-e67f-443d-99e7-11bbf3f6239e,0,Normal
859a8249-1e52-4a1a-9d35-e1cd84389c28,1,Lung Opacity
bdbba1b5-1a3f-4ee4-9044-565baba3f976,1,Lung Opacity
f8fda695-e674-4535-b484-82f849fdf9ba,0,Normal
6e01cefa-becc-4ad7-b8fb-c8172fc9e7da,1,Lung Opacity
88334a4b-2cbe-44e1-8e19-2d45a576be9f,1,Lung Opacity
55f2867a-5c49-4ea2-a9d7-9f8bb977222c,0,Normal
0c391e0f-9927-48ce-801f-02eb000f72c3,1,Lung Opacity
6e73017c-4e3a-499b-a597-4a797bb179de,1,Lung Opacity
e2ada05d-4baf-4d0e-a0d8-3f7a0712a7ed,0,Normal
ce6b3cf0-d5c0-48f7-a7fd-616b58cd11de,0,Normal
d70f60a3-4a94-43b0-aaa0-21d4f5214059,0,No Lung Opacity / Not Normal
cfe768fc-4a0c-41fb-b3e3-86229e2cb94a,1,Lung Opacity
f655a822-225d-4fe0-a69f-0886f91c5f2b,1,Lung Opacity
81c5f05c-0a87-4db7-b2fa-6b930ac99b49,1,Lung Opacity
3186d210-966f-4733-ba72-98729be9551a,1,Lung Opacity
a741b52c-2fe3-434e-bdf3-b012ee8aab48,0,No Lung Opacity / Not Normal
4fabf46a-ceec-421c-bb64-8527b44aa576,1,Lung Opacity
051e6e97-fda7-4b5c-8d5f-084bf3607d22,1,Lung Opacity
f5f2d13e-b5d4-4d1a-ba3c-f4d742b3eca8,0,Normal
50cb2940-ba0f-4683-9d9e-e42ef3162c3f,0,Normal
c87c655c-7aa0-475d-b764-8cf5831e1244,1,Lung Opacity
867fcea9-55eb-4414-88ad-558e717f753c,1,Lung Opacity
31fde4e6-d2f5-4467-aa7b-e6bb2e2738d1,1,Lung Opacity
a00959fd-42be-41db-871b-e1f51da8c162,0,No Lung Opacity / Not Normal
e7b3b69e-aa81-4f62-8c7f-24c3a2d5cf69,1,Lung Opacity
5be3fa0d-4ea9-4da0-900f-371e7ebd07d8,0,No Lung Opacity / Not Normal
1d30b6dc-acca-4a35-a278-ca4b84629a7e,0,No Lung Opacity / Not Normal
9dd6e2cd-3afe-4a03-a3d3-de161a0446a7,1,Lung Opacity
ba1e3912-82c7-4e15-9c46-46fbf780b2d9,1,Lung Opacity
ac7a86f8-447e-4062-9ed3-2361a6ea7fdc,1,Lung Opacity
9a6291e8-92d4-4937-8191-57591ed0f7ef,0,No Lung Opacity / Not Normal
3ecaaa65-d48a-4b92-8b65-cd37c32da231,1,Lung Opacity
68c51c0c-777a-4e8a-9543-7f6a6101e6c9,0,Normal
74c5ce0c-9bdd-43e4-a004-935f6ff9ad2d,0,No Lung Opacity / Not Normal
414e4ca5-583d-4518-9e9a-de70d68dc8af,1,Lung Opacity
363a0e1a-adec-4a04-9fc7-0ed505dbc4f8,1,Lung Opacity
a2df7aa0-ffbc-40a4-8a8f-d797be9e6f82,0,No Lung Opacity / Not Normal
8a2f2a7e-6692-4009-bd45-3cc1fc2da91a,0,Normal
3036fb15-305b-4e9b-93ab-4e555a0fd323,1,Lung Opacity
e971f635-8ac2-4ce8-9983-034b1188cfcc,0,No Lung Opacity / Not Normal
4453b294-ce95-488a-a184-acf8bc81e72c,0,Normal
dcb8325a-8e9a-4dc7-a380-3556067d6a4e,0,Normal
0bdcfa14-a0e9-444d-bb9e-48c6aa10f393,0,Normal
76593c1c-e1a7-4ad6-b478-c71e4226368b,0,Normal
48201471-d1b2-4ddd-86eb-0cd6a898c850,0,No Lung Opacity / Not Normal
5fe3ceb8-babb-49be-b260-44937fae4b2f,0,Normal
ed0c5d1e-934a-4e31-9221-3a6a69ec9c1b,1,Lung Opacity
503cee4f-1ffe-478e-b3b7-0ced2ae1d5b0,0,No Lung Opacity / Not Normal
66184e1e-d09c-4cfc-9ff7-5b892566f140,0,Normal
edcc2b4c-b300-4409-8b8b-54ad14069747,0,No Lung Opacity / Not Normal
e08f1996-0daf-4672-a56f-67c249e8cc6c,0,Normal
33cf1ee8-ba24-4f0b-a370-f7e2785a904f,0,No Lung Opacity / Not Normal
e3b8d3af-7a11-4844-9d22-81682ecdb274,0,Normal
01ee3bcb-d6a8-4586-b0a5-9647969da07d,0,No Lung Opacity / Not Normal
ae1faebd-b5e2-4f43-93bb-9f3011e237a8,1,Lung Opacity
d1b68775-0f91-49aa-8a66-3265224c6c0a,0,No Lung Opacity / Not Normal
40f0c132-373e-4129-b80c-06a6cd6cb09d,0,No Lung Opacity / Not Normal
f609f84e-7834-4854-925e-bb4b883e445a,0,Normal
bbafb79d-3419-47a4-97f0-1cb8c64feb24,1,Lung Opacity
89358cbf-f24b-4d24-8c64-b6d98b1f53bb,0,No Lung Opacity / Not Normal
15602987-7fe1-4ff9-a7f7-24c9fe79e8df,0,No Lung Opacity / Not Normal
737aa32f-2044-45a6-b50c-b3aadb51394a,1,Lung Opacity
f724fce2-194f-42a9-afd0-c90445479a19,0,No Lung Opacity / Not Normal
b34f99a7-7898-48b7-880a-743603ade339,0,Normal
db73aa5b-f6b2-4f92-8c38-cf7ee7039415,0,No Lung Opacity / Not Normal
b804f8cc-64b3-4a06-8929-7f12138fc625,1,Lung Opacity
b03867f9-6a0e-4115-ac46-ed96db6b6644,1,Lung Opacity
1d6a285a-9c5f-42f6-b17e-667ce5f76fbf,0,Normal
d1e04cd0-3680-4cee-b9ec-310997e049e4,0,No Lung Opacity / Not Normal
c3ed68a1-efb5-429d-86f4-fcc234bd1fba,0,Normal
0a51f668-b7b1-4d8d-9ab9-de1f702f071a,1,Lung Opacity
cdea8561-a7e5-4c37-8814-2e2251d31ee0,1,Lung Opacity
deecb3e2-cd07-4076-8ef4-31df2afb4b53,0,No Lung Opacity / Not Normal
e7176756-4a8a-492d-a11d-25e3e0f2dfbf,0,Normal
5f6afe5c-3287-4259-bf5a-ee49acddfdcf,0,No Lung Opacity / Not Normal
cfdb2953-3c9b-480e-a9d0-89788ad1771e,0,No Lung Opacity / Not Normal
46742c7c-75ab-499f-9fa3-2a99915e6738,0,No Lung Opacity / Not Normal
6532bb94-e270-48be-bbb8-6e527de0300e,0,No Lung Opacity / Not Normal
5e36040b-0804-4c66-a879-32afdacf18ce,1,Lung Opacity
0a8efdc1-1dff-4d65-8948-c56a5d74a906,1,Lung Opacity
cf141763-efe6-4209-9b7c-fb8759e4ea50,0,Normal
f1d6dbca-db29-41d4-9b6f-2b30fd6e9f69,0,Normal
e833c9ab-b130-4cda-a56d-a526a7615536,0,No Lung Opacity / Not Normal
05744f1d-2fa5-41ce-85d3-3df6a7302064,1,Lung Opacity
fc9c1884-617f-4a89-be08-0af7d6fc2cca,1,Lung Opacity
a3e9eaec-d502-4e5d-abc9-bb5e28742b83,1,Lung Opacity
1ab17a65-3c93-467b-9c36-6a27d67f0cbc,1,Lung Opacity
b4b3ca26-f475-4a32-96c5-699a2f7220a2,0,Normal
53872ba6-efa0-456f-80bd-bdb4ed66fc59,1,Lung Opacity
33f64978-7afc-4831-9546-bc93c2c817f3,0,Normal
3a0c80db-3411-4547-8822-01f6e746bc51,1,Lung Opacity
ab41912e-ba9d-4cc6-84f2-6175b528ca97,0,Normal
94a021aa-e34c-439f-b30d-0c5a1a0c8539,0,Normal
aa78c204-135e-4605-8310-7202c41e08cc,1,Lung Opacity
ac6e81b1-37eb-4bd6-8a58-8c8f246fc16b,1,Lung Opacity
8bcb8037-5e16-4f00-9f99-49fac14e4cb2,0,No Lung Opacity / Not Normal
6ca9f96b-f164-4022-8c4d-28eed6214c4f,1,Lung Opacity
fa892e51-e0d0-4fe8-b31e-351a8057bc84,0,Normal
83209510-bdcc-403e-aed9-baf492a93ff7,0,Normal
789f8e9e-59cf-42aa-88dd-33f18f0967f1,0,Normal
9a970136-ec7d-430f-9a70-c873fe64eddb,1,Lung Opacity
719683e3-b737-483e-a2e6-833083280187,0,Normal
83a9ae1b-36be-4a4c-a0cf-00e76a4f0463,1,Lung Opacity
9038b827-4244-4154-bcf3-2d14c486bf54,1,Lung Opacity
aefb98af-4f16-4db8-bffb-db3217f56a99,1,Lung Opacity
dcadb2f5-7f98-43ae-83d6-e9e554b170c0,1,Lung Opacity
35b79607-9453-4a1f-a53f-8334a1b8de5f,0,No Lung Opacity / Not Normal
c3bef210-65b4-4bb1-bfa1-15ae213bfa8e,1,Lung Opacity
629f59dc-5e5b-4c71-8201-308827e78873,1,Lung Opacity
e3d288f2-4411-4b63-b8d2-b1462a9d2aae,0,Normal
cb683934-8d2d-4cda-b996-55cfc8d012f6,1,Lung Opacity
21273117-1e4c-4f9a-8ed1-f11b7c063060,0,Normal
880a1959-2f94-4572-8ed9-041d0d85e2dc,1,Lung Opacity
bea68d8b-6358-4123-b97a-f77ada33e2c6,0,No Lung Opacity / Not Normal
3ae1c3de-e2a7-44f5-b794-b1ef71640d0f,1,Lung Opacity
16b79bed-11af-493a-994a-294b21d34c88,1,Lung Opacity
86d8fd22-543a-45d2-b7c7-281991a9f578,0,No Lung Opacity / Not Normal
1f4741e6-a0ae-41b2-8b70-bf7e927f1b13,1,Lung Opacity
3b4decc7-fed9-46fd-9d30-179b7cde4a2c,1,Lung Opacity
6459b139-1206-459b-8ab0-535dc5dfd94f,0,Normal
44d487ce-2920-4db6-830e-e3d4b5ffa3e6,0,No Lung Opacity / Not Normal
7565711c-5523-4fca-8c8f-76b238412720,0,No Lung Opacity / Not Normal
71bed21d-d089-4918-a058-2b6602d176a2,1,Lung Opacity
553e5581-e9ac-44da-9a81-a95ed7320afd,1,Lung Opacity
ebbdc691-41d6-4ee5-ad33-c57394a6727f,0,No Lung Opacity / Not Normal
df976027-3267-46e9-8833-9f5f50534969,1,Lung Opacity
c501faf0-40e2-4d9e-b102-cb547335090a,0,No Lung Opacity / Not Normal
c789e7c5-9284-4628-b172-cdc67226426c,0,Normal
80314888-a5ec-4ba1-8cf4-ad9c67fac5ba,1,Lung Opacity
71846fc9-ef2c-41ee-bb57-b513217438e1,0,No Lung Opacity / Not Normal
ae909ea7-5fde-4d40-8295-337f5fe62d29,1,Lung Opacity
b2d2dacc-918c-4962-9631-3fcc7e94fe16,1,Lung Opacity
a33882f0-bccb-4c22-8104-deae4a3b3b4c,1,Lung Opacity
de98671f-8b66-4d73-9620-bb69b2622bc3,0,No Lung Opacity / Not Normal
8d0e17f0-014e-4e69-a2f5-bc08ef148dfd,1,Lung Opacity
cc455bfc-0efb-418e-a45d-c42723afd6b8,0,Normal
79f03dba-1c8f-4993-8065-8664494051ed,0,Normal
3d643bc7-85ea-4684-88f6-4e2ee36ff46d,1,Lung Opacity
b98df72f-9bd3-4523-940a-b4075f1ff311,1,Lung Opacity
a49aef34-5359-4373-a34f-fbca75da68a1,0,No Lung Opacity / Not Normal
69c7c59b-7c8d-4dcf-8821-e46a96c89fae,0,No Lung Opacity / Not Normal
f7f55fde-fecd-4120-90fc-d018fbf10f84,0,No Lung Opacity / Not Normal
f828ad6a-96e3-465b-b189-b0968a34e4a8,0,No Lung Opacity / Not Normal
af111247-46cb-4cf0-a65f-cce25bdc0e2a,0,No Lung Opacity / Not Normal
f556368d-3eb0-4b06-bc4d-535acc1ea1ad,1,Lung Opacity
10163e08-1de2-44e1-9145-1922f4dd6805,0,Normal
bbdd66fa-e8dc-4115-bc9d-dd82ca7563d9,0,Normal
3e7fc50e-d9ae-4b91-909d-1ea4cc9ddcb1,1,Lung Opacity
bbe95fb0-eb81-478e-b446-1053b0ae0f1b,0,No Lung Opacity / Not Normal
b559eee2-5029-40f9-a97c-ff3cf9190aef,0,No Lung Opacity / Not Normal
f773866f-22ae-498d-8cef-8f8638a77425,0,Normal
467153ba-90bc-4f63-b648-06dbbaae7b38,0,No Lung Opacity / Not Normal
ad69b71d-7005-4f1e-a6d8-27d84106c9af,1,Lung Opacity
f6c25e61-9623-4421-a9e5-ec775b128523,0,Normal
d82e5841-2f43-4eab-ac17-e98a2d90c51b,0,Normal
2456d8c4-83a0-44cb-a947-7d6aa7df6fd5,0,No Lung Opacity / Not Normal
854e256b-0f49-4ff2-8718-fdce011daf7b,0,No Lung Opacity / Not Normal
192f8bc4-1d12-4b3e-84a6-d94f77928faf,1,Lung Opacity
aceadc8e-a025-4184-af7c-20325cb516a3,1,Lung Opacity
42f7b653-fa95-473f-8151-4eb84fdeb61f,0,No Lung Opacity / Not Normal
7bb751e1-6d7d-4640-b48e-fb1ea39b0ad9,0,Normal
ed98d9bf-2d30-49c3-a6b7-8ac9e893557a,0,No Lung Opacity / Not Normal
73872731-6970-4490-a23c-afe09c751429,0,No Lung Opacity / Not Normal
1be3fba5-6b8b-47b4-aa7b-9d0d08d42f1f,0,No Lung Opacity / Not Normal
68d4ee73-479a-4e8c-beab-6822aa605a0f,1,Lung Opacity
1accb591-63ca-462d-8bd8-83be3cb91df2,1,Lung Opacity
4fd86b92-7ee7-44b7-8b94-7bafbedfaedd,1,Lung Opacity
e86715a3-dba7-479f-b8c3-fd3716578edf,0,No Lung Opacity / Not Normal
106e39b9-9ca8-4437-b7f9-f114fd3aec61,1,Lung Opacity
3a42b5cf-5133-4645-8140-74702ea66990,0,No Lung Opacity / Not Normal
49c3d5e2-cc76-47c7-a5c0-f444b54dee53,0,No Lung Opacity / Not Normal
33382d82-31fd-4a74-950a-1820412aa6c5,1,Lung Opacity
f2b864ba-1e99-4c8d-9951-1c12280c9779,0,No Lung Opacity / Not Normal
34fb2e85-9588-40b8-acde-380c68c7afa5,1,Lung Opacity
306a9ffa-7084-4014-b8aa-2675c0c02770,0,No Lung Opacity / Not Normal
7034257a-0feb-4ec7-9401-931910086d03,0,No Lung Opacity / Not Normal
4edadee3-ed63-4cb8-bced-20db6b38d0cc,1,Lung Opacity
d55c7487-d4d7-4f9b-8f14-dbdd3a2217b1,0,No Lung Opacity / Not Normal
1e1c3b02-27fa-42a2-b51b-f46378e09fde,1,Lung Opacity
baa329d1-6d8d-4067-b865-608869518f3f,1,Lung Opacity
45f5be4c-3a09-42e2-a9aa-beaa6ec22039,0,Normal
fd43dbd5-4dcb-4b62-ae2a-e991a703b48d,1,Lung Opacity
dc6e47c3-c3a6-4b05-ad0f-59fa588f1369,0,Normal
8375d80e-2122-4b60-811d-0da040f6b68e,1,Lung Opacity
a179abc4-f1b4-4d68-be05-f716afbbfea3,0,No Lung Opacity / Not Normal
a0868234-e50f-44a9-9f40-135a309c185b,0,Normal
bdc1ce35-9aa0-4964-9b85-6ab1992216af,0,No Lung Opacity / Not Normal
11757990-5db5-45da-905d-dc9ad56b9087,0,No Lung Opacity / Not Normal
31714284-24d2-4e29-95ce-1342164502fb,1,Lung Opacity
938d2c83-61c9-49a7-b031-807ea7457836,0,No Lung Opacity / Not Normal
09875c3b-c520-4b08-89b0-a7a7299c37b2,1,Lung Opacity
725e5df8-932f-48f6-bb2a-619c40e00bd6,1,Lung Opacity
f5926c42-623f-4a7d-9214-bf9f0964e9fd,1,Lung Opacity
403f65d5-6590-4cee-8b94-134683648f09,0,Normal
3d384d50-e9c5-41d2-ba41-a5437c5dd15a,1,Lung Opacity
0bf4c667-6fb1-4943-8e6a-f80914cca147,1,Lung Opacity
3a9c2da0-7cf6-4d51-8012-096f6f4e461e,0,Normal
79310bce-abe6-4e7d-a285-2601cfeeca5e,1,Lung Opacity
3838db1d-2236-4c84-b6bc-2c81606dd34d,1,Lung Opacity
09653ae4-ae24-4839-a56e-7270d6e51eb7,0,No Lung Opacity / Not Normal
58d2ffd9-f5a7-4215-9ca8-3b41536a989a,1,Lung Opacity
b89ae0ff-5e01-482f-9c6d-6468d734ef02,1,Lung Opacity
875b34e4-b58d-479f-954a-5b015071f448,1,Lung Opacity
ba5fd613-dca4-4bef-ae08-f1da4ffb13a1,1,Lung Opacity
3c63671b-09f0-46c7-b5cc-e752079404f8,0,Normal
c391591b-0083-4063-a485-69b0c7e02ebe,1,Lung Opacity
a37e89b4-7aa4-42f0-969f-f92816142442,1,Lung Opacity
279de21e-898d-4a8c-a1f6-fcb3335b88aa,0,Normal
7f9b4539-9cfb-49db-9d19-dea98ab6445f,1,Lung Opacity
edc75fe6-7499-4c32-9090-300ea5d669f4,0,No Lung Opacity / Not Normal
4553e5e4-91b1-4f9b-b154-d2829eaad12d,0,No Lung Opacity / Not Normal
7c1d3e58-174d-450f-9f19-caad0cdce430,1,Lung Opacity
0b6c6a3e-4eda-4886-9182-e0b686fd9e53,0,Normal
695fc74e-72d0-4bcf-a9a9-a75e99fb7306,1,Lung Opacity
b8fa31a7-52ba-4bd1-8b63-0568b6935306,1,Lung Opacity
7fb3c5d0-81fd-46e3-9063-cd8d71831790,1,Lung Opacity
d6807276-e6a7-474e-b490-7dcfc8da4179,0,No Lung Opacity / Not Normal
18cd05d0-f86e-4087-bdb1-36ae4307ba4c,0,Normal
a68a107d-2929-430e-bcab-d68d6de7802a,1,Lung Opacity
a0af1a60-0f1c-4d53-9a71-dd438aa06b70,1,Lung Opacity
7759e7ae-641f-4504-b373-95a8763dc59a,1,Lung Opacity
a515dbbc-e2f3-476a-a7f9-affa8720f176,0,No Lung Opacity / Not Normal
5d911996-656d-43cb-af29-6ff04cbf752f,1,Lung Opacity
3cec271b-e1db-4485-b3ab-878da8590082,1,Lung Opacity
9468afcf-0a9b-49c3-a885-57f480452282,0,Normal
e7b3fd9c-d51f-42dd-9f90-25160990faa8,1,Lung Opacity
25b15466-0151-43e1-b52a-830905c853d4,1,Lung Opacity
f358e7d1-679a-4389-bce6-c08a6189478f,0,No Lung Opacity / Not Normal
ced69ab9-c44a-4a55-bb96-a64865e8e1fb,0,No Lung Opacity / Not Normal
69a4ab5a-da8a-4a93-9d83-801a700003e8,1,Lung Opacity
c5b56560-0d82-4161-b5c1-5e5051a70c37,0,Normal
351d5ab2-c3a6-40ed-baf5-b4a68f45eb4e,1,Lung Opacity
eeeee35e-42f7-4184-a774-e48fe2e2834c,0,No Lung Opacity / Not Normal
766d8a8b-a2bc-4ca5-b28a-623f62886e9c,1,Lung Opacity
81c65b76-5600-4c2d-97ee-4281405f20b5,0,No Lung Opacity / Not Normal
c7692d51-2e63-486f-9032-7d25365f5ff0,0,No Lung Opacity / Not Normal
4e6559b3-7e58-4344-8f63-d175e0807d4c,0,No Lung Opacity / Not Normal
bff6b953-95d1-4a08-9d79-c3b43fde59ce,1,Lung Opacity
d0d8cd7e-2abe-4f56-a9d9-938262605fee,1,Lung Opacity
fdd20e4d-879e-4ff9-bc4e-8ec4184cfff9,1,Lung Opacity
a4f21b57-ade8-4336-9b5d-15e5223c59bc,0,No Lung Opacity / Not Normal
9b1db34a-a649-485c-b615-f464c145b88c,0,No Lung Opacity / Not Normal
9cf3c0e7-f25c-4358-b5a9-aca2e0b6f33e,1,Lung Opacity
fd81752d-f1f3-4bcc-9cac-733af412ca91,0,No Lung Opacity / Not Normal
88358016-0675-4303-ade0-bde075c709d4,0,No Lung Opacity / Not Normal
db992a32-d062-4a78-a7a2-40aaa6146977,1,Lung Opacity
f3aa1daa-4873-446a-a5b7-7da7f955245e,1,Lung Opacity
c5067c8d-df22-4163-a3d5-0d4f9c80b289,0,No Lung Opacity / Not Normal
89b91e46-f1f4-416c-abbf-8b0e2131f549,0,Normal
4fd82276-a900-49e3-8282-ffda6edd6068,1,Lung Opacity
dcca67c4-14b9-483e-bb8d-adbcbb767533,1,Lung Opacity
d49f6b2a-8e3b-4b04-93a7-b1e11cd9657c,1,Lung Opacity
bc2a8121-cccd-47d8-8289-2dbfacf6b94f,1,Lung Opacity
8759fcb4-1a14-4724-959d-235060495181,1,Lung Opacity
b03a2f26-e8af-43ab-970f-d35b2614e268,1,Lung Opacity
44440035-fc88-44aa-b760-59b7d3e508bb,0,No Lung Opacity / Not Normal
e18e7bf5-70c3-42f2-82b7-380943d96fb0,1,Lung Opacity
f919d3cb-dc68-46b6-8c29-2d3914fbaec0,1,Lung Opacity
e18d538b-0ea0-4c83-811f-4cafe65ba401,0,No Lung Opacity / Not Normal
e94e7c9c-c9ab-450d-847b-15966a4cba81,0,No Lung Opacity / Not Normal
50637d07-1432-49dc-9606-4db4005cf72a,0,No Lung Opacity / Not Normal
e65d66fe-2835-4e27-859b-a65065758cab,1,Lung Opacity
3ae783bc-9fd3-4e66-b9cd-101a43f122bd,1,Lung Opacity
c7885ae1-f82b-4ff7-a912-446e97e23209,0,Normal
c3d5552f-483e-4ae0-a40c-0ca9ea34bc00,1,Lung Opacity
9cf4a862-6aeb-4024-a910-9131b53c36bb,0,No Lung Opacity / Not Normal
cb3b72b0-408d-45ab-9985-3d40a4a12626,0,No Lung Opacity / Not Normal
cd9d2d22-4395-4e4d-8837-cfb33c2bdaab,1,Lung Opacity
416b2485-3152-47b8-9aba-2d33822f1200,0,Normal
c8e36af3-6b75-49ac-b144-975daf5aaa38,0,No Lung Opacity / Not Normal
48eb6bcf-ddda-49f3-9f80-5a7a11b5bccc,1,Lung Opacity
719c6eac-44d9-44ae-a090-29e17f9349bf,1,Lung Opacity
8006bb8d-236f-470f-8a76-2dd20eafcd70,1,Lung Opacity
16923fe0-5e98-4bcf-92e6-65d10161660d,1,Lung Opacity
8194b336-dd7c-42de-9471-ebba8c4db0c0,1,Lung Opacity
4b86f84c-0430-45b9-aa82-e1496b289bae,0,No Lung Opacity / Not Normal
bad209bb-8814-4a94-9e27-4370052e3b85,1,Lung Opacity
ce7de6c5-a66f-4c77-913a-7d29fe5ea882,0,No Lung Opacity / Not Normal
4720c2ba-e4cf-40ab-b147-f8e713db9bad,0,No Lung Opacity / Not Normal
5ed1cd5c-727a-4952-8ac0-52992df725f2,1,Lung Opacity
81ebe1ca-04bf-413e-9f69-ed7ee39271fb,1,Lung Opacity
2c96c09b-aaa8-4c07-8e69-c2210f04be2d,0,Normal
b468a5c0-3e86-46d9-84f1-8a0dea47c854,1,Lung Opacity
d2dad359-4912-496d-94d4-128d2d5942f1,0,No Lung Opacity / Not Normal
ccd653b4-ac0a-45cf-a360-8bcff730d002,0,No Lung Opacity / Not Normal
4dd73b83-0d4a-4755-934a-25c4fb06dc01,0,Normal
cf81cc61-16b5-496f-999d-d34b434a9cde,1,Lung Opacity
513d5e43-2714-4f35-a4af-1947309a1933,0,No Lung Opacity / Not Normal
4444f78e-c9ec-40c3-b8e4-867279366c8b,0,Normal
8a36f06f-80b0-43d6-8dcf-391e49587ebc,1,Lung Opacity
a0fc511b-7483-46a6-9591-46f6c73f87e9,1,Lung Opacity
e67f0e84-51f7-47aa-a88d-12016bb864fe,0,No Lung Opacity / Not Normal
58887c67-430a-4083-a036-4848d7c77b9a,0,Normal
f02b6a5c-f922-4334-ac80-99d7418c41f0,1,Lung Opacity
2c68016e-5a63-4430-a834-efe5d43edd0e,1,Lung Opacity
564fd22f-d963-4ce8-8ee3-091e734c0855,0,Normal
e10a4dfe-00aa-4a32-b45c-a069cede1701,0,No Lung Opacity / Not Normal
acdc118f-742d-4e1c-a5b4-f9f052adf54d,1,Lung Opacity
ccee103f-fd2f-44b1-a14d-5f78c7073868,1,Lung Opacity
39a5e461-791e-45f0-a4a9-2f4d06c8eca8,1,Lung Opacity
7d8ec5e7-56ce-4e3a-99d5-6f5971b0c004,0,No Lung Opacity / Not Normal
09bfe52b-201a-435a-b04f-ada40a64b5b5,1,Lung Opacity
ab439d42-75cf-4049-82c7-1155a8e92560,1,Lung Opacity
c333554c-e635-4d5a-8975-66aecd096036,1,Lung Opacity
567f81ac-7be3-4663-9a3b-826319bcd6ba,1,Lung Opacity
bcdd92c8-2cde-4899-a6fc-46b875aaab62,1,Lung Opacity
558be737-d2a6-46f3-ad06-cd8af95b5d36,1,Lung Opacity
f7efd4bc-b7b8-4da0-bd04-291c912e98e8,0,No Lung Opacity / Not Normal
3fbd74df-08fb-4145-abdc-5e27828b3d30,1,Lung Opacity
3d21c4ce-34cb-49f2-9b7a-7465e0888a40,1,Lung Opacity
9a2b8b68-b1fe-40ba-9422-fe8278b5f315,0,No Lung Opacity / Not Normal
dc40caf5-2e50-4a2a-80b2-7f1561caf411,0,No Lung Opacity / Not Normal
957f244a-9680-40f3-8b04-367fcad6e6dc,0,No Lung Opacity / Not Normal
afff57ee-fdb2-408a-a01e-7814931892e0,1,Lung Opacity
b1d5d7d3-774a-4894-9575-73a4c7163494,0,Normal
442882b2-28f4-4994-9ae2-5072b566687b,1,Lung Opacity
b7de17b0-c8a4-4d97-bc40-a13387bea4ef,1,Lung Opacity
4da8fe5d-6aa6-47f1-8541-5df517781123,0,No Lung Opacity / Not Normal
347b3a7c-e866-4835-967a-78f7e3577e42,0,Normal
f9cc258d-3ac2-4f5a-a7af-5fca61e18faa,0,Normal
356b4fae-852c-40cc-b736-53b64ea38a99,1,Lung Opacity
75e34c04-4486-410b-b6d8-46543c1af5a2,0,Normal
78719f23-d626-4b19-9082-ccabb241a2a9,0,Normal
56299c0b-a0fb-4f2f-bdae-54e0144fdec5,0,Normal
8ccd3bde-4f32-4339-a35f-74918a8ff1b4,1,Lung Opacity
bc43dbd7-03e5-450d-aa3c-d0efed12a8f9,1,Lung Opacity
938ecad9-47f8-4b3e-a0f9-902f2f65b15b,0,Normal
af37b2a0-1a31-46d0-b64c-a7a6e3cd2995,1,Lung Opacity
1189d740-9839-4a74-8516-a64e767b977e,0,Normal
4dff11f9-1935-4ba4-833a-9692c640bd7d,0,Normal
91c5dbfe-4eee-48f7-95b5-f7dc0c25eddf,0,Normal
03a512bc-1162-404e-8c71-dc9e0dc7258f,1,Lung Opacity
7f57a568-9ec8-40eb-9762-ce5831ba29c9,0,No Lung Opacity / Not Normal
cad4c8a4-7c91-45ba-86e5-163e81b3075b,0,No Lung Opacity / Not Normal
36f94503-a86a-40a5-9f78-7243626f27ac,0,Normal
0567a5b7-3ba8-4741-87ed-488aebd02321,0,No Lung Opacity / Not Normal
0174c4bb-28f5-41e3-a13f-a396badc18bd,1,Lung Opacity
be4c4017-e382-46f5-9a6e-d98f5a81ad73,1,Lung Opacity
d4d8605c-985b-421b-801e-206d98e55249,0,No Lung Opacity / Not Normal
100fb3d8-99c5-4723-9385-11b236f9aae4,1,Lung Opacity
aeac2576-33b3-41a1-bf61-355103e4d3ea,1,Lung Opacity
90f6ccf4-8b05-40d9-bc14-66fe5ac54b4d,1,Lung Opacity
3bc8260d-31f1-45a4-bad5-06d0936f9bed,1,Lung Opacity
39e24ec0-26d0-4eb3-9dfe-59356ed30dfc,1,Lung Opacity
619160fc-bcd5-43fc-b368-a31a9a4ded0e,0,No Lung Opacity / Not Normal
fcad22d2-efe3-4fdc-87a6-7710d37e9111,0,No Lung Opacity / Not Normal
518063cc-d0f4-44c1-9589-af6c046c6dcf,1,Lung Opacity
7bd663e2-0ced-434c-9db9-d333071ef06c,0,Normal
c8b58629-94fc-45b5-be56-12f98e35f4a9,0,No Lung Opacity / Not Normal
e6eda78d-358e-42db-8abe-3edb36ca086b,0,Normal
873e1556-1944-42e3-9267-c3bad3387973,0,Normal
bf61a6a9-03d3-4e18-8576-c599934b9cbc,1,Lung Opacity
bd7b4e6e-5384-4cce-9732-0dd7f9d15da8,1,Lung Opacity
94c4e247-1228-4f50-b8b4-316754d5828f,1,Lung Opacity
e2fc3d22-252a-4e95-bcf2-76c56a95ce39,0,Normal
cf951660-886d-482d-99bf-2bdaedd5f4fd,1,Lung Opacity
5c663e3f-3db2-43d3-8aea-b7d14564d6e1,0,No Lung Opacity / Not Normal
faa4d458-b94d-46a4-8fea-c2f9ca5a70e9,1,Lung Opacity
565fe404-f4db-442f-9921-eb1e7a19d763,0,Normal
f4cc96e5-d590-43a6-b5d6-7125e69563d9,0,Normal
e4c7e8b1-c421-4360-9874-a12c70a95a76,0,Normal
39a6f9ed-168b-42ee-bc90-890a9ee1f3b7,1,Lung Opacity
0f639fad-780e-44f8-ba8d-0c934bdca870,1,Lung Opacity
8f0c3e23-9e1e-4968-a1ce-ec29f4520f3d,0,No Lung Opacity / Not Normal
0b8e881f-67bc-4021-a02c-0087233e43aa,1,Lung Opacity
abd017d6-a2d2-472e-87fd-572af0c082b3,0,No Lung Opacity / Not Normal
3811c08f-3c21-4327-bb92-b57932c66398,0,Normal
2afaf9b4-664c-4c87-b9f5-4e411789da5d,1,Lung Opacity
bf270070-5172-49ab-b9b5-a7052212669a,0,Normal
a70f69e6-aae3-459e-a3dc-175a2bcae6b9,1,Lung Opacity
64b1aa7c-42aa-4685-8acd-4ff0eae65117,0,Normal
ba174e17-bdad-4a4e-98dc-21e270b93248,1,Lung Opacity
79df0c01-2397-4d31-8318-435a1c80ae47,1,Lung Opacity
ac39f865-a23c-4f83-b174-da88497fb3f8,0,Normal
17802f46-96cb-4658-ae3d-16be89ac69f5,1,Lung Opacity
4bce4634-cc05-4fcd-b45d-2c05f3f620b4,0,Normal
d6b4db74-32ef-41c1-a949-f18dbafaa40b,0,Normal
581ef093-8dac-46c2-8f2f-fc34e63c376f,0,No Lung Opacity / Not Normal
314f6860-4382-4ccd-a787-34b388e673f1,1,Lung Opacity
01d72346-4459-4eaa-8a19-d3c92121d17f,0,No Lung Opacity / Not Normal
8f0500c9-dcdd-4c0f-8ba5-452c0af5fc02,1,Lung Opacity
19720da5-a262-4c83-9ae9-fe6f7f5cc5fb,1,Lung Opacity
0124882b-de2f-4023-985f-debb74aa6ebb,0,Normal
c9ed35c2-1563-47e5-9411-b34f2e9f36ca,1,Lung Opacity
f6be6dc3-9539-46c0-a1f5-b10919ff81cd,1,Lung Opacity
fba69c73-b836-4af1-8c84-4526ee8fdde3,1,Lung Opacity
3b411a6e-270d-48d6-a3db-fbb4635151dd,1,Lung Opacity
66f69589-bf3b-4083-b226-79c68e030099,1,Lung Opacity
b24f4b3e-6e1b-4824-af10-270ec5093de3,1,Lung Opacity
987d7028-3873-4b8c-aa45-d3f52f3501ed,1,Lung Opacity
ee2d5ba6-4090-4676-8e36-94dc3468b8ad,1,Lung Opacity
64261ed9-63ec-457f-a7ae-a7ce346ed938,0,No Lung Opacity / Not Normal
9aa95c60-ae22-429c-9092-4121a55db655,0,Normal
ab9faaf2-1f9c-49fd-9148-1ae56b695fae,1,Lung Opacity
b5afc73c-35b4-4591-a909-919fa968ee06,0,No Lung Opacity / Not Normal
6f3953f5-5129-4a74-b8f9-cf386f919930,1,Lung Opacity
6ad0b1b1-255b-4c39-8950-f3ce7f9440d5,0,Normal
d877d8be-7d38-43aa-b359-bd86cf3951c3,1,Lung Opacity
dc76e041-3a36-4bd6-b8c1-ec38e7eb2ebc,0,No Lung Opacity / Not Normal
b3207c07-7b40-4208-92e3-156de1fcbbdf,0,No Lung Opacity / Not Normal
8bc63e87-a51f-445e-a7a3-91014a85b985,1,Lung Opacity
cfe9db74-671b-46a9-8489-c8f3c76e30a5,0,Normal
a3b6bc70-8f6b-42b2-8a93-2b5676270ab6,0,Normal
9a1fd0e4-262e-4856-85ba-88faf8b88726,1,Lung Opacity
10b1ae91-9c1a-4b1d-b269-51754df1b4f6,1,Lung Opacity
ba07f107-5f57-4c63-8d82-e19b30e3e72d,1,Lung Opacity
77e3cf70-b78a-42fe-bd17-0ed96618d6b4,1,Lung Opacity
dbc96e1f-9929-4515-98e2-af241c373531,0,No Lung Opacity / Not Normal
72fd2587-d327-4e42-9e18-03479b1a18f9,1,Lung Opacity
9785f111-2f91-4137-998e-6b2e516bc97d,1,Lung Opacity
bf12ed15-4eec-4580-b5e9-bcfba65e1a7d,0,Normal
59ceee49-67e6-4a01-99e4-98e554fa6794,1,Lung Opacity
c421103d-4327-4bb1-87ff-51b87f7eae6e,0,No Lung Opacity / Not Normal
62674d28-79d2-4166-966d-bcf789f9ae3a,0,Normal
7f20ad0a-2cf6-452b-91ba-628e6391e63c,0,Normal
50d01d67-020b-4806-8ceb-b2838fb8709c,1,Lung Opacity
e3fa0d93-c5af-467f-a59e-b9725f4508d9,0,No Lung Opacity / Not Normal
10866808-61ec-41fa-aefd-89eedfbaec04,1,Lung Opacity
65f91a4a-c02d-4c1d-938e-b22ba02dbec4,0,No Lung Opacity / Not Normal
a9ea9ab2-c479-4b8f-8c87-3c9b8a4e88d1,0,No Lung Opacity / Not Normal
59a7bb86-70cd-4b0f-9f17-330e2a76f4aa,1,Lung Opacity
3912ec76-6f03-4ce6-8065-8e5f442a2437,1,Lung Opacity
345e6018-89b7-41d0-bd33-2350c1c60311,1,Lung Opacity
eb2225b3-b09e-408c-8c48-27b1bad103a9,1,Lung Opacity
32c9581a-4909-418e-ab31-8753b7cb562d,0,No Lung Opacity / Not Normal
a415726c-28b8-4227-829d-44794a37acfc,0,Normal
7ae2ae8d-3370-4e6a-b1db-8ab3ac862ce3,1,Lung Opacity
e3027475-6526-42ca-9284-2194811b5fda,0,No Lung Opacity / Not Normal
f5257a21-9efd-491f-94da-5cbce76d8f95,1,Lung Opacity
6a41caa1-bf05-4c9e-9021-9b5677fc25fb,0,No Lung Opacity / Not Normal
cb79107c-f66e-4211-8bef-c4f4786a2112,1,Lung Opacity
36f51cc5-a28d-48f0-a086-df424f7f2c94,1,Lung Opacity
b59e042d-0ec6-455a-82c8-658ccb24e614,1,Lung Opacity
cd79b093-d3a2-49bd-8868-b463ff05f3e8,1,Lung Opacity
e82c631b-0acb-436f-8050-fcbe1461d553,1,Lung Opacity
0812652c-3d92-4cda-9a06-c9d232e0b96d,1,Lung Opacity
3141838c-603b-47ea-8591-80a7e7c5bf12,0,Normal
9d1ceb1a-66ef-4135-a905-3d7b51b0fb4d,1,Lung Opacity
6319e945-e74c-4e6c-9de4-b968d48aee0b,0,No Lung Opacity / Not Normal
ce1eea09-bfb1-493e-9ba5-5502d584a0f4,0,Normal
80a5e433-c26e-4701-a88b-271467ed3163,0,No Lung Opacity / Not Normal
dba66bd1-9e64-46d8-b85e-68ed1e47e0d4,0,No Lung Opacity / Not Normal
e02fdaed-5d9d-4fbe-8222-cfbdd3b00a3f,0,No Lung Opacity / Not Normal
21e7662c-c8c1-401a-ba42-b2a4c03f8241,0,No Lung Opacity / Not Normal
e85b9e5a-ea0c-4fcd-8e7f-2f8699923099,1,Lung Opacity
3bd214a7-b62f-4e31-93c5-9cea5c2a8a30,1,Lung Opacity
c907dcd1-6011-430b-9515-009900b4a98f,1,Lung Opacity
a86a381b-2086-456c-8fc8-88c09c67c02c,0,No Lung Opacity / Not Normal
3019421b-87dd-41f5-ad07-b06c503c0134,0,No Lung Opacity / Not Normal
e6c2f6e9-4ff4-4a58-b225-d6e01cd1c19c,0,No Lung Opacity / Not Normal
fac5712f-07a4-4600-b015-5bea1db2dfc0,0,Normal
bc41e91e-506d-4ff9-8dba-3fd085f38491,1,Lung Opacity
a16c339d-0eb4-4010-87a0-f422a08a00bb,1,Lung Opacity
b3e2ba43-87f4-4137-b21b-b9d6e853e9c2,1,Lung Opacity
e0fa42ad-0d4a-4827-bc8a-812825aab227,0,No Lung Opacity / Not Normal
3eccadbe-e821-4487-afe7-2bc5f2ee5774,1,Lung Opacity
1dfd8737-ff04-49c6-bd1a-808d682ddc19,1,Lung Opacity
b13e0bd3-f990-4d48-8eae-f841a45af664,1,Lung Opacity
fd2af0f9-4bfa-4f2a-87c4-4ba774e2fcec,1,Lung Opacity
a95a4817-482e-48bd-96bf-c661573e7032,1,Lung Opacity
0983ae59-b906-4fd5-a810-edfe0580fe3b,1,Lung Opacity
925e2507-76c5-4004-8326-52d030810fbd,0,Normal
8875ae84-1ae7-4d7b-b455-4a3d56949535,0,No Lung Opacity / Not Normal
f3e87ce1-a7d5-4ab8-b49a-8acbec1acd75,0,No Lung Opacity / Not Normal
7237e36e-e4bc-4d5d-8497-e891cecac5c9,0,Normal
001916b8-3d30-4935-a5d1-8eaddb1646cd,1,Lung Opacity
629df578-2436-419b-9393-8ed83e2bda8a,1,Lung Opacity
13ef2d8e-3b2e-4fbb-9f70-69139dd74401,1,Lung Opacity
0927e819-9640-487d-a04e-f5d4732dbe0a,1,Lung Opacity
65f2119b-0e72-4f6e-9ec6-194f56b5b07d,1,Lung Opacity
842f6d0b-93eb-4761-9a9d-bd874642ed5f,0,Normal
34783bc6-c67c-45fc-81ca-202df5b71f38,1,Lung Opacity
f2fda506-7c73-4746-a7a6-59968f1e8de2,1,Lung Opacity
ab5af9ff-8001-4442-af29-693abdb98e14,1,Lung Opacity
b492b982-f9b7-4775-ae62-6e9f1c39cb4f,1,Lung Opacity
4736f2b8-2834-467c-a8a4-49fbd25a18af,1,Lung Opacity
1555c17d-994a-4400-b62b-4b53fc727da3,1,Lung Opacity
407fe04d-4749-493a-b2e3-7493baf8b6ab,0,Normal
01cd2ba5-2baf-44b2-bf15-ee57e1ea4599,1,Lung Opacity
f985cbd6-659a-4be9-a781-c384be2dc646,0,No Lung Opacity / Not Normal
dae4e147-89d1-4110-bbeb-90ac76ede50a,1,Lung Opacity
31d44ab9-38a2-4d02-874e-3dba85d6e845,0,No Lung Opacity / Not Normal
1553848a-161e-48ad-af50-05f38696a6fe,1,Lung Opacity
e0cc9552-af6e-4b2e-8744-78689b0f2aaf,1,Lung Opacity
a1a9bf98-fc6f-4678-a621-12abfb777542,0,No Lung Opacity / Not Normal
31d34fd3-7d8f-4b3d-86bc-6b060f20d8ee,1,Lung Opacity
59fe506f-d41b-4231-ac3c-41eeb98199cf,0,No Lung Opacity / Not Normal
a2d2585f-bc83-47c1-91b9-610bbf191868,0,Normal
1561af3e-022a-448f-a729-2c4ba5546aa3,0,Normal
9bc28409-22f1-40b5-8203-9e4f8fb45c8e,0,No Lung Opacity / Not Normal
628eea1d-9db2-4a99-acb3-0d846c3ac48f,1,Lung Opacity
ac5efe45-973e-4389-9df8-a1ce33bacdb0,0,Normal
847ec9f4-387b-4655-b357-e0c2b1323feb,0,Normal
46713add-9865-40e4-a893-5cdaf2b0f157,0,No Lung Opacity / Not Normal
e8293694-de0e-46bf-b062-a32647c42c6b,0,Normal
364b4a5e-baf6-40a8-ab77-a68b3aaec56f,0,No Lung Opacity / Not Normal
72fcb14d-5126-4976-b31f-ad2d21d2462e,1,Lung Opacity
9febdd91-3593-4cde-ac36-83c498b06e6a,0,No Lung Opacity / Not Normal
e02d25df-fe33-41a4-a7b4-3ede26296daa,0,No Lung Opacity / Not Normal
04707463-aae0-4989-ae73-f9162275444e,0,Normal
e17e53a5-916f-40c8-9c9c-dcc01031aa46,1,Lung Opacity
f43d047d-9a5e-4a78-9d2b-78b0d4e74758,0,No Lung Opacity / Not Normal
9d93caf3-5af3-48a0-9a6e-23bec560da26,1,Lung Opacity
0d5bc737-03de-4bb8-98a1-45b7180c3e0f,1,Lung Opacity
f65e81f1-e1b5-43d0-8815-f9004343ac56,1,Lung Opacity
b7a29be3-3972-4b09-8b41-04e6bc2d96d8,1,Lung Opacity
e6333801-dfd9-47a0-ba07-3911af849657,0,No Lung Opacity / Not Normal
1e57ff83-f0cb-4f2a-b8c5-f916ccd0e2c0,1,Lung Opacity
5fb1f7f4-d9ee-45d0-b335-fed129ce68dd,1,Lung Opacity
34be1f4b-2863-425f-9f8e-6dc21579575a,1,Lung Opacity
ba14333d-9629-4a0f-9517-b5899fecbe89,1,Lung Opacity
d074448d-4102-4c59-b9eb-2118c9d69896,0,No Lung Opacity / Not Normal
719bc0dd-4fac-4c36-be92-a490afe83116,0,No Lung Opacity / Not Normal
d29dee03-1ae6-472d-9685-0d3201fd8689,1,Lung Opacity
8af89b60-74e2-4f60-8764-b954598cddc4,1,Lung Opacity
bc37dfed-b008-44ec-a3dd-3327b9f20be0,0,Normal
e0ebab86-6a6f-4209-a297-22a4fe46e7f2,0,No Lung Opacity / Not Normal
7be6b4de-afe9-43c0-a581-0f49608c8976,0,Normal
7802355b-3429-4966-a06e-df5c0d14dacd,0,Normal
99147d86-515a-47f7-a537-1692f2276564,1,Lung Opacity
3b9bcca1-0ca9-4e93-ba0c-0a6ae1342726,1,Lung Opacity
8fdda05d-cfd6-4a9f-bc0e-cd4f542a8c0d,1,Lung Opacity
8e7267f3-9acb-46f0-afcf-b3143a579a99,0,Normal
5278b08c-a475-469e-8910-56bff6d85210,0,Normal
13aa11f7-b15f-47d4-94c1-4ded9bc8ab16,1,Lung Opacity
f403aa91-e52c-41b5-8d86-af6c5546cbf1,0,Normal
aa1b6c09-41c6-4782-8572-c9986505cbfb,1,Lung Opacity
e6490122-5409-47f4-a4f6-efa7fb74ca19,0,Normal
4ae9f2c9-fb5a-486d-b080-26f2036a1218,0,No Lung Opacity / Not Normal
ac166a48-f6e6-4236-8a92-c41b1e1ed87d,1,Lung Opacity
4be16314-d0ab-4f19-b044-be9089215842,0,Normal
497c6936-eabe-436c-9def-6a4d129b12d3,1,Lung Opacity
f1d14160-e8fe-4dff-af48-acf2c2c70eae,0,No Lung Opacity / Not Normal
1db7e52d-7a40-49ff-9f24-bc72a33f9c23,1,Lung Opacity
e8e94785-1a2a-488f-80cd-c1cc7c67d571,0,No Lung Opacity / Not Normal
bcc517e0-614c-4c16-a2f4-50bbe10cb068,0,Normal
e45651e0-05ab-4d25-b876-cb84ec5af1aa,0,No Lung Opacity / Not Normal
8f3fd3ca-0c18-473d-8cb0-0ddcab8e5deb,0,Normal
cbc1d9d4-2cec-4939-807e-393abd4a18cd,0,No Lung Opacity / Not Normal
36ca4185-52e1-4cf3-b007-5c7680d2ae74,1,Lung Opacity
60b743c3-cf7f-4770-9926-ab3e8b76ecba,0,No Lung Opacity / Not Normal
860d10fb-1b34-4355-bdd0-b194ee1f8788,0,No Lung Opacity / Not Normal
78dde3fa-b019-4cc6-aa77-2a2935675890,1,Lung Opacity
cc5a6673-3143-4f18-a404-da9952898059,0,No Lung Opacity / Not Normal
bb1648ed-992f-482f-b3a7-0a21237c8972,1,Lung Opacity
18d59c3b-b605-47e0-8cff-60858afa90bc,0,Normal
bc4fb949-f968-4360-a856-2b506e6bf2e3,1,Lung Opacity
e1d5a233-39ca-41dc-a289-b07c3e78cdb1,1,Lung Opacity
a169b48a-7fbf-45b1-a951-b0f0fc18a261,0,No Lung Opacity / Not Normal
58a418cd-5604-4b1f-a033-d9105dc7f6e4,0,No Lung Opacity / Not Normal
ece78603-3d21-4940-b651-88130093645b,1,Lung Opacity
a57f578f-1e6f-4248-bd38-2dacfa772fdb,1,Lung Opacity
f8e5348b-2284-4be6-ad2a-5a5973463365,0,No Lung Opacity / Not Normal
c74fe0e5-cb24-45ab-9ffb-35f9b7e0d5e0,1,Lung Opacity
4586263a-a2e0-4484-ac01-968b45a3b897,1,Lung Opacity
6a5d55af-fc99-4957-9404-f08e4150dc55,1,Lung Opacity
cba1116e-deb7-4b99-b956-635bfa08a235,0,No Lung Opacity / Not Normal
3eab8ad4-5d91-4b53-a7f7-9ccc04100665,1,Lung Opacity
5c4ca9b6-f749-424e-885f-f2bb896666fb,0,No Lung Opacity / Not Normal
6c782f6a-c131-4fdf-b45c-7545f1091cb7,0,No Lung Opacity / Not Normal
ee227329-3b37-45c7-85fb-67136ec17511,0,Normal
92a2dfab-f33a-4324-953a-afe96680c541,1,Lung Opacity
1ef28712-7b54-49de-838a-3a56326d26a0,1,Lung Opacity
5c832734-cfe3-4602-9b28-f71416e62fa6,1,Lung Opacity
ab6e779b-d387-46fe-be63-74bb6c2a1d08,1,Lung Opacity
b489923b-d8be-4e8d-8620-bea0343a2f67,1,Lung Opacity
702c610f-8655-4062-a914-5b82fcb71be2,0,No Lung Opacity / Not Normal
cff0cb80-745c-4499-b14b-052c28d6ebb1,0,No Lung Opacity / Not Normal
036244ed-39bf-473d-97b1-2646ef0e9712,0,Normal
78c7895d-8060-451b-b788-e695ec800bae,0,No Lung Opacity / Not Normal
a165e2bd-d4d8-4ccf-8e18-979fd4056c1a,0,Normal
5f40e828-88a4-4f07-8286-b5446f4d4790,1,Lung Opacity
580ac649-504a-472d-abb8-0d53d82fc801,1,Lung Opacity
945a109f-4015-4844-a49a-500b72237ce2,1,Lung Opacity
b7ee39b2-b083-40f8-b75b-1597ebda0c68,0,No Lung Opacity / Not Normal
976683bf-4b41-4641-8763-cb2613a2aba1,0,No Lung Opacity / Not Normal
4018381a-5983-41c0-9191-0de2f3de96aa,0,Normal
4d5bf1c7-fd16-4791-a5a2-cc2175030d94,0,No Lung Opacity / Not Normal
8609c224-17bc-4886-a08f-d82e098fe891,1,Lung Opacity
bc00e781-40c5-43fc-8eab-ce02aa9cde99,0,Normal
4cdad8a3-fe24-4a6f-8c64-bcdff3dcc453,0,No Lung Opacity / Not Normal
af48ed68-8d92-4d14-9cc0-f594d1db596d,0,Normal
c4dfa645-ce61-48df-a435-ec3d89186eb4,0,Normal
ef9fb572-2914-4d16-982a-59eb99f5567b,1,Lung Opacity
397acd9c-a9ca-4e8e-bb6c-3e6c7afc6d53,1,Lung Opacity
56d828a4-3b3b-4ab1-bd49-45da987f8935,1,Lung Opacity
3934c864-d83d-421e-a869-0edbf594f6ee,0,No Lung Opacity / Not Normal
a31f99ac-9209-415a-986a-75566e0c033b,0,Normal
3c239733-d999-4dad-ab3b-3b5bf7b893b7,1,Lung Opacity
b23173b4-4f5f-40d5-9f4c-8ba668824514,0,No Lung Opacity / Not Normal
eac550ba-b757-479f-85fb-5534e0aecc2c,0,Normal
bcbcf3f5-244b-4979-9405-9cfe410b37a7,1,Lung Opacity
8d14d37c-f6de-4138-b8b9-20613c8befc2,1,Lung Opacity
1e851877-2e99-4955-8ecb-5997fe027948,0,No Lung Opacity / Not Normal
bc91bcb0-a7b6-4dd0-8098-ffd354264ea0,0,Normal
15fa29d8-09cf-436e-8bf8-cd85b260f2cc,0,Normal
37d596c9-2e31-4e7d-8fbf-13b94853c811,0,Normal
784a3ed0-2565-430f-819f-f713e1775344,1,Lung Opacity
74815ea3-8dc6-403a-ad91-2f50e0c02a52,0,No Lung Opacity / Not Normal
6ad63e9f-6f28-4c3c-8032-26d5bf2fdf95,1,Lung Opacity
c957ddf3-2ce6-4022-b747-6e92b5401342,0,No Lung Opacity / Not Normal
95ac6614-fbe5-4fd3-b4db-972c24a8706c,0,Normal
9beb40b0-8d9a-41b1-89d8-ee7c9d0831d8,0,No Lung Opacity / Not Normal
84a14ff5-f4fe-4ee4-9873-ccb84b76d5a8,1,Lung Opacity
17e0f44b-39d6-4e3f-abd0-066fd94ee6de,1,Lung Opacity
590adf90-b0e6-40df-9500-85b6bfd85e21,1,Lung Opacity
3df8778b-822d-4cae-8f94-9fe156c601b7,1,Lung Opacity
f92793eb-6396-4597-ad39-2cc6e8eff84b,1,Lung Opacity
ed0ed8ae-2897-42fe-af08-ec88c69ce1b3,0,No Lung Opacity / Not Normal
5d2e858c-3188-44f7-b1f9-e70059dddff5,1,Lung Opacity
56b5e2ac-86d7-439e-b061-2ce718710d76,1,Lung Opacity
d5746713-b462-446c-a526-9f705794377a,0,No Lung Opacity / Not Normal
dab65a9f-4277-44e2-8d07-ad2365849224,0,No Lung Opacity / Not Normal
aa61804a-c589-4027-b85f-4eaf8282e3a8,1,Lung Opacity
9d89e97a-153b-4d35-b72a-db2b009f993e,0,No Lung Opacity / Not Normal
cd3541aa-97a6-47ce-8af2-63e541038aba,0,No Lung Opacity / Not Normal
545ef4ff-a6c7-40b6-bc2a-34e71c758909,0,Normal
9f6aeb08-e848-49c4-9d98-a1464479598b,0,No Lung Opacity / Not Normal
b3a7782d-13d4-417f-b897-67e873c757c7,0,Normal
ae06ef31-ae55-4e3c-9460-ae5c3733bedb,1,Lung Opacity
d783664a-fef1-4959-8d09-79c25870dfe7,1,Lung Opacity
bbc0b0fa-940d-41c5-8f97-e7c2da468d97,1,Lung Opacity
b4989ff4-3c1f-4de9-8df1-cd50c211273a,1,Lung Opacity
807c4848-bfc7-43ef-a631-fc29307b92d1,0,Normal
bba14241-9fd6-40ae-91f3-945af76178aa,1,Lung Opacity
35a13820-ba8a-45d7-b566-9ee95b6bd7c8,1,Lung Opacity
b49313fa-77c1-4a52-8d29-f28478f8929c,1,Lung Opacity
af6db553-da0a-43bd-b48f-5883dbf412e8,0,No Lung Opacity / Not Normal
f277020f-6595-45e4-9394-5cfeaa3abeba,0,No Lung Opacity / Not Normal
f9a3c734-1483-4385-ab4f-e45853f3f00e,1,Lung Opacity
eef875e3-f6ce-457d-bb4f-7c42bf3cce09,1,Lung Opacity
7f59e381-2557-44f4-bbc4-70eca5ff9a03,0,No Lung Opacity / Not Normal
08810d26-6674-4d73-91d5-ecdfdd0a0b42,0,Normal
95e5ccc5-4358-4c8c-823c-eb48c6a9558e,0,No Lung Opacity / Not Normal
a94ec882-bcc3-4c59-8c6b-2d690595a04d,1,Lung Opacity
7ba7cbd1-e89e-4d9f-8254-6f6d9bc4d47f,0,No Lung Opacity / Not Normal
1d247b6c-0687-40bf-839e-fd30e01c585d,1,Lung Opacity
54703d8d-92a3-4447-8e20-6aa4f4445536,0,Normal
db1b9264-0217-4dcf-aa28-e71c7484f22a,0,No Lung Opacity / Not Normal
b78f2713-e211-408e-a810-e0568fc0f0a0,1,Lung Opacity
366b30d6-2c8b-4985-978b-b8cde00f4377,1,Lung Opacity
5cd0fa74-fe44-40a8-9cb6-8da3f767d8c9,0,Normal
3c98134b-f601-4439-9143-7a641f247028,0,No Lung Opacity / Not Normal
34411756-b5ea-47b6-bcb4-3dd037d95eba,1,Lung Opacity
ad7bfead-6c0b-436f-9d0b-92827be703c3,1,Lung Opacity
056f6beb-c3c8-4ee3-8db5-d1b50aabf7c9,0,No Lung Opacity / Not Normal
d200684d-730f-4081-b576-03f9a8503c95,0,No Lung Opacity / Not Normal
98833b28-3925-4098-bf44-c81a9e687838,1,Lung Opacity
c8761847-7fbd-4de5-9a2a-ff2c1b26c95e,1,Lung Opacity
dcba2f1b-d117-4c79-b329-6446bc21b45f,1,Lung Opacity
5973a2ae-a2f9-404e-930d-0d7c96f756ef,1,Lung Opacity
3ff30575-fa0f-4e5c-bba6-651f4ea724af,1,Lung Opacity
164e8e2e-f90c-41d8-a7ee-cfee6fef16b2,1,Lung Opacity
b9a014f0-6ab0-449a-be4d-1911473dde10,1,Lung Opacity
f99ca055-6c33-4770-92a9-1d1696680f20,0,No Lung Opacity / Not Normal
3cbd12c8-6302-43b1-a28c-fcc892540c2e,1,Lung Opacity
290e32e9-3632-4642-a1d4-70c975d376b7,1,Lung Opacity
bf4ba376-dfef-4d19-bbd6-923325b58eb1,1,Lung Opacity
6e88a38a-9467-4ab9-b517-3664e98bc42b,0,No Lung Opacity / Not Normal
e828055c-3f86-4771-b4dc-087f04b91b5f,0,No Lung Opacity / Not Normal
f638a33c-ee3e-4179-a095-4fec05ab51e5,1,Lung Opacity
45fb43d3-0dfc-487d-a6d0-ed3de365173a,0,Normal
62f3469e-538b-4eef-b0ed-3299008d36bb,0,Normal
3e881f10-28aa-4626-a79a-50cc014b7a1a,1,Lung Opacity
d5555a76-3191-4a05-a1d9-3e11f4c8d045,1,Lung Opacity
a058e58a-be32-4941-86ce-b01a36285658,1,Lung Opacity
15b7d431-5807-468b-a561-42f63e56b845,0,Normal
b5b4468f-e5e2-48a5-aa42-e08547be1172,1,Lung Opacity
af83a7a6-dfe2-4419-a4fa-a0090858f8bd,1,Lung Opacity
de54e3a7-5942-4fa9-941f-f147a26643e0,0,Normal
6f2b836b-d150-45cd-ad9d-2ba6a6d4a508,1,Lung Opacity
37f17069-62ce-42ff-9fa4-d6a1056bd075,1,Lung Opacity
0965f1e9-2905-40ef-8612-4984e2c7e9ea,1,Lung Opacity
65b922a3-2b52-4acf-aadb-16f3a946165b,1,Lung Opacity
9ee3b37b-f1e7-4b02-8f8f-a8af4ce3990e,1,Lung Opacity
5b2e6149-2308-4f75-bf96-a0f062de13cc,0,Normal
7e57bbc2-9a12-4aab-af8c-9499def50d9a,0,Normal
5269b286-91ad-414a-bc6a-3afb5a52c1d1,0,Normal
75fa3ec9-b117-49cb-9d48-799821b3c471,0,Normal
a4f59dc8-23f9-4738-9a5b-e72a28938115,0,Normal
d708e149-2e56-4e96-9214-f7e4f758621d,0,No Lung Opacity / Not Normal
16939adb-3468-4e45-9b87-0ec9a8b0f2ea,1,Lung Opacity
c95d0325-9439-461e-8ea3-24d3dd63a5f0,1,Lung Opacity
a0367348-011f-4ec9-9efa-144fd325ba5f,1,Lung Opacity
41247428-2833-40c1-9fb2-4e1c59d165af,0,Normal
d1eb2eac-bfab-4ca9-92a9-b12356b10c5a,0,No Lung Opacity / Not Normal
089a996e-425c-4311-b473-6948b3eb1060,1,Lung Opacity
d7ccc813-9dab-48c3-bf30-c6d305c85a4a,1,Lung Opacity
c4ac5bf6-b3be-4acb-b8c8-a3d9d2a99647,1,Lung Opacity
25133e40-fe20-4edb-b0b2-5f59cfe353ad,0,No Lung Opacity / Not Normal
0bf1767e-263b-443d-935f-489fe858922b,1,Lung Opacity
4afbc897-69d2-4074-9690-c3410ff4706c,0,Normal
08a09eef-7c20-414d-b36f-bd609dc5c763,0,Normal
9513c81c-152a-42e3-ba57-024cf33f1fbb,0,No Lung Opacity / Not Normal
69e0c05a-89e0-4b26-9628-7276cf4c18d8,0,Normal
5bab9e56-d8ea-47a2-8848-fd768e4a52af,1,Lung Opacity
391589be-c014-4862-ae43-84f42b030f30,1,Lung Opacity
36fb7333-2dbf-4be3-a424-6739b2090dee,1,Lung Opacity
387aeb82-d92c-4a34-89c1-ed70e288492c,0,Normal
65f23305-56dc-4be8-8dae-3593df2cb3e9,0,No Lung Opacity / Not Normal
3efe3e31-90f3-42a2-ae15-70f8906f14ec,1,Lung Opacity
2910d4e1-6826-4b3a-b24b-be04b8cb899c,0,No Lung Opacity / Not Normal
fd03d0f4-c4f8-4242-ad20-a69256fd1d93,0,No Lung Opacity / Not Normal
3d384875-3304-44de-8b8b-40a131a722ce,1,Lung Opacity
fd147f16-7eeb-474f-98df-c3b0c39c163c,1,Lung Opacity
37e5967f-8b15-4cd0-965d-2550421734f1,0,Normal
a69b6651-4a96-4fbf-bd9f-d2ec7161e5d2,1,Lung Opacity
46a0e7b3-026d-4178-ab4b-4d9e11c07e7b,0,Normal
429491d5-4da9-4342-aeea-4f5c38f3de3d,0,No Lung Opacity / Not Normal
ebfea9ab-3d53-4994-bec1-f76a7eadda3c,0,Normal
6f491520-b891-48e4-9047-7afc2ad9f7bb,0,No Lung Opacity / Not Normal
d8dab8fc-b0d0-4425-a51b-e0e827a8cfc8,0,No Lung Opacity / Not Normal
dc387e88-ceed-49c5-b778-748b853248d2,0,No Lung Opacity / Not Normal
fedbe5e7-71ff-419c-90ee-ebaa630cd5f9,0,No Lung Opacity / Not Normal
4dcb986c-d32b-4acf-870b-342a42da7617,1,Lung Opacity
8650a631-0b93-489d-a093-21f7ef9e11a5,0,Normal
4f3ceb29-12f8-40f4-9511-816fa21ca683,0,Normal
0c153d93-d65b-4d3e-90bc-8b26350e3476,1,Lung Opacity
cdddfcfa-b5f3-4171-8d69-aa098ddbe1ad,0,No Lung Opacity / Not Normal
d7539d07-42e4-475c-9ccb-b976b02a32a1,0,Normal
5a09e3da-1f9d-4cda-84e9-d8bd5818daf9,0,Normal
ccde43f6-ac91-438c-b68b-e569dfd6e945,0,Normal
9520cd4e-fbb8-4a22-a438-d7d26e296d62,0,No Lung Opacity / Not Normal
9026b542-0d53-4df4-95a7-17182000c372,0,No Lung Opacity / Not Normal
604a0eca-1494-47b8-a49b-713d24d070f9,1,Lung Opacity
d87954c5-4889-4c82-a110-99fe2aabd598,1,Lung Opacity
631d3a80-b2a4-4230-8d82-d141d3a8f064,1,Lung Opacity
cd0ca2b5-ec57-41a9-864d-0aab3bf61848,1,Lung Opacity
1b6a11ed-b7e8-4c84-9ac6-8243fae589dd,0,Normal
f0a5ef60-aa28-4dc7-b5fe-9fc0d39f8e9a,0,No Lung Opacity / Not Normal
5f1d47f7-b5e6-45fd-9393-fbfafb495c4f,1,Lung Opacity
a3476eba-8536-4271-a7a9-b13dc3cc8a4d,1,Lung Opacity
9d598377-c049-4aa2-a9b6-74f15b24424f,0,Normal
51cfb573-cbc6-40e5-ae8a-541adcd77003,0,No Lung Opacity / Not Normal
ccc8ceb3-ff0e-47ef-a114-4643c94cf93d,0,No Lung Opacity / Not Normal
55bc511a-5207-4316-b23b-d7a78a47737f,1,Lung Opacity
087bcaa5-2477-4111-8390-fa5f2dec4852,1,Lung Opacity
98bb1e88-54ca-40a8-b875-1477108d8561,0,Normal
83d25ba1-ba1c-4d32-b505-5cf0cffeff4c,1,Lung Opacity
73e02b82-d818-45fe-80bd-3f8fd75bf95d,1,Lung Opacity
24f95cc5-aa15-4dd5-9013-ea38d47d995e,0,Normal
5c0e0efc-38f9-4335-8283-77502ffd5738,1,Lung Opacity
00aecb01-a116-45a2-956c-08d2fa55433f,1,Lung Opacity
b2b15756-fb84-41d3-b8c5-18b425ef54bd,1,Lung Opacity
35926045-c5ed-4db4-9f3d-2e77bda01d14,1,Lung Opacity
34d37f0b-6aeb-4af0-b0cf-f4516a3035af,1,Lung Opacity
ddc4204d-175d-49ed-a0c9-30213b6ae26a,0,Normal
1858bafe-3d3f-4fc6-84bf-e0f85ea1e264,1,Lung Opacity
77a4deeb-5538-4c93-82e1-ef9c8877aaeb,0,No Lung Opacity / Not Normal
9bc9e813-e815-42a1-aed6-c24e45d59ea4,0,Normal
fc412463-62af-401b-aa44-3caef9de2352,1,Lung Opacity
f8e8da4e-f23d-477a-84e8-4e45eaa25fca,0,Normal
66b315be-43f0-4476-90d3-8c148b6e18bd,0,No Lung Opacity / Not Normal
b25d628e-9ace-4a6a-8105-407cc87d3cbf,0,No Lung Opacity / Not Normal
fd6f8775-392d-4f85-bc25-398c02a30678,0,Normal
472dfb42-6805-422b-b8a7-bcf515c0afd0,0,No Lung Opacity / Not Normal
dc579b35-9ef1-4b75-93d6-e2412d5b33df,0,Normal
b1a975a0-4a69-4c65-b761-44a506b86be6,1,Lung Opacity
381bfecb-e26e-4eb5-8c71-3703e4a88606,0,Normal
9f70e16b-6372-47ca-8589-1862539f0655,1,Lung Opacity
d9763aaf-7377-45e0-a112-2ad0f3bb73ef,0,Normal
94508cdd-9336-4c52-a10e-a82a3085b9e4,0,Normal
f7b6c4f3-b7ea-43e5-a4b8-8e893e877ccd,0,No Lung Opacity / Not Normal
cc7f90e7-f6d9-4f53-a047-95c30af98052,0,Normal
b01d33db-52b8-4941-80a1-0f46f3ed3c69,0,Normal
fcb06a43-8652-4bbf-bdf8-bb961137302a,1,Lung Opacity
16dd5796-1dd9-466b-ab05-e50ae5fafe39,0,Normal
a6f5189c-de2c-46af-93ea-ede19e7c51cd,0,No Lung Opacity / Not Normal
64d3bee0-b7c0-4011-86cd-265de90ebfbc,0,No Lung Opacity / Not Normal
b5de935d-902c-441d-bf47-cde979d6f9eb,0,Normal
6ceb3cd1-dcfd-44ee-b02a-0cf6e981b081,1,Lung Opacity
3c57615b-498d-4d1d-b49e-48c3c9ee60df,0,No Lung Opacity / Not Normal
c838c9d7-71c5-4f4f-a4c8-cf90c23685f5,0,Normal
f2d5e4d1-e845-488b-9d2a-d3de29920b81,0,No Lung Opacity / Not Normal
dd6d280d-6a59-4344-9311-d317defe282b,0,No Lung Opacity / Not Normal
d0a2ca41-1f5b-475b-9cc0-b7efc4f19624,1,Lung Opacity
d9ceeda5-836a-40a9-b517-49921ec60490,1,Lung Opacity
bc5360ed-0247-47b8-93a0-c34ebbf936bb,1,Lung Opacity
0f8f22cd-112a-47c5-8069-d767ed01b112,1,Lung Opacity
41541e45-99ab-4c0a-a391-53981f49a95e,0,No Lung Opacity / Not Normal
afa95e84-6a86-4203-ad3c-f3adb8aaaa03,1,Lung Opacity
e6b8b863-a0ce-48d8-8de2-9c72ba210f3b,0,Normal
56ea3620-70fb-403f-8cf6-86ece871c47e,0,Normal
e53c403e-47f2-411f-8869-89d039847d19,0,Normal
cd33df08-bfe1-4185-8c7d-9beea36b60f1,0,No Lung Opacity / Not Normal
b8c6b8e3-df2b-478e-b80a-e0f92be65472,0,Normal
7307d700-61b4-4db5-84ed-c4da6a7f96fb,0,No Lung Opacity / Not Normal
405dcab3-d806-46ff-83bf-62829ed2710f,0,No Lung Opacity / Not Normal
50ddf7a6-1051-41ec-b2c1-b2f9aa46d7c8,1,Lung Opacity
9c77afaf-a792-4510-a80f-046118f319f1,0,No Lung Opacity / Not Normal
5dd4d7bf-e9d6-4660-aa90-c405ac7dc453,1,Lung Opacity
0798f0c3-bf7d-4f04-bd5e-b119163ea1b0,1,Lung Opacity
076eab63-d75d-4272-a5d3-13eae02f2c8f,1,Lung Opacity
c88d5bf1-aac9-4d2e-87ab-c3a0d8028f12,1,Lung Opacity
7896b8d7-ca85-4cda-9246-9d7baeb3d487,1,Lung Opacity
88ff2af0-a757-4bc4-b04b-031619dac4e3,0,No Lung Opacity / Not Normal
6c0db351-5354-4a88-915a-2952ed2b2690,0,Normal
d17ad5c8-2c59-4b36-9722-3d4e9bf12f87,0,Normal
7f6f91c5-70aa-4838-bb5e-0461f07ef1d7,1,Lung Opacity
0bbdddaa-499c-47cb-a6cc-a67faa4ec135,0,Normal
6c490407-f039-4eaf-94c8-1bff41b09f6c,1,Lung Opacity
91df7392-2f3b-4390-bc58-c7e8b36d0c73,0,Normal
0bc55dd2-15ee-4f8e-94a1-df2e8dfffd89,0,No Lung Opacity / Not Normal
42980064-dee5-4984-a807-e69f1c04c1bd,0,No Lung Opacity / Not Normal
93dae4d4-9f5a-4554-a882-6e4d3e9b39c1,1,Lung Opacity
3239951b-6211-4290-b237-3d9ad17176db,1,Lung Opacity
dba9ea66-66a0-464b-88e2-0bc3ecc27499,0,No Lung Opacity / Not Normal
415419bd-51a7-4708-8cb9-1adcba6921b1,1,Lung Opacity
16b81782-5c25-4dd2-89f5-8008aec5259e,0,Normal
b9072c66-a99a-4b11-bb25-2a93fcbe378b,0,Normal
f105587e-a2ae-46c8-a3b7-30d5120611f9,0,No Lung Opacity / Not Normal
d5bf0dbb-c132-42b8-9ed7-4188d0698fd9,0,Normal
06697be9-b1ab-444c-af0d-fd11a053f2b3,1,Lung Opacity
af863aa9-a9a6-46a7-9180-96339865ef2a,0,Normal
4bc8ce99-2420-48c2-a768-d067da67ced2,1,Lung Opacity
e7c8a177-e53e-42cb-ba67-afc2e46dc104,0,Normal
0ae738d0-5bdd-4ebf-9c1f-6b10a25be92a,1,Lung Opacity
c81e3921-af13-4b69-b038-0bc165696a33,0,No Lung Opacity / Not Normal
bbca9bd4-53b2-4076-a3b3-a1ee4079faec,1,Lung Opacity
9e6eb4fa-abd5-40a7-bd06-5ca016b16021,1,Lung Opacity
e5b113ec-b1fc-491e-9499-f20e825fcaa8,0,No Lung Opacity / Not Normal
6dec415e-7e38-493d-b5e3-bd8bbb476984,1,Lung Opacity
34a86615-92b7-4b4a-813b-9e62e51b6d10,1,Lung Opacity
ce34ec24-0161-4d2c-a531-79b684622392,0,Normal
f3088d94-d727-4381-ab83-1b2bc54c2505,1,Lung Opacity
81f8b5af-6ae0-4206-9d40-9647a53b4bae,0,Normal
b541091c-8437-407d-be64-2440a01b33e8,1,Lung Opacity
3945341a-c69e-4db9-967d-9e98e3135395,0,No Lung Opacity / Not Normal
885bfab8-e8eb-4282-b9ef-f845355b1032,0,No Lung Opacity / Not Normal
fe272c75-9f89-4733-a7b7-a0965bc30b53,1,Lung Opacity
0ca3f31a-ace5-4bd2-9900-b152cc212c8e,1,Lung Opacity
466923ee-bc63-4b8b-8129-929e3a303c8f,0,Normal
fea3d4d9-e3ee-495c-a59c-e3db137a0644,0,No Lung Opacity / Not Normal
d8d934ad-2219-42c5-9f26-454266f0d23a,0,No Lung Opacity / Not Normal
754ca39f-2e96-47ed-bb55-a56727317591,1,Lung Opacity
7d3a701c-1d3f-4302-abdc-064d3227d6c6,0,No Lung Opacity / Not Normal
669ae596-b72a-4acf-bd63-2aa25513017f,0,Normal
3a364ace-4994-4be2-a3e2-cab2627c740e,1,Lung Opacity
485c7e13-e958-458a-9af1-1b4f0f0e11f8,0,Normal
72247058-293a-4a90-a972-093fe8f12148,1,Lung Opacity
06b2f933-3ea2-4477-ac27-18f732d1f4e1,0,Normal
5bcdcaca-248f-44e3-bd75-da2bee9287ef,0,Normal
66f58805-60f8-4e89-b99c-dd060a33bb86,0,Normal
08b0056b-c563-4b30-9101-2ed685fdad1f,1,Lung Opacity
dd3a7be3-2f0b-49f8-b82b-aacb2826be12,0,No Lung Opacity / Not Normal
cd064f36-a22d-4614-a4c5-96c2d36bbe7c,1,Lung Opacity
24d33a1b-f931-4635-8014-ffaf1d266986,0,No Lung Opacity / Not Normal
8e6ab6c7-99f4-44b3-82a0-91ca0b07556a,0,Normal
2fff8f27-32ad-48b1-908b-a5a991964b85,1,Lung Opacity
e83ec092-c219-46d0-a1fa-a7538c91ac17,1,Lung Opacity
08769747-d4e5-4532-801d-18e04ff34668,0,No Lung Opacity / Not Normal
e6cddc69-9244-4500-b926-d4bcb4c2c3f7,0,Normal
ea813cfd-b932-4872-a969-d6d5f8c01d13,0,No Lung Opacity / Not Normal
dc486475-0698-4f27-8b21-5a9eaa0e157f,0,Normal
fe230f92-780f-4918-a553-19c210bad853,1,Lung Opacity
35ef8c74-74d5-49ae-8b45-98d349344628,1,Lung Opacity
73dec8bd-601a-4cbe-9ae8-336c5cbd77e2,1,Lung Opacity
a1328407-1ce1-492e-b014-27e30077cc27,1,Lung Opacity
a8a32c9b-44bf-4f83-a091-2f006901ef22,1,Lung Opacity
61bb36ee-8122-492d-ace1-d1abe492bda2,0,No Lung Opacity / Not Normal
a449d778-47a8-4edf-a90e-11edbb62ab16,0,No Lung Opacity / Not Normal
d16966c6-7e09-40d0-9586-b2b1b767f8d8,0,No Lung Opacity / Not Normal
e782f1a7-23b3-4167-be7f-1a959259af87,1,Lung Opacity
0c9a3ade-b629-4ffa-9a79-82b9c5c69023,0,No Lung Opacity / Not Normal
ca882f38-6c8f-4f2b-bff7-8327315257f8,0,Normal
53c275e1-e692-4445-bb4f-b740d117712f,0,Normal
0baa6d29-66e3-40db-8aeb-5ebe80ddc8c8,0,Normal
40c31d96-78f1-4d21-984b-db5c143a43e4,1,Lung Opacity
4631af9e-0ded-439c-acd1-c0d74393afcf,0,No Lung Opacity / Not Normal
0ae5ae70-e9a3-4214-93d0-0834f0cd4835,0,Normal
4f7c7705-738d-4ab2-818c-1fadc70c1fee,1,Lung Opacity
bec77715-a15a-4725-9adc-792af4dcc1d4,1,Lung Opacity
a1be5d47-d573-411a-862c-d5e0ec36f469,1,Lung Opacity
658a2896-6f1b-41b8-bf00-c737fec7c969,0,Normal
a46f2e04-c730-48a4-916f-2620194cd317,0,Normal
b948e09f-c02d-4192-8926-27b9ee3ead2b,0,Normal
a7a95de8-1075-49df-a0ed-edc1baca084d,1,Lung Opacity
f4ed7de6-fcbb-425f-9a20-9ef2dda05d78,1,Lung Opacity
bf7225ea-722d-483c-8fd6-3118966ca7b1,1,Lung Opacity
e014a102-5db7-4d5d-b10a-819f180b96b2,0,No Lung Opacity / Not Normal
cf1d2961-31eb-47b8-b2da-7e79b63710a5,0,No Lung Opacity / Not Normal
facdd4ed-c4f9-4110-a3d4-5cc3666c4abf,0,No Lung Opacity / Not Normal
006e75c8-1fd9-4a5a-99e7-285addebed55,0,No Lung Opacity / Not Normal
6eb28c94-0ae4-4a4f-8ac9-c9e1d4772d72,0,No Lung Opacity / Not Normal
38b67cdf-650c-4c90-bcfb-745f0db2ec97,0,No Lung Opacity / Not Normal
73297d21-68e5-4598-9e5e-8c6bfdceef93,0,No Lung Opacity / Not Normal
326f120e-54fa-48fa-ad82-253125c9dea9,0,No Lung Opacity / Not Normal
576f691f-ec9f-46a3-9f06-0b72c9702d8c,0,Normal
db1fc476-1976-42f3-b442-1e37fcf45044,1,Lung Opacity
6be29d68-1927-4609-a7d2-4fcc9ccaf9af,0,No Lung Opacity / Not Normal
bddd048f-116f-467e-803f-fd234c53a61f,1,Lung Opacity
321d8cc5-0fc3-43de-b12f-851515e800d5,1,Lung Opacity
78815820-d7fd-4763-b69d-7bad8475e7ed,1,Lung Opacity
bc12a476-8f69-444d-9c99-4c10b565acf6,0,No Lung Opacity / Not Normal
bcccd58e-6cf0-4bd8-82c1-e51e18cd041b,1,Lung Opacity
87bea6bd-4a01-4fad-8621-8e641e09dcad,1,Lung Opacity
cc7f5632-634e-43eb-9f97-b7d6b91bdabf,0,No Lung Opacity / Not Normal
e8a234b2-5e8d-4b53-8a44-17c46a3678eb,1,Lung Opacity
c9cf503d-a272-4cbd-802e-8d7bb2167794,0,No Lung Opacity / Not Normal
5c643f67-e321-4f90-bcd0-58c4517561a9,1,Lung Opacity
7259b733-6e40-41ec-8993-a0400b72a972,0,Normal
cbce283e-91f9-4418-90e7-9aafcd017e33,1,Lung Opacity
baa5cbde-acb9-4160-a8e9-d19ab0cf8063,1,Lung Opacity
68992fa1-18cd-4898-88dc-1d6ba39fb053,0,No Lung Opacity / Not Normal
3e3babaa-b242-4dac-a549-9c87dec28ead,1,Lung Opacity
a36d5534-15f9-4cb1-aacf-99c5f96b6d40,1,Lung Opacity
75ca14eb-205b-4ffa-8ac5-fd48aba8dc11,1,Lung Opacity
3d63f3f8-08cb-4c56-9f03-c634b705c23f,0,No Lung Opacity / Not Normal
54e620b9-4d3d-45db-be42-a1076e30913f,0,No Lung Opacity / Not Normal
38e68dfa-d76e-4d4a-9fa8-4a9d86f1a380,0,No Lung Opacity / Not Normal
30d44656-0af9-4870-b43c-f83de6cd8f2e,1,Lung Opacity
e0c2789a-7073-46c3-858a-05753b99d31b,0,Normal
2c376b9a-167a-43d3-bcc2-b4af32fb9f74,1,Lung Opacity
70955b6d-3323-451a-98f7-21b9d9ccb74c,0,No Lung Opacity / Not Normal
5c71c9c5-9ec5-4db9-be98-32f960fb02eb,1,Lung Opacity
9441732a-591d-4527-8b75-9596fbbed525,0,Normal
e1c9d1ec-05eb-4bf8-9d64-2aea82f43d98,1,Lung Opacity
874fb2e8-4d06-4750-b1f1-23c9e45bb8e1,0,No Lung Opacity / Not Normal
22c13a41-b046-441e-adbf-ed77104b6249,1,Lung Opacity
ebe886a5-3488-4198-bbd8-33c50b4a15f9,0,No Lung Opacity / Not Normal
16f580c9-9242-4535-8fb6-a1724f4bbf34,1,Lung Opacity
5af36cff-6ade-46c5-aead-23713072fdf4,0,No Lung Opacity / Not Normal
a6d7b6da-d474-4195-8270-08fdfd6e8a20,1,Lung Opacity
9388011e-2250-40d3-be0e-39bc418d984b,1,Lung Opacity
636c69a8-5df4-43a5-b723-fd6372cf7f89,1,Lung Opacity
ff40a703-b1db-48d5-a176-0b50763f9a0a,1,Lung Opacity
0fc4edec-08ea-4cd4-bf21-a6319ef0b44d,1,Lung Opacity
ea5c8b30-582c-471c-afd3-f569f52d5baa,1,Lung Opacity
7fb3e6fd-596b-41e7-815b-b2be3f856184,1,Lung Opacity
c145df8e-9631-468d-af7f-5690c11c2c88,1,Lung Opacity
be9624bc-824f-4951-9f81-087d6528eeec,1,Lung Opacity
1ac5f0e8-f431-4400-b3f5-4a2224e540b2,1,Lung Opacity
c4046c56-0b47-4293-8921-c751ee5fb188,0,Normal
b6bdf7f3-e62e-436b-9d61-4041bf19cf8e,0,Normal
b6db3041-1554-43ef-baca-58733b6717d6,1,Lung Opacity
69482e41-3263-4791-aecc-41eba42bd6f4,0,No Lung Opacity / Not Normal
e0d65c5c-eaa6-4cb1-9eb0-2621f0f81164,0,No Lung Opacity / Not Normal
70f14ca7-41a0-445f-9274-fe0a7b8890be,0,No Lung Opacity / Not Normal
fd50c07e-0b74-400f-8657-076e7841fb6b,0,No Lung Opacity / Not Normal
89dd8f63-8320-48f3-b142-d903f40d5c8c,0,Normal
7bf09d53-83de-418a-ac0f-1c29a9dcf6fe,1,Lung Opacity
d4d2f79b-81a2-4d34-9abb-c68ad0b7c381,0,No Lung Opacity / Not Normal
40473564-beaa-462c-8457-59058198bd25,1,Lung Opacity
0a461c5f-08e6-4c86-9ecd-5246e613f8c2,0,Normal
2554df23-d5d3-4ffc-86c7-952a535998fc,1,Lung Opacity
9e0e05ef-1c6a-4883-957e-f36f5c59b9ad,1,Lung Opacity
ea6270ea-10ae-4e5a-b88e-54e6471eab05,0,Normal
5ffa367a-de51-44ff-9e57-9d1e4e6dea49,0,No Lung Opacity / Not Normal
4c665597-adbc-4583-9d9a-20cc0d8d00d0,1,Lung Opacity
31a7fd05-b49d-4220-9268-33a61f4663a3,0,No Lung Opacity / Not Normal
20ed5a77-bb84-4c95-b126-714bd59cdfbf,1,Lung Opacity
f363306d-1c02-4182-9118-17e28d66d265,0,Normal
dd9ce726-1d01-45e5-8a71-2ae8663ba3a9,0,Normal
8c10567b-8e66-4f35-bc42-d2698469e586,1,Lung Opacity
aa2af074-3bc2-414f-8adb-49d60b1db48c,0,Normal
eaa174f4-2364-4c30-82c1-c65893045715,0,No Lung Opacity / Not Normal
ba1dd94b-afbe-4b09-a188-8ea1098d4848,1,Lung Opacity
50533ed3-bfb4-4e56-82f7-678e03864265,1,Lung Opacity
bfd8e28d-a54c-4d20-b75a-90eb90b64bd5,0,No Lung Opacity / Not Normal
3a925cdd-891d-42bf-9ce1-30e7c95318be,1,Lung Opacity
64f2b57e-5be6-461a-bdf9-15b85c767182,0,No Lung Opacity / Not Normal
76712baa-545a-42d8-8670-79a56926349f,1,Lung Opacity
5022892d-0048-42bc-91db-052f9bfee2af,0,No Lung Opacity / Not Normal
1fa87ba3-8da3-4248-9245-4286c2434f69,0,No Lung Opacity / Not Normal
2f873371-c1a7-4c07-9470-3bbcc201832d,1,Lung Opacity
c5e9b1c8-4a98-4ea6-b918-b1621ecf0ddd,1,Lung Opacity
ce649e4b-1461-4c34-908d-b0561ac155a6,1,Lung Opacity
61ecc87b-b535-4930-9960-3b37f2996594,0,No Lung Opacity / Not Normal
8ec04c93-93ed-480f-83aa-8d89c1063505,0,No Lung Opacity / Not Normal
caa545b4-4eea-4e3a-90b1-c4c0789a1109,1,Lung Opacity
89492f31-d3a7-4e3f-b715-efa858eb1c8c,1,Lung Opacity
e1346f9c-a77d-4a4e-80cc-d19768751775,0,No Lung Opacity / Not Normal
abcb43a2-7b1d-428a-b909-e54c92acbd5b,1,Lung Opacity
e50133b8-d5f3-4598-b079-5ebf4522ef10,0,Normal
a4a28a4f-9496-430c-8cc1-cff2b44ac359,1,Lung Opacity
16105557-552b-498e-af02-9f0285876567,1,Lung Opacity
48e264dc-d8d4-4e82-aa62-ed0174d321ea,1,Lung Opacity
f5ba9b65-ab27-4b62-a451-bd60c45f9203,0,Normal
4da42c54-65cd-4c74-9a75-92a59562f2ca,0,Normal
bf11da89-d0f0-4c1b-b486-d82bbcb91ed4,1,Lung Opacity
f1665ed1-c647-4ed0-8340-5e9f88c6b257,0,No Lung Opacity / Not Normal
c4a9e5af-2b13-4dd5-b5e7-094c2ce33c34,0,No Lung Opacity / Not Normal
6f125823-8206-4bfa-abfb-b5c7941bc630,0,No Lung Opacity / Not Normal
25d1ddb4-df24-4e52-8a84-b0dff45f9718,1,Lung Opacity
8b2e301c-ad07-41d9-9575-f7fc2f6d5b54,0,Normal
72f79a49-6208-4253-9094-8081308caffb,1,Lung Opacity
b1827a4d-c98c-4719-8296-1659617870a7,0,Normal
3bb9b9b3-b086-4083-ae6f-d1f86c3eb089,1,Lung Opacity
8ea289a1-434b-427f-aeee-2693fc696bb0,0,No Lung Opacity / Not Normal
655aff3f-1f68-4148-9d5e-c82548653b36,1,Lung Opacity
d8e8af62-c7de-4f67-a5de-d38507419763,1,Lung Opacity
d98b1677-b232-46a6-b951-45665257c68c,0,No Lung Opacity / Not Normal
40668cfa-55dd-40a3-86c4-805dd9d32202,1,Lung Opacity
3fcd4b0a-c575-40a8-95ce-34eab7025d62,1,Lung Opacity
8401176b-2a3f-4497-b3ae-f761e7d626ff,1,Lung Opacity
5dbb180e-0145-49a7-a6af-dffb8718fb96,1,Lung Opacity
b0c98c20-ceaf-4f52-a67d-f738000cb927,1,Lung Opacity
27fdc9c2-5544-4142-92ac-11a1264d4fb8,0,Normal
364b58dc-858a-4de4-962b-baa17c39a762,0,No Lung Opacity / Not Normal
9405a1ba-63e1-4c5e-9430-4952d1d27496,0,No Lung Opacity / Not Normal
5469398f-af00-4412-a887-2e3a598e0c23,0,No Lung Opacity / Not Normal
d16488a8-5cfd-4051-bb2c-d7f7c88009e2,1,Lung Opacity
f62c9cfa-ee5d-44fc-8ad3-f3041e4ef521,0,Normal
661ca6dc-2132-4e8b-bac6-67add068a186,1,Lung Opacity
a41ff5c2-534b-4a51-9177-a9a295f3a6f4,0,No Lung Opacity / Not Normal
fc80c907-387c-4d6c-ab05-4a22f3cdbcc3,0,Normal
a965cb42-5f7b-4cfb-9970-6fe6b80f640c,1,Lung Opacity
433c5421-aff0-4b35-b520-1540c9efafe0,1,Lung Opacity
3a0fb504-c7fe-4f7e-9bf1-98560c74614d,1,Lung Opacity
be35c13b-705d-4466-ae3f-ed690080ac9d,1,Lung Opacity
351a2161-64fb-41c0-889f-653d320a406f,1,Lung Opacity
975aac17-f7e4-4b6c-a669-e73b0bb5caef,1,Lung Opacity
4525bf0b-20b4-4f4f-9149-e32632812d89,1,Lung Opacity
1e74323d-d449-4a93-aad8-2df912970b1c,0,Normal
27532c20-7a0b-45b2-b229-496126a327ad,1,Lung Opacity
7abb5955-a52e-4ac2-b015-9e3ccd061066,0,No Lung Opacity / Not Normal
ac3f6948-11eb-430c-b7eb-3df21e68a3ae,1,Lung Opacity
60987fd5-7434-4345-876e-365c8338ce75,0,No Lung Opacity / Not Normal
1738d7da-d93e-4f81-aefd-a1adb148664d,1,Lung Opacity
cca612d6-7140-4420-919b-a0f18aec4315,0,No Lung Opacity / Not Normal
d230c1d2-52fe-427d-bf5b-9cfbd2b4ebd5,0,No Lung Opacity / Not Normal
990d71d2-d9d0-4169-9b27-c77e8a046e33,0,No Lung Opacity / Not Normal
8ef2ab87-f997-405c-8ccf-b32c7efaccff,0,No Lung Opacity / Not Normal
ffc3fc59-f046-48b8-b7ad-3a9e07362d0c,0,Normal
0b1ee3f4-f6e7-4c92-850a-73724e5b7bfc,0,No Lung Opacity / Not Normal
dc7720ba-e9fe-4680-8304-bb149bedf128,1,Lung Opacity
a11a11e6-18b1-4efb-9c26-37f458bc1b0c,1,Lung Opacity
35e2f247-6930-4b7d-bc43-baaa622cce2c,1,Lung Opacity
19233158-5ea5-4183-9774-532a0fdb6b63,1,Lung Opacity
321cd5e5-6a3d-43a8-a175-e06793dbea00,1,Lung Opacity
d6406a7b-d4ce-4495-ac63-ccde4b062fa7,1,Lung Opacity
3e07be0a-9693-4f9c-9295-9e72b3e2a872,1,Lung Opacity
75c03c29-49bb-4512-9ab7-bb3ed6ebd54d,0,No Lung Opacity / Not Normal
e6063be4-ce29-40d6-9ab3-bbb746cda7fb,0,No Lung Opacity / Not Normal
31bac031-0b6b-408f-8acc-1651bd777dc0,1,Lung Opacity
b915ae1a-346d-4e9f-b1fd-a72e0a78a864,1,Lung Opacity
161cacb1-dcdd-45f7-bfb6-3281fe82203d,1,Lung Opacity
bade0f31-c385-4f3f-b16f-bdcc83b2c687,0,Normal
a5e29606-27c8-4f4c-8ad5-37a84ffbacdb,0,Normal
af31012f-209d-41cf-a2f4-4ef1105067c9,1,Lung Opacity
6c8367ef-371f-470f-a1b7-9b6e9f0bc377,0,No Lung Opacity / Not Normal
ed267d94-1def-4572-bb3d-49a4f9a7dee2,0,No Lung Opacity / Not Normal
b396e6cc-f447-49bd-9b86-c75c778f1e35,1,Lung Opacity
f1509076-069b-449d-b659-4ae16300db31,1,Lung Opacity
d930583e-0c91-4b5f-9a23-0f71f0349586,1,Lung Opacity
aad5a7ee-f327-4444-9a29-f279d3832286,1,Lung Opacity
dafe4318-b7bc-4766-9d29-8d4d6d12e670,0,No Lung Opacity / Not Normal
b0052168-b95f-477b-9220-e26a6d33f1d0,1,Lung Opacity
a968e822-adce-4a16-be1b-81764099c9a5,0,Normal
0902e0fc-fcf3-40b5-ac04-c3ecc14c2355,1,Lung Opacity
32d09ef2-c60e-4df0-805c-d45d5fb0a51e,0,No Lung Opacity / Not Normal
78b8f6bc-96ba-4528-b6b7-39d1a140ce07,1,Lung Opacity
b997fc0a-eb76-40c3-8924-4b2ecf0d49a6,1,Lung Opacity
3d48f4d3-7a90-4ead-8634-b2d394575284,1,Lung Opacity
fb27d648-bed7-400f-915d-4aa448ac6927,0,Normal
458d66fd-5dab-435d-b937-3e19e5302145,0,No Lung Opacity / Not Normal
09c48ba8-4f0b-483c-85ec-9246d7cc6177,1,Lung Opacity
c361c9ca-75e4-438b-a021-3c3d4af33a83,1,Lung Opacity
9cdad022-25d5-4596-b709-d022f475c26c,0,Normal
2ba20b8b-50aa-477d-8f39-ded35b460696,1,Lung Opacity
cfb88e62-c5d6-415c-87d1-7be3238de1d5,1,Lung Opacity
3b17bfb9-8657-4b74-bae8-f597877f4227,1,Lung Opacity
742365a8-d9a5-41e4-b8a3-24a03a894f9f,1,Lung Opacity
8266653e-4df2-4e84-aa7a-a96e7d29fe3e,0,No Lung Opacity / Not Normal
b3016500-907e-4fbe-b100-6bedc5128ec6,1,Lung Opacity
07444c7a-580b-4494-a883-3b33361a24ac,0,Normal
67ec68b0-a5ea-4744-83b8-8a8f6a770288,0,Normal
51b5d7a6-1c08-4c2d-a5af-21ffb21b78c4,0,Normal
b4fe242c-892f-4839-9aa6-d6b140649635,0,No Lung Opacity / Not Normal
eae9deb3-2bf7-4e52-aa43-e36b60cc676a,0,Normal
854fee36-d54c-4cde-904d-ab77f5e2e091,1,Lung Opacity
abb1c618-d1e0-4948-98e9-99703b57043c,1,Lung Opacity
40f55d75-0e89-4392-a32c-84ff66530a4a,0,No Lung Opacity / Not Normal
6126c957-5789-4264-86c9-9fe21c0498b9,1,Lung Opacity
c665e628-0832-4584-9de9-4d07da83f25c,0,Normal
1b4d9ebb-644e-4602-ad36-d83cf7415be6,1,Lung Opacity
4beb715a-335a-44a8-bc72-a2b27fd0377d,0,Normal
e6dfc127-5e23-4a60-b784-efa008f59587,1,Lung Opacity
e2e96e82-8fd8-4d6c-abb3-798ad61a6087,0,No Lung Opacity / Not Normal
42e17478-6066-40e5-9855-6bfd45bff1bd,0,No Lung Opacity / Not Normal
77db5083-8f5d-40d3-af29-722ddadc0638,0,No Lung Opacity / Not Normal
f98256eb-738f-4da3-a36f-84d3df884410,0,No Lung Opacity / Not Normal
0bed2d9d-8a11-41d9-b312-41f8c93791f7,1,Lung Opacity
392fb6b2-c4d3-40aa-8041-9991f0e9998d,0,No Lung Opacity / Not Normal
be443cae-043b-448b-b6e7-43477812b9cc,1,Lung Opacity
52c8dcfc-eb27-449f-aeda-b14412989a4a,1,Lung Opacity
6315452d-0bb8-45ef-8578-084e49698755,0,Normal
4a2fec02-fe01-42cc-a1fb-a1588b147f60,1,Lung Opacity
1c187dbf-3fa4-4a39-914a-39994b76d4c5,1,Lung Opacity
dad6c631-7bff-4bcf-bdbe-a91a9be2ac01,1,Lung Opacity
6797dfe0-ba4e-464c-9644-8c1022b68a25,1,Lung Opacity
1328013e-dca0-497b-9523-072bc6b23e17,1,Lung Opacity
6d2e3884-793c-487b-a3d3-dd8cc2ce1031,1,Lung Opacity
cbf8651a-5300-44e6-b1cd-e17333421844,0,No Lung Opacity / Not Normal
49c04987-96af-4edb-b560-53c56a357cac,1,Lung Opacity
acb5c720-f741-415c-993c-65855be08ffa,1,Lung Opacity
5803ec5d-f374-4c19-b7f5-93e12e5a2eb2,1,Lung Opacity
70cb2306-fffb-4c0d-8385-3da27552f6f7,0,Normal
722ad9c3-919a-4c08-bb67-cafd603ba754,1,Lung Opacity
8fae133a-b424-48b1-96a8-a2add7b8b8a2,0,Normal
5827367d-31c6-4527-9ccb-63676d7f230e,0,Normal
f176d879-a0a0-44ca-8a6b-67e9493c5158,0,No Lung Opacity / Not Normal
26408db2-e7f0-47de-96d8-5aa9c2b47153,1,Lung Opacity
c67d1fe6-94ba-4f3f-af3e-cebc75c44e57,0,Normal
c97ea3d7-862f-481d-a996-66acdfe38c0d,0,No Lung Opacity / Not Normal
a4b449be-8c92-4191-aa74-cce130365f0e,1,Lung Opacity
a3914966-dba0-4178-8efa-20f3dbb5e75e,1,Lung Opacity
81ba8f2c-59b8-4554-9b24-9ee0a92b3b8d,0,Normal
a25d0b6e-cd0e-40d5-a225-4ef92baa4202,1,Lung Opacity
4ac05784-cc3a-4dc5-95fa-9367d7d898a6,1,Lung Opacity
f3a72d62-fce7-4654-92a1-9cf26353d156,1,Lung Opacity
d7071fbe-b223-4a08-bab2-f378ed039c3e,0,Normal
2397b2f6-3dfa-476c-89ea-e9992c5bd9a9,1,Lung Opacity
5893d5cd-50f1-402a-a8ad-55a49f0f5ebf,1,Lung Opacity
f90f1f2f-7ae1-4260-8774-fed4be51bc9e,0,Normal
a0d6fa61-86b5-452b-87e9-a99995c6c4f7,1,Lung Opacity
62974b0f-cf3d-452d-b038-7e9ded3aa5cc,0,No Lung Opacity / Not Normal
c4a9d607-67c3-49f7-b110-7e0f1dcfea4a,1,Lung Opacity
586ad370-dafd-45c0-9801-a89e7e20380a,1,Lung Opacity
b9ce332b-03b9-4297-9ab3-3cbafbb4ec0a,1,Lung Opacity
a85de598-dc47-445e-982b-e0db1c3d18db,1,Lung Opacity
905a246c-e06d-4060-88f6-98e3b063786e,1,Lung Opacity
85d10117-811c-4b75-8fa0-342d18eccbd1,0,No Lung Opacity / Not Normal
b37165c7-7ab1-4101-a755-49dd95eb6766,0,Normal
a4cc8800-73db-4fdf-94c0-8b15b7777bf4,1,Lung Opacity
5c65a8b2-7873-4490-9fce-ac4fe0417ada,1,Lung Opacity
e34243a4-d26c-4bee-8461-99a8502abf39,0,No Lung Opacity / Not Normal
6ab40f5f-0589-47f2-8029-cf4e7666ed17,0,No Lung Opacity / Not Normal
e6dc5d04-2f76-425f-99d7-cae3aa095122,1,Lung Opacity
7e242578-21a7-492d-a02d-19a167942414,0,Normal
bfa45a99-7125-4d61-966b-c51e54dcbf10,1,Lung Opacity
70d88928-f775-4ac7-99f0-86d54907b631,0,No Lung Opacity / Not Normal
ac4bf897-0752-4095-9404-1e6ff42a1dfb,1,Lung Opacity
c5bd1233-18b5-4f75-a676-35a7917a20a4,0,No Lung Opacity / Not Normal
a11c711d-292a-43cf-925a-9e98a816040e,0,No Lung Opacity / Not Normal
417553fa-ac96-4f78-bb07-e9e0d0c00ff2,1,Lung Opacity
333b7a3b-2d48-4926-9498-3e6b30239ab2,1,Lung Opacity
68fce9ea-3122-49bd-8968-85e8f9315c83,1,Lung Opacity
2af2646f-3cc0-4ef2-a9e4-0beea36f335a,1,Lung Opacity
50059823-7c93-4f6f-b1e5-e3ce3351b4df,0,No Lung Opacity / Not Normal
748c1ee3-c648-440e-b1b6-be1f5440a093,0,No Lung Opacity / Not Normal
38bf2119-427c-4ae4-810d-db5d9a8ba275,0,Normal
35d5dba1-22ee-4f68-b28f-bd16ae96ae00,1,Lung Opacity
ceb903e7-cdbd-4e62-aca0-00c255736807,1,Lung Opacity
10ec7da5-0d58-4c84-bcdc-180591028054,0,Normal
12fb963d-f74d-4c83-a3d9-c96ee8983ff4,1,Lung Opacity
bd922118-0adf-46a7-ad0d-ee10fbc7b5be,0,Normal
c358e0be-cac6-4918-8f61-1953178f0ec5,1,Lung Opacity
5bcee483-ed6d-4e9c-b9db-1e48e5bb2403,0,No Lung Opacity / Not Normal
6059ba53-cfad-4b39-981a-09f98ee702d1,0,Normal
51ad4587-85e0-40c0-9683-befde300818f,0,No Lung Opacity / Not Normal
b2ee7b2c-80fe-4d55-bc64-807b839690aa,1,Lung Opacity
b0eecb36-25c6-45fb-b61c-f0c1a7793a67,0,No Lung Opacity / Not Normal
a7afd170-9f98-46c0-8efa-1d1f24dde75a,0,No Lung Opacity / Not Normal
3ac3f8a3-21a8-4baa-a6f5-3ce889947dd7,0,No Lung Opacity / Not Normal
b602ef86-f1c6-456e-afab-5ec2839be879,1,Lung Opacity
be27354e-3de7-4420-ae86-05fcc2e9218d,1,Lung Opacity
5ae077c7-0d89-49f4-b32d-626adaceada6,0,Normal
3af465f7-7be0-4b58-969b-943499e00946,1,Lung Opacity
9f2e86d5-cf74-4c4f-84f9-c9e842c8ef0d,1,Lung Opacity
315b5137-1117-4090-9329-d6a6fff607ef,1,Lung Opacity
67c56270-819d-4c3a-8688-5caa6208225d,0,No Lung Opacity / Not Normal
2c80b7ba-3929-4c36-9fd7-c7142ae83922,0,Normal
f0bc4c9b-48f7-40a7-b5f2-5de61422dd41,0,Normal
75cf69a5-bdc1-4ef9-8937-2abad5bec289,1,Lung Opacity
e13ae969-5bec-4c52-af98-bf00ccba723f,0,No Lung Opacity / Not Normal
b0c6e2ba-ceaa-4eb9-b241-7c387f8df4ef,1,Lung Opacity
7080d43d-623b-4e63-935e-9ea66597fa6c,0,No Lung Opacity / Not Normal
58405e22-b869-4f44-ac95-760bb5d55561,0,No Lung Opacity / Not Normal
1321f38d-adb7-491d-97eb-277d57ab6e59,1,Lung Opacity
3c313509-8707-4fab-be4b-770fd8cbdb07,0,No Lung Opacity / Not Normal
f7446ce3-2bd4-48f1-a068-522b4f531c3f,1,Lung Opacity
b58b5574-d66b-4b28-8ca3-137768b44c84,1,Lung Opacity
b58e15a4-085f-4d55-91e6-7d219ff570b5,1,Lung Opacity
fcbaa64a-0e89-4216-8edc-b6f0881c6a55,0,No Lung Opacity / Not Normal
fdfce1ff-203e-4b23-a360-3803558a7f7a,1,Lung Opacity
a3dda87f-1087-42ee-b602-453eaac55e5f,1,Lung Opacity
68276cbf-0a10-439b-905a-6cefb1e2fdf3,1,Lung Opacity
0b894021-d6bc-4d94-9839-721bfcb70f11,0,No Lung Opacity / Not Normal
6dd82c53-30ac-42fb-aa7c-2bacdc03a766,0,No Lung Opacity / Not Normal
461315f1-e601-45cd-8350-7952ff4833ef,0,No Lung Opacity / Not Normal
b3eca1d4-f307-44ee-9f82-ffee6bd37138,0,Normal
579c68e7-c03e-4cd7-bda5-93de372571f2,0,Normal
0edfe5b2-0ff9-42dc-9412-ac0c7ec5d87f,1,Lung Opacity
ef21f886-1959-463c-845c-bc55181a19f5,1,Lung Opacity
5dcf58d0-581a-4f9f-90e3-c6004a646286,0,Normal
6df82c7a-a91e-487c-ae3a-9022b17d7c7a,1,Lung Opacity
073630e6-3b52-4b41-a14b-bf8bb57e28ea,1,Lung Opacity
69ffd6ea-f6f2-408e-a314-eecbd3a3756b,1,Lung Opacity
ce823599-6f37-4944-8598-4612d72398dc,0,Normal
714ade0c-e980-40b8-a08f-0c87a20ed45d,0,No Lung Opacity / Not Normal
47ec1b70-a18d-4c98-a313-4999a4059742,1,Lung Opacity
537cd661-6eba-499a-a4bb-2f442897db12,1,Lung Opacity
baed4093-ba48-42d5-8479-92b2612217e0,1,Lung Opacity
a269a604-2a1a-4a1c-afcb-f86f2f6c0c13,0,No Lung Opacity / Not Normal
b33610c9-a152-47f8-8ee5-4f81dce62938,1,Lung Opacity
931b6fb9-e53d-4748-8d66-0d0cf92c96ce,1,Lung Opacity
e7372a72-f654-468e-897c-b02668d484f9,0,Normal
b539db75-809d-4c0c-8b9f-b0e934ed740e,1,Lung Opacity
9911bf13-bce6-4b33-b866-1944aca8fab0,1,Lung Opacity
8f96ca8e-ff76-41bc-bf03-da5b031cabee,0,No Lung Opacity / Not Normal
490878a2-3121-4346-bb42-388438010ee3,0,No Lung Opacity / Not Normal
de593794-d905-42b7-82b7-459f567a2672,0,No Lung Opacity / Not Normal
40b011e6-7d68-482e-b8b0-664a61ebe21d,1,Lung Opacity
5d1d1eb6-1c43-416e-b280-7aa689c4589a,1,Lung Opacity
d8143fd8-c994-404c-b81d-b1c38fa4c780,0,No Lung Opacity / Not Normal
69ea6479-ba87-4988-8271-996981133a0c,0,No Lung Opacity / Not Normal
b750080e-5e58-4c49-94dc-8db8d20d4489,1,Lung Opacity
fbde1e4d-650b-4ac5-8921-65510589656c,1,Lung Opacity
936f2425-bc13-49ce-a4a1-979fd314ab48,1,Lung Opacity
dc3f50d6-3e8c-4c5b-814b-3f2043165556,1,Lung Opacity
b9c687bf-4fa5-447c-b526-24ea3ce3d6e2,1,Lung Opacity
719bb18b-a428-4fd8-9338-46f1187ffa5c,1,Lung Opacity
3a711453-b25c-4239-9c8b-080070a8afcc,1,Lung Opacity
03edb5ed-9e76-4abe-bc35-7bc95fea7e6a,1,Lung Opacity
5d2690ea-6ad7-405c-b320-27be55889413,0,Normal
229c584f-7174-4fcf-b740-7127cbf53525,1,Lung Opacity
733b4f63-a01c-46fb-b76f-c563cd4bf7ce,0,No Lung Opacity / Not Normal
62ba66c2-7154-4b82-af96-09feb7b91e00,0,Normal
59a340f3-3567-45e5-94f4-9de2faf44a98,0,Normal
86fa7c71-ada6-46b5-8209-441192a806f6,0,Normal
9adee280-aa0c-44c9-b4b3-feae1d1bb2a5,0,No Lung Opacity / Not Normal
3b6a7c3f-6628-43e9-a4b9-227a7d6b7ef8,0,Normal
a5848989-b288-4742-99d9-3728d61a306e,0,Normal
1c63da74-f68a-498d-a4b8-fc637227a4fa,1,Lung Opacity
3ef72bd8-0acb-4001-a5fe-b16b53318a63,1,Lung Opacity
47f08678-452a-458c-9933-ccd0f1126f20,1,Lung Opacity
aafda091-8953-40c4-802e-853a206e50d2,1,Lung Opacity
944d1326-6304-4b1c-b52b-a17df7fef124,0,Normal
92d7540d-db17-4fa8-814a-3d719157928c,1,Lung Opacity
cc783c7b-151d-4ef2-8fab-cbff6f6cf906,0,No Lung Opacity / Not Normal
5e3d34c0-03f0-4c4e-86b3-ecffbc624f87,1,Lung Opacity
4b8177c9-4436-419a-a044-6a1db71a8dec,0,No Lung Opacity / Not Normal
a1eb8477-6320-4944-a0b1-eeaf21f2738f,0,Normal
cb008bee-f96b-4039-b69b-46a7ad8e50c0,1,Lung Opacity
0b2e67fe-09ae-40b0-8089-4dddb7c2c0cf,0,Normal
17477206-a644-49de-83a8-b32d5ba9ba5b,1,Lung Opacity
3f5b6009-5a85-4778-85e2-c7579e00d1f2,0,Normal
b1976cfc-3bae-4bae-a968-4892e6f953ca,1,Lung Opacity
3283404d-1d5b-4498-99d7-7bc636e98456,0,No Lung Opacity / Not Normal
873f4d9b-de57-4129-a83c-0bfc6cdfa313,1,Lung Opacity
200613d9-e461-4836-ae40-b349087e01a2,0,No Lung Opacity / Not Normal
c543628a-b6d9-443a-8c1e-758453930dd2,0,No Lung Opacity / Not Normal
b7b3da7f-7b03-4113-b832-e1aa2c46580a,1,Lung Opacity
ef8cb906-acdc-44ac-bb8d-05f17b86c3b3,1,Lung Opacity
42bb3786-228b-42c0-bad2-a081993ec38f,0,No Lung Opacity / Not Normal
714c666b-bbdf-4cc6-bc9a-ee5566814c8a,0,No Lung Opacity / Not Normal
2c8258f4-ecf5-4dba-b17a-5411cc1d569e,1,Lung Opacity
5f04038d-8c7a-455a-a2ac-8582102d7227,1,Lung Opacity
2e02f4ce-3130-42b9-af78-997942bc4f38,1,Lung Opacity
48a74e9c-c0bb-4eeb-85f7-6ca980152001,0,Normal
af9d342a-518e-47be-99a3-b2138960db46,0,Normal
d76d709c-ec60-4c66-9002-2d0420b80073,0,Normal
b852bc3c-0de5-4448-aff8-f96b2cc13d51,1,Lung Opacity
3606dcdc-56a2-405f-b799-2f7e13d1b2e8,1,Lung Opacity
62419684-59fa-41c2-a663-73ac0b9b0b5f,0,No Lung Opacity / Not Normal
85727853-cb45-478d-a517-a0f0c85d0eb5,1,Lung Opacity
cf56523f-376d-42af-89a5-ba0b921a2881,0,No Lung Opacity / Not Normal
4af96201-f655-4ee8-af0c-0cd3cbe64df7,0,No Lung Opacity / Not Normal
6a007557-7c16-4726-b91f-2da91ee8f798,1,Lung Opacity
38c5dfe6-dcca-4bfd-85c1-f3868ab37c6a,1,Lung Opacity
7af9fe89-6e32-4057-9196-1d02f66ec3f4,0,Normal
07f78db5-7d9a-4ba0-a00f-02c36953020f,1,Lung Opacity
83a73e2a-2cab-4411-96e0-c7b154eb41d4,0,No Lung Opacity / Not Normal
8ab2915f-7b4b-4aa8-85a1-8121483c3776,1,Lung Opacity
ba07114f-788c-4779-98cd-1190bfb6bdc2,1,Lung Opacity
e0a74055-83cf-4cd5-88b1-5b705b06ed32,0,No Lung Opacity / Not Normal
b8397df9-1bd5-4961-b756-978ff4aed6cf,1,Lung Opacity
e6fc8c7e-ccf8-4cf4-90e0-3ef3500d66cd,0,Normal
a0024ecf-be38-47e0-8325-d46691060eb8,0,No Lung Opacity / Not Normal
32c3e235-1885-4aad-b4ad-2ef8583fbb78,1,Lung Opacity
f84a628a-75e6-403a-a15c-5dd0126fcc01,0,Normal
87b52a0d-3e68-4699-bc6f-0c789b039cde,0,No Lung Opacity / Not Normal
b7fd3d35-e5a4-484c-9f2a-83a72cb88d2b,1,Lung Opacity
ca395500-068f-49c3-9333-579dfe6c92c2,0,No Lung Opacity / Not Normal
faa89d54-2079-4711-9d65-1c9aa3f58f3f,1,Lung Opacity
1b57f09b-5884-48b6-b7b5-2b3a323280b7,1,Lung Opacity
e076d85a-34dc-49a7-a873-4f8d5a9c8534,0,No Lung Opacity / Not Normal
647b7bbc-5cfb-4776-b157-838a4264d318,1,Lung Opacity
befa7299-aa28-4487-b497-262ad6cd8f1c,1,Lung Opacity
0c9be296-285f-44dc-8599-afde00848e9d,0,Normal
86a1e3da-0316-4d88-88d6-0ffa314b3a35,0,No Lung Opacity / Not Normal
f8767c5d-9024-43d9-9044-843f2cec00c7,1,Lung Opacity
29128fda-79ce-4a14-bbf9-9884422075d0,1,Lung Opacity
9ca1a6ca-efb6-4d59-b829-76350431b766,0,Normal
d6f778c4-3a9a-4b12-a4d5-a74d04ec431b,0,Normal
4c9e6f85-2437-4c74-9430-db5222a0500e,0,No Lung Opacity / Not Normal
8570eacc-7d96-40b8-9be9-11a7b56db4c7,1,Lung Opacity
cce6a7b4-893f-4988-a0d1-49a50145818f,0,No Lung Opacity / Not Normal
8e6e3560-41b4-40ad-9cf8-0c51628bde2b,1,Lung Opacity
45a1e0ab-3eb3-4587-b679-2b2310635804,1,Lung Opacity
f5e587fa-9b99-4e6f-a0f6-b510bdad6183,0,Normal
44de9539-8222-4e4e-b7e7-0f8571844731,0,No Lung Opacity / Not Normal
659bf12d-b088-4736-bf02-86d3008938da,0,No Lung Opacity / Not Normal
726f91ab-9ab5-4798-8283-1ee31d691164,0,No Lung Opacity / Not Normal
1a04f083-d880-4493-87be-68521bc197c1,1,Lung Opacity
607fe277-69f8-4958-bc45-4ecf5ebdfa07,0,No Lung Opacity / Not Normal
34b11240-350d-4383-a5bb-169bccf1e760,1,Lung Opacity
c21ec0de-755f-433f-be49-e6ccdc94a735,1,Lung Opacity
d187294d-3dff-4de1-9bef-90a4f4c76cef,1,Lung Opacity
82ea83ad-2425-4bcf-a113-520b8b0f7c79,0,No Lung Opacity / Not Normal
ed09e414-bcdd-4342-aab8-3b286a54facf,1,Lung Opacity
e6957865-bb93-4b28-83c4-80e8a7eea793,0,Normal
bd9e0d9e-c947-4a0b-a0fb-a2fbce25d0d8,0,Normal
7a0ad288-8774-4fd5-84aa-3593f910d25f,0,No Lung Opacity / Not Normal
382cd774-87dd-4cdc-859b-5b973575c1d1,0,No Lung Opacity / Not Normal
ef503977-63a8-4fcf-9019-78e8e70511f3,1,Lung Opacity
4240c194-667f-498b-989f-ae7bd19e68a0,1,Lung Opacity
1a132cab-43fd-486d-b5db-0fcece5fab39,0,No Lung Opacity / Not Normal
85461441-2f09-4d76-92a9-6b1742aaf173,0,No Lung Opacity / Not Normal
c91d56f6-7c48-41af-8be8-4110acf65a4d,0,No Lung Opacity / Not Normal
db4c7637-7784-4031-b983-4692715525c5,1,Lung Opacity
56a60039-bf00-44ea-aaf2-ea50b68c4dbc,1,Lung Opacity
e06a973d-844c-4799-923a-9ab7215fe5bc,1,Lung Opacity
31e4e2fe-9d21-4cf9-ba57-3174ebc32a43,1,Lung Opacity
8030afb0-b23e-4d19-b127-63f37e781ccb,0,Normal
6ba9800e-ebf3-4fd4-9fa7-1022883c4f21,1,Lung Opacity
4bb57856-c155-4099-bcd6-d254547994d2,1,Lung Opacity
961041ed-849e-4253-8d6a-97a8aa29b2d4,1,Lung Opacity
80b493e1-a3a6-47a2-ae68-6a502c081507,1,Lung Opacity
45a87caa-d874-4925-8b39-dd56a56ced20,0,Normal
6174e549-615d-45da-9b32-150b0a5a6bf3,0,No Lung Opacity / Not Normal
24714d07-9d17-43e9-ac49-89965306fcc5,0,Normal
34591201-fa13-4dfc-809f-bb3cb8ca7665,1,Lung Opacity
c7dd976f-590e-41f5-bc53-22ff650c1fd7,0,No Lung Opacity / Not Normal
8a58d9e2-9cf1-405b-8e7e-102117a8200d,0,Normal
ee4288c1-fcff-4761-93e2-54d2e6fc771f,0,Normal
c7fac87b-f1b1-4945-ba43-305a70c033a5,0,No Lung Opacity / Not Normal
a2cac936-8602-408f-9447-41691428bd0f,0,No Lung Opacity / Not Normal
ea3f8b01-bbf4-4abe-ba79-72b6989f005b,1,Lung Opacity
7a5c7e58-8094-4ce4-94fa-e5e3e2fce6ab,1,Lung Opacity
12c0fe21-2770-49eb-8aa1-c4aca13c1712,1,Lung Opacity
4b57dece-117e-4f02-abf7-ee0c61bd7272,0,Normal
5bb67504-f09e-49f7-9c4c-03b43f034fa1,1,Lung Opacity
7ca89532-0a35-49f5-98ce-d788647f85b6,0,No Lung Opacity / Not Normal
36664b0f-d7cb-438b-9318-0f890fb8129c,0,Normal
abda22a1-7761-4590-a1a8-132e093c54f2,1,Lung Opacity
70ea8245-fcd1-4ebc-a330-9d92c6f74a5b,0,No Lung Opacity / Not Normal
76642e47-de05-48fc-a58f-bce9dc902912,0,Normal
3accdbb1-0300-4065-8757-94eb3dd213c3,1,Lung Opacity
36698ec6-be46-4899-9465-2bfe70780ba2,1,Lung Opacity
eca7a1b4-5d3e-44f2-998d-7077d6032206,0,Normal
04e6f392-a196-447f-9b75-f5af995a36d0,1,Lung Opacity
66fd581f-677a-45fc-904a-653633d743a7,0,No Lung Opacity / Not Normal
2cb31ff6-2062-4da1-9e5c-5a1bf8b62fe4,1,Lung Opacity
c00bf44e-5b65-470d-8ddb-b704e630bd5e,1,Lung Opacity
afb87feb-0409-42d0-b5cf-7e6a820f67c0,1,Lung Opacity
87069fbf-4fd6-4c66-8072-80d4b10a4f92,0,No Lung Opacity / Not Normal
ec494de2-73b0-4ec6-9038-217175b06392,1,Lung Opacity
e3c0a6ca-58fb-4b9f-b56b-25491bbf3db8,1,Lung Opacity
3a62a3c3-ad7c-4164-a473-939b599fb5be,1,Lung Opacity
8f8feef4-b211-4d70-83eb-cef152569c34,1,Lung Opacity
d535a3c8-c4a4-4856-b5cd-17f6332eac8b,0,Normal
18b3a0ce-d693-4953-992a-4f83bcf89697,0,Normal
0a2c130c-c536-4651-836d-95d07e9a89cf,1,Lung Opacity
3a146de9-9044-4abc-b15c-e7e0d18a0704,1,Lung Opacity
8ed712c8-fe68-4268-bdd5-b2f9dd464500,0,No Lung Opacity / Not Normal
8c433d4e-8100-4009-9145-1ed9e801f1fe,0,Normal
0497796c-c5a0-4eb5-b6a4-66794924727c,0,No Lung Opacity / Not Normal
ac2f43b0-3e63-47e0-9e50-4ba59b9b747e,1,Lung Opacity
4bffacc2-e2b5-41b8-a5c3-804b8466bb47,1,Lung Opacity
ad217b8d-1a8a-4347-871c-812febbde1e4,1,Lung Opacity
772e6245-dac6-4f17-999c-368d4593f98b,1,Lung Opacity
6a3a3e2d-6b76-44b0-8426-cd1fdccd2a71,0,Normal
c2882932-904e-4691-b3fd-0fcdaed98dc8,1,Lung Opacity
68644ba7-8699-4b76-aac3-6237c3b2f20d,0,No Lung Opacity / Not Normal
aa4294f9-fe5f-4912-9e73-0cbf35bddfdf,1,Lung Opacity
4bb8ad0b-398b-4eb9-8430-ad73bcc19727,0,Normal
6f6afc4a-cc1d-49ba-a986-c170e38c7c00,0,No Lung Opacity / Not Normal
0eb6bffd-a30d-466a-84eb-d8daf93570ce,0,Normal
89d30974-e47a-4743-b173-e50e60e0427c,0,Normal
18792f05-1f16-4343-884c-c33420e6b104,1,Lung Opacity
0550968f-5ad7-460c-96c5-c2702535e344,1,Lung Opacity
3488c0cf-8257-454e-a9a8-fdcecc72d5ea,0,No Lung Opacity / Not Normal
7f660204-2404-4d62-980e-fff31f1f0920,0,No Lung Opacity / Not Normal
8a2ff8f3-6c66-4d64-9fd1-59fc17c2d59e,1,Lung Opacity
cf6e4dd7-5d71-4ff8-aa41-2bfdb80e2e3e,1,Lung Opacity
a10735b4-e069-4df3-b1e4-5e54825ebfe1,1,Lung Opacity
2c575dd0-1a23-40d1-a0b6-da6d9c2556ae,1,Lung Opacity
0088be53-27f2-4c30-882b-a73a3a5c8c71,0,Normal
ff659b3e-123c-4501-ab4b-be41216160ac,0,No Lung Opacity / Not Normal
0b609c12-d05a-4cfe-8204-e0c75c300d0b,0,Normal
b1323e3e-2460-4db7-a98e-f810c0004836,1,Lung Opacity
95594cf3-2ea9-432a-957c-b774f59d18c9,0,Normal
579cf15d-2b88-48f4-a4b1-f851194359d3,0,No Lung Opacity / Not Normal
c10f3035-c0f4-4436-a6f9-bbeb87777231,1,Lung Opacity
4cb68d48-e377-4079-a094-2b863723204f,1,Lung Opacity
eeacb0f9-1dbf-43bb-9177-a7254d60093f,0,No Lung Opacity / Not Normal
af487ec4-2066-4e6b-b60e-dd5568e9aea1,0,Normal
419f823d-3113-4247-9c63-3bbdc4cc4d45,0,No Lung Opacity / Not Normal
3685fe73-c5fe-47d6-b9ba-d433b79041d6,1,Lung Opacity
8cb8c2bf-22a9-48a8-bbc6-5214070a60da,0,No Lung Opacity / Not Normal
4420f319-187a-4f84-ae5a-595ab6805fc0,0,No Lung Opacity / Not Normal
46c06db4-948e-4495-a9a1-d4f945a0fb6e,1,Lung Opacity
8dfb32ac-ff76-4f27-bc81-37d295f6ddbd,0,No Lung Opacity / Not Normal
44f0cc59-9125-430f-9331-03b19383cfb9,0,Normal
ccfb60b9-b46d-4963-8a2a-29a200b633f6,0,No Lung Opacity / Not Normal
389121d2-daa4-4ab1-b080-905c3c11eee7,0,No Lung Opacity / Not Normal
6661382c-a26b-4197-9abb-683f156b4a9a,0,No Lung Opacity / Not Normal
aee1a1e1-5de4-4a11-96e6-13de381cf308,1,Lung Opacity
56481000-ebf9-4006-9160-39a409d5a1ad,0,No Lung Opacity / Not Normal
2bdfab0d-4192-4a7f-a366-587c379ecdba,1,Lung Opacity
3bf6bb05-9ec6-4c32-a8c4-fdd7704c188c,1,Lung Opacity
9484ddd1-8b0f-4c34-bbde-0f38a0ee0a1b,0,No Lung Opacity / Not Normal
fe6fcede-1279-4936-af17-acde0f465330,0,No Lung Opacity / Not Normal
24f3c2b2-ba69-4822-85d0-f292bd32336a,0,Normal
6f851425-2149-48db-b9e0-3aaa5d383a83,0,No Lung Opacity / Not Normal
5d1d4b97-459b-457a-b7cd-729c494ddb60,1,Lung Opacity
ba0354d6-bf41-4e15-bade-9874cf47a9f5,0,Normal
d738846f-e366-4539-97bf-f84d2f5e7086,0,Normal
b6158255-d002-48a7-a283-af4ad2d8874a,1,Lung Opacity
2f34acfd-e6bd-46ec-b575-4efa1df5ff8a,0,No Lung Opacity / Not Normal
0100515c-5204-4f31-98e0-f35e4b00004a,1,Lung Opacity
f6527579-0d96-459a-9c36-0b0047308bc6,0,No Lung Opacity / Not Normal
89e42055-203e-4f3e-be86-d234c067ae4f,1,Lung Opacity
49678901-b2d5-4516-8b44-ff230809f781,1,Lung Opacity
c7ebf567-753a-4308-99d8-dc2ee0a987e6,0,No Lung Opacity / Not Normal
dfa37727-e289-4b2b-bd21-c6a4da9652e5,0,Normal
784aa072-7400-4f08-869c-7d47230d198d,1,Lung Opacity
7a8d5297-913a-4306-8e8e-3b8f413bf3d4,0,No Lung Opacity / Not Normal
20fa542a-4930-46eb-8e1b-3e938980e6ea,1,Lung Opacity
296c307e-cf85-4ef4-95eb-7a05d4576dfa,1,Lung Opacity
24a0f5b2-e762-4c07-ac23-b190fb0211ce,0,Normal
b28ef305-54b7-4a24-9edc-00eb8e13d649,1,Lung Opacity
bc651497-8014-4429-a93b-5860fe9a205a,1,Lung Opacity
39c9fa1b-d758-4985-86cc-ad6e8f5f2171,0,Normal
816cef8f-cbf7-43c7-8386-609bd95c78e6,1,Lung Opacity
3f350a20-291b-4a3c-8e7b-72b885f19ec9,1,Lung Opacity
86de3306-5876-4f2f-af07-fbc00610df8b,0,No Lung Opacity / Not Normal
c4328895-fac4-4ecc-b164-88f77dee37ca,1,Lung Opacity
34b275e2-88a3-44a1-a8ad-16d8d79b1999,1,Lung Opacity
197eb663-bd40-4c72-9fec-4160cec1f64b,1,Lung Opacity
81c790b9-e83f-4d5d-8831-c0c5414348ea,0,No Lung Opacity / Not Normal
e6cd0e17-9807-4952-8b40-36888deb3351,0,Normal
391a0d8a-9d87-4420-9e76-2bd87dbce5a3,1,Lung Opacity
fe8c4d70-fa9d-4bb5-b0c8-43bde0bc4e04,0,Normal
e9b72499-2b88-4a6d-9901-31957a5ccc5b,0,No Lung Opacity / Not Normal
3fdcd01b-1029-40c9-be8a-a72876d0323b,1,Lung Opacity
a59835f0-1e71-46fc-b68f-2a16ca414b4b,1,Lung Opacity
855262ba-9cf0-4b86-bae5-c7034b457d7e,0,No Lung Opacity / Not Normal
fef9cea7-b11c-467a-b64e-3f7199d18311,0,No Lung Opacity / Not Normal
c34a3ea0-04d7-4df6-afab-0d7c7280b749,1,Lung Opacity
d60b0cba-c1bd-4741-86ef-c24760605b03,1,Lung Opacity
3eb1d6ec-9172-4b4f-be53-ca981f71e610,1,Lung Opacity
71069ed0-4e0e-4afd-8fdb-d35863770c87,1,Lung Opacity
e1297bf9-390d-4d7e-b902-4b02005a0d4f,1,Lung Opacity
b145a972-a2b6-4dca-b98b-37d41f7c371f,1,Lung Opacity
a7cc220e-bef4-4d27-a921-7773ebef1282,1,Lung Opacity
f6c2c26b-7d88-4709-a874-e85c65358c3f,1,Lung Opacity
3dc8aa2f-0e49-47ba-9eaf-1a3bdb189ada,1,Lung Opacity
7c11f060-738a-4409-9680-5aa5409d47c4,0,No Lung Opacity / Not Normal
77c828fb-8cf7-4953-a964-6a566f3d07ec,0,No Lung Opacity / Not Normal
3858239f-f7ce-4858-94fb-095174a6c0e8,1,Lung Opacity
430106c0-64f8-4a55-81dd-6f9ab78fe141,0,No Lung Opacity / Not Normal
2abbf0a2-dab3-4c1a-a93e-764b15cc04dc,0,Normal
b21091fa-70ab-432b-a05d-edfa6674cf9f,1,Lung Opacity
9dbb7a32-14df-40ca-871e-410111c45c05,1,Lung Opacity
b9b7f127-2285-4ab3-b2c5-e5c943527494,1,Lung Opacity
fcd6452c-680d-40a6-9fc6-1793eb3ca0a8,1,Lung Opacity
a8e8e360-1c06-4932-820f-cc0066da187e,0,No Lung Opacity / Not Normal
a4b7d67d-7e52-4b14-9897-4fa498b25d0a,1,Lung Opacity
87e37378-94a8-4af9-b645-e27140093718,0,No Lung Opacity / Not Normal
4a0ac288-abcc-4e82-9080-c8d921cc35c5,0,Normal
db72973f-c371-4b4c-9a1d-16fccbd98428,0,No Lung Opacity / Not Normal
1aea68e3-a8b7-4402-92a5-16a1f23c6d4a,1,Lung Opacity
c2abea3d-e666-4be3-a0d9-352e980c13c8,1,Lung Opacity
c2e8ee67-6311-4b8f-9426-ac538972fed8,0,Normal
833c814a-032b-496a-9133-d2c4b6a8a1fc,0,Normal
910ea9c6-196b-47fb-97b1-763ab080fc3b,1,Lung Opacity
50226494-af89-4c13-9aa9-041336cdb2e5,0,No Lung Opacity / Not Normal
0294b4aa-5614-4b33-80a4-2c31b639e5b3,1,Lung Opacity
f73ff426-6e28-476e-82c6-31d3603a1cc3,1,Lung Opacity
66bcb6f8-946f-4f66-8d18-06f17b01d3cd,1,Lung Opacity
1c2fbe4f-6785-420d-a7ef-d81b84ff45ec,1,Lung Opacity
b8834f0f-8ea8-4ceb-8ce5-d5dcb9569fb4,1,Lung Opacity
9f76ae9b-da2b-4add-9964-e681f2a31697,1,Lung Opacity
c3b0adf1-3768-412f-a3b1-7a7f2a6dc928,1,Lung Opacity
e07ae889-af68-4fcf-8865-a0f493d024c2,0,Normal
9528063f-230e-4a25-b3b1-412caca2f750,1,Lung Opacity
ef0fe9c2-fb59-4631-86ec-c47020ff231b,1,Lung Opacity
67e6db21-bb11-42e2-ae31-e11ac0596d1a,0,Normal
f3236920-9024-4ee1-bbac-a89b68cfb44b,1,Lung Opacity
4ea84608-4977-4fca-9d5f-3434a309f774,0,No Lung Opacity / Not Normal
b15cff7a-2345-45ad-9eef-4a9e5ab6762d,1,Lung Opacity
7f6e7399-b358-4e34-9734-5d47d5287c51,0,Normal
ad731170-1388-4ee3-89f9-786322217fc3,1,Lung Opacity
a74e083b-dee4-4006-bbab-cd5a18598200,0,Normal
01027bc3-dc40-4165-a6c3-d6be2cb7ca34,0,Normal
a7a08920-e6ca-4638-a59b-ac10d5e58c8c,1,Lung Opacity
5583aa85-0700-4ad4-8d47-4d2fe5f5475f,0,No Lung Opacity / Not Normal
8daf7359-53ce-4607-9257-1d7e70ff1801,0,No Lung Opacity / Not Normal
e84ee874-b441-479c-ae54-c8e21845cb2c,0,Normal
c37d38fe-a11e-453a-88a5-5d919bf9f760,1,Lung Opacity
457491c0-de6d-4bf1-9d74-1f9ea46b563d,0,No Lung Opacity / Not Normal
e4adbfcf-d787-473c-ace4-7ea59984f732,1,Lung Opacity
3da1b7e0-888d-4b1b-8304-10d7d609d9ed,1,Lung Opacity
b3f75ca9-beaa-4760-bde9-f9ac7c9a8748,1,Lung Opacity
e26c3236-5c80-454d-a3fa-6d5c752b29d6,0,No Lung Opacity / Not Normal
5a127388-ca5d-45a3-b0b5-1f925270d98c,0,Normal
c1592aae-c80d-4794-ab28-463905558534,0,Normal
6fcf6a3a-dd47-4a67-9bea-c670f1d94acc,0,Normal
e41fdc8f-1cbd-4acd-94be-6a27df3b750c,1,Lung Opacity
c9e3428e-c3e9-41a2-86c4-f7f489c7d40c,0,Normal
97dc7f09-658a-41aa-a627-9e1881ec978b,0,No Lung Opacity / Not Normal
971befc9-5a0d-4bda-acb5-2cebeaa8163e,1,Lung Opacity
5cf12272-d4ee-4ac7-a6dc-278500dfd009,1,Lung Opacity
78f8a9db-8ada-4330-8a6c-dd7756f3223f,0,No Lung Opacity / Not Normal
8736a34d-c090-422e-bc99-6281271d6554,1,Lung Opacity
e8f7bcdb-6a0c-4431-b637-dc71c32050b3,0,No Lung Opacity / Not Normal
8e87d067-7d6a-43d4-85bf-e10743338aa3,0,No Lung Opacity / Not Normal
51fbcba7-7bdb-49de-818c-066ec4ff155f,1,Lung Opacity
fc8f23cb-b428-4f6f-b521-4211067f2901,0,No Lung Opacity / Not Normal
9f888f62-3d5b-49c5-aee2-e301c2f9604d,0,No Lung Opacity / Not Normal
fd08f9c5-1101-4353-bfc0-12d06be82d0c,0,No Lung Opacity / Not Normal
42900731-1044-4fca-9641-96c7dd02625c,1,Lung Opacity
081a1f56-6c47-4b80-988a-3d357c977d65,1,Lung Opacity
a53df4cc-6693-42a7-af15-fdbe00adcaa2,0,No Lung Opacity / Not Normal
e2afc0f1-dd1f-4de6-8e82-8cb89e1d7463,1,Lung Opacity
dd28e18a-42fb-4bfd-a6c3-d1b146817ecf,1,Lung Opacity
a4a72b9a-b647-4395-85f6-db7e44f23a0d,0,No Lung Opacity / Not Normal
a3a2056f-fca5-46bb-bfc2-bfc7d381169a,1,Lung Opacity
025d196b-cfa4-44a5-9e31-0f73dc3b318f,1,Lung Opacity
da6b1618-64b8-41ff-acde-f3058bf7536e,0,No Lung Opacity / Not Normal
bd164f7a-a3a5-40d0-933c-0d623be3ad94,1,Lung Opacity
7a905cf7-0676-43d6-a515-174068cb7991,0,Normal
05231d4d-f492-495f-9ab2-9a847a5483dc,0,No Lung Opacity / Not Normal
6c499ba1-df4c-4b47-b81e-34ded09a9dc4,1,Lung Opacity
558d0342-8e36-4957-82bf-90cf4e73c065,0,No Lung Opacity / Not Normal
408c1583-d078-45f4-9369-2fbaf03be8a8,1,Lung Opacity
a653c489-c9e9-41ef-80ce-6a38f443ef01,1,Lung Opacity
e55993b4-873f-461b-ae1f-6d6c682a3328,0,No Lung Opacity / Not Normal
fbea2dbf-3828-4b0b-a8cf-e1a1e513851b,1,Lung Opacity
aa51d582-6cf7-4d59-896e-751bfd683a2d,0,Normal
b15b5ce7-ad31-4506-baac-e6316aaf6cf6,1,Lung Opacity
17dc4e24-2228-4cdb-8052-9259a907f9c2,1,Lung Opacity
09137a8c-017a-4bc3-8195-1d152b992cd0,1,Lung Opacity
488e293a-15e2-461f-836c-74f1169f9918,0,No Lung Opacity / Not Normal
56b6f280-7857-4623-8f9d-4f0c69dc71a6,1,Lung Opacity
ace3688f-2479-4468-9759-1e9a1fe02d6f,1,Lung Opacity
c04f9256-7358-42ef-b843-19dbf64ef287,1,Lung Opacity
b8a633b3-b2fa-4e17-be54-faf0aba4c903,1,Lung Opacity
ae50eb15-92f5-4a90-912c-20a8cc745be0,1,Lung Opacity
8788cea6-effd-4a43-9004-19a7cb1207f4,0,Normal
50cbc243-6654-4b10-b063-95b939f9eeca,1,Lung Opacity
a2ec10cb-1516-4a3c-8b78-d7a355de1837,0,Normal
a51d124e-ab14-47e9-90ed-afda7bfafbc3,0,No Lung Opacity / Not Normal
ac69e22d-1383-4d35-841b-c2da8b402469,1,Lung Opacity
3cf312c7-2d29-463b-bcc2-2a7e074d1d06,0,Normal
40e09e66-bed3-4fd7-9c73-683784dcf71c,1,Lung Opacity
e380d5fb-dc74-41c9-adad-05b7b88b9137,1,Lung Opacity
3173b82f-569b-43e6-aecc-b4fb6a14466f,1,Lung Opacity
d25214c9-1ecd-4c1c-8b0f-6e87a0057f20,0,No Lung Opacity / Not Normal
86f084ef-539c-404b-9a91-c9a5d5ab3771,1,Lung Opacity
013c7df0-d66d-4cb1-b3bc-a70085160311,1,Lung Opacity
f4172404-7b38-4faa-b69d-8d96b7acfb38,0,Normal
ff1184dd-a8d8-44b5-bc78-eb3d38adc03f,0,Normal
82a601b0-46af-4173-b2c7-12bc2a744df8,0,No Lung Opacity / Not Normal
c800d83c-f3e8-4f01-aba7-04d0ac6add0e,0,No Lung Opacity / Not Normal
6d662191-3763-416d-a8c4-f4e5c910199a,0,Normal
89924e7e-1365-4da5-b2cf-2696c3c8efff,0,No Lung Opacity / Not Normal
bbcadd23-1ce5-487d-80c5-f9a687630951,0,No Lung Opacity / Not Normal
d17c8ec3-cff1-4976-b83f-ba808e6a1428,1,Lung Opacity
75e94dfc-7a8b-4c92-b719-8037440fbeab,1,Lung Opacity
15427579-e055-4f31-a2ac-f92da3855bcb,1,Lung Opacity
b41dfb17-3773-485b-8da6-c29a2bbfbe3a,1,Lung Opacity
9a1f8fe3-174a-4c13-9885-75e52c0153b2,1,Lung Opacity
b526da79-78c9-476e-8f3f-821a57c900ab,0,No Lung Opacity / Not Normal
0b68b596-41bd-425f-a9f6-43b84071b567,0,Normal
b3dd5571-cf7a-4538-bb22-12ab1d62cc90,1,Lung Opacity
b22a1ca8-6580-4618-99ae-fb2ecca1df83,1,Lung Opacity
bb1017d9-2ae2-4eab-b696-09ad0e109bb6,0,Normal
65f038e8-a727-472c-bb76-7a71cd4397f2,1,Lung Opacity
741500a4-d128-4b85-852b-428779f5c5ec,1,Lung Opacity
1ee29f7c-f059-47b3-8d59-6edd3ede27d0,1,Lung Opacity
d3a565b6-929e-4db1-8cc2-2b59e64860b5,1,Lung Opacity
482560b1-f73c-402d-97b5-7cc146682bf3,0,No Lung Opacity / Not Normal
65b5430c-faff-4993-a138-f2cb1fb2ad06,1,Lung Opacity
aec1daa4-1910-4270-8de2-9abe6f3b1bf0,1,Lung Opacity
a85953be-7d0b-4bbc-920a-44a79e8a90e6,0,Normal
bc054c4c-280f-4e1d-9b93-9563cd368aae,1,Lung Opacity
5a9947e6-bd14-440b-ba5a-09d52b1b4c68,0,No Lung Opacity / Not Normal
ca3d47d8-af70-4742-b53c-2cb77aaf63b7,1,Lung Opacity
aa85ecc1-f7ae-4a76-ad20-aa660f99c186,1,Lung Opacity
03ae75b6-45a7-4a68-9871-f07b82b17bf6,1,Lung Opacity
7d80378b-b46b-4dbc-a8b5-70982536ea06,1,Lung Opacity
c70d9bf5-764d-4e5c-b8bb-cbad489d3f2c,0,No Lung Opacity / Not Normal
369b5945-e573-4e49-99e8-dc608604be51,1,Lung Opacity
eef6b62e-1b3f-4729-9555-9b86a49f7053,0,No Lung Opacity / Not Normal
6635be9a-ebe6-4c2c-953d-2ef1f8d65df1,0,Normal
dff6e362-b26f-4af8-8798-eb0609a137b5,0,Normal
efa863b3-24a7-4688-9015-e656c933d04c,1,Lung Opacity
0b323a31-28e6-45b2-a07c-cc9b60571053,1,Lung Opacity
ad410976-c87b-444f-abd7-36b1292d680b,1,Lung Opacity
bf6071e6-0a92-4896-83bf-f0f24cd1b4d6,1,Lung Opacity
931aab93-3ca3-4648-a275-0d9cce255d1c,0,Normal
c2e4d89e-1580-473c-9ec5-cd7ba29de6ca,0,Normal
ea244742-f337-4820-a873-707e0f2a9195,0,No Lung Opacity / Not Normal
19134807-be51-4b28-818c-17951de93615,0,No Lung Opacity / Not Normal
1fd8e4db-3283-44a1-a591-6e3e49f248ab,1,Lung Opacity
bb50ac9d-6cb2-417f-b468-3c1eec9a2f69,0,No Lung Opacity / Not Normal
6a250116-64e3-4f3a-8432-850e06a33c9d,0,Normal
fe7a6470-894d-465f-ab6b-205d7f91d9ab,0,Normal
b617818a-6a54-4dbd-997f-26723bb46634,1,Lung Opacity
ad9154ad-edca-4920-a49a-45c043eaf4ee,0,No Lung Opacity / Not Normal
2e137828-88e6-4a95-98b2-20471c749937,0,No Lung Opacity / Not Normal
c89e8310-dc56-4606-ba30-126e1f5f13f5,1,Lung Opacity
8fab5ace-cecc-4f99-9586-ac7329a571a3,0,Normal
d00de1f7-b96a-4d00-8e22-bc0a6ac67d44,1,Lung Opacity
892ad6c7-8a62-43c6-bc29-8f8dd910f68e,1,Lung Opacity
19377a2b-4f78-42f5-bbde-27c797d84cfb,1,Lung Opacity
c5da93bd-dbe2-41aa-8f3a-6c9b3740202e,0,Normal
1b0b50d0-c31e-4713-b252-292423149457,0,No Lung Opacity / Not Normal
3abb7176-035d-46cc-844e-820870e8154b,1,Lung Opacity
b58fa5f2-5bc2-4ce9-ab9b-cb9c80199fc7,1,Lung Opacity
fcd159f4-21d3-4169-a94b-95a2b5ccddcb,1,Lung Opacity
b53bf210-ecc9-4f18-a42f-dfcb87fe1c24,1,Lung Opacity
371634ac-fc6c-42d3-9860-e284539921d2,0,Normal
b481fe48-80c2-4a74-9c1a-ad907dd1f7b6,1,Lung Opacity
a5e3391e-16f3-4e51-9b31-0300c18fbee4,0,No Lung Opacity / Not Normal
ade6a8d3-7d45-4e17-9784-5a04e6f16b76,1,Lung Opacity
75dbc949-4634-4f9c-b3bb-a8c03747e9e1,1,Lung Opacity
b8043f6e-400d-4bf3-8f4b-4a708c41ffba,0,Normal
dfd1de2b-4439-46cf-8fc4-5ab0a6a7cb76,0,No Lung Opacity / Not Normal
aed5aa2a-184b-4630-9b23-e640bb021e3d,0,Normal
de9d40a1-45ac-4ec0-a9ad-7c3da394fbfb,1,Lung Opacity
931118ec-bf38-46a6-b74b-4431ebc5ee56,0,No Lung Opacity / Not Normal
0a5a6574-d94d-441f-afe4-115ba66b322e,0,No Lung Opacity / Not Normal
8522f781-3c10-41c5-860b-dcdfb6746bbd,1,Lung Opacity
47335c95-e088-4cd8-9dee-60216fd8e185,0,Normal
d0ef248f-6358-45d2-9264-79533aa50593,1,Lung Opacity
7a5cdc7a-bcde-42bb-b2d9-02b9b0c740c7,0,Normal
fd060e38-c89d-4bef-b9aa-427a97a1cf9a,0,Normal
b0b3639e-7625-4bd2-b9a6-0bb87918987a,1,Lung Opacity
4c9843b4-6800-4a3a-982b-9d9266d55928,0,No Lung Opacity / Not Normal
b94ef581-b098-4fa2-909f-96f22d6fd446,0,Normal
7d523d9f-6560-48e1-b3a6-f191ce083753,0,No Lung Opacity / Not Normal
d654c576-805b-449b-94c2-8aa4cd115ea4,1,Lung Opacity
dbc1e726-39b3-4df1-988e-ed7119a4eaa0,1,Lung Opacity
072e7048-52f1-4b2b-be08-42e0ca1ba1ee,1,Lung Opacity
65cc7b42-4bac-41b7-ac07-cc35319cc2e5,0,No Lung Opacity / Not Normal
f560fc1c-ec3a-409c-a035-344bff1bbc06,1,Lung Opacity
52bdfe92-63e3-4485-8e96-1d976e31cbe1,0,Normal
f3d51616-15d7-419c-acae-90413b7fdcae,1,Lung Opacity
afe941f1-3eb0-4251-8f55-6e6b24ee72e0,0,No Lung Opacity / Not Normal
e38ab400-f316-4091-8316-ddaf0b75f4dc,1,Lung Opacity
aec8c4ac-c66d-4523-a3df-278d0b7bead7,0,Normal
8917b2df-a22a-4da0-935c-397926ad5a1a,1,Lung Opacity
9d3fa3ed-6671-4a9a-8312-f0f44adeff30,0,Normal
91d66175-55d7-4a72-ac9f-e07604dde06a,0,Normal
0f0bc2f0-761b-4d4e-a0ae-a6f5a628ab1c,1,Lung Opacity
b15381ff-aa71-4e77-9292-ea70c1b3233e,0,Normal
65dd91d1-846f-4e1f-a563-b34e13c0ca5b,0,No Lung Opacity / Not Normal
46b722a7-d085-4618-8cec-a6b56ebb0520,0,Normal
9dc1e167-1784-45cd-9fad-9bd7c8c7d904,1,Lung Opacity
219334b4-6696-4b41-90bd-0c56878ccbe6,1,Lung Opacity
7e4e7293-a984-462e-8d9f-c7a30863dae2,1,Lung Opacity
ad4d16e5-a851-4327-b9fe-5977da445669,1,Lung Opacity
52c173d2-14e2-4b91-9770-e2f7900399de,0,Normal
cf8aa442-74cf-4610-8b1d-980d662bdcc4,1,Lung Opacity
195033e1-ab56-4857-8b68-ef116fa576aa,1,Lung Opacity
5a4e67d2-ce41-426c-a695-b98fb6e0a276,1,Lung Opacity
8dee40b1-4d3a-4d8b-853d-5651925b0ffa,1,Lung Opacity
32827da4-939c-46de-85db-a2d75cb0dfad,1,Lung Opacity
3374e3a8-2156-4553-b434-805405e67264,1,Lung Opacity
9e6bd994-d868-4805-8511-08ddcbe33c14,1,Lung Opacity
3f151141-a3bb-47aa-a213-4a90e8c55502,1,Lung Opacity
ed07972f-77bf-495f-8325-19c8ac9749ab,0,No Lung Opacity / Not Normal
a70544fd-cd5f-4650-9008-224672ccd7b6,1,Lung Opacity
1a9af28f-f757-4d16-92dc-469f2da9fef7,0,Normal
175c8be2-76a4-469b-9595-ed33ecedb3cb,1,Lung Opacity
71a4ce50-744f-49f2-8e17-6f39946b44f5,0,Normal
7ac64e7f-f379-4eb3-a0d5-89b59db846f4,0,Normal
09db0213-0ad3-4062-bc7b-9a82e5a74097,1,Lung Opacity
d3ae9ddf-9d5b-4fec-a36e-26c73acfec41,0,No Lung Opacity / Not Normal
d50b31c0-05b1-404d-a03f-330d2b13a1b5,1,Lung Opacity
1153fe0a-8d2d-4900-8cfd-af90d1e0bdfe,1,Lung Opacity
368d0726-3481-4f66-81a2-f89bb7294ca1,1,Lung Opacity
b359c695-5814-4c1e-a7c0-200509182a4f,1,Lung Opacity
182f6df4-daf7-43d5-86c3-9bb53846dafd,1,Lung Opacity
45cfd6b0-6dda-4193-8035-1cfc7826dcc7,0,No Lung Opacity / Not Normal
a6a420f8-b676-49e1-9273-fd1b9f9fdfc9,1,Lung Opacity
f77b0afe-0085-4ee0-afad-a1e9fda8fe65,1,Lung Opacity
9ae738d8-a676-4b9e-ac31-01df6d385d35,0,No Lung Opacity / Not Normal
96252c3b-c8fd-4389-934e-298b01166931,0,Normal
a0ca289b-6e0b-433d-a45b-8f86044e1ae1,1,Lung Opacity
040a0743-f663-4746-8224-f0e3bacc7ba5,1,Lung Opacity
71f7c138-25f7-4d7b-b2ca-47c48a9b0380,0,No Lung Opacity / Not Normal
8ce28cb3-1184-4792-b774-229fa7dd633e,1,Lung Opacity
6a35c51e-1d5b-4a08-b863-071916d08d79,0,Normal
c66dab9f-24b4-40e9-a7b7-6acf1db635f5,0,No Lung Opacity / Not Normal
17d4c5c2-d44a-47db-98b9-771b5589bb24,0,No Lung Opacity / Not Normal
ba6ce5ed-7b5d-4104-9050-967df0dbd928,1,Lung Opacity
c613fded-d877-4066-a137-73de9c78180b,0,No Lung Opacity / Not Normal
f1d4a238-6cfc-4875-843a-3b5044c7cdf7,1,Lung Opacity
a4b9d2b4-bfde-460b-b300-1fa2c1607b50,0,Normal
ec2ed240-e3bc-4b15-8479-2bc9668c3200,0,No Lung Opacity / Not Normal
79dedd38-4d3e-4787-9afa-708797b1592d,0,Normal
c8f8c1af-28f3-420d-85d6-9501a8002097,1,Lung Opacity
ec93d206-ec61-4e16-afc4-898f754916fa,1,Lung Opacity
6ac3ca72-632b-47e6-9cf9-de7e0468e859,0,No Lung Opacity / Not Normal
9b90c3f5-5126-4ef4-b109-244c88676697,1,Lung Opacity
59c08f60-4819-4cfa-b4ec-91256bebc57e,0,No Lung Opacity / Not Normal
2055d3d1-e0d1-49a3-a416-2609e5c649bc,0,No Lung Opacity / Not Normal
9406092a-9d4f-4143-be9e-452da62457b5,1,Lung Opacity
dde097c7-02c2-47e0-b154-6d300adc1f7b,0,Normal
4648165d-da7c-4cd6-ba52-92bf16119777,0,Normal
26c15b0a-9865-414d-94b2-5349e8903f88,1,Lung Opacity
db41f495-510e-4d53-9440-b593e8394ff5,1,Lung Opacity
44875737-1f1d-4856-8832-54d442080439,0,No Lung Opacity / Not Normal
eeadce35-d9c1-417b-aeee-6c4151c08b18,0,Normal
e811705a-0486-406a-aa0b-3c5ea99e2b1b,0,Normal
84909dca-4b86-43dd-8bba-d8fc06a85e15,1,Lung Opacity
d903621a-9a92-470b-bc66-e0287c6490ad,0,No Lung Opacity / Not Normal
7f3ca2d9-b76d-4e0f-b535-f40e2d8a2e05,0,No Lung Opacity / Not Normal
c310c4ea-4a38-4d9a-bfd2-bcf0c6a30436,1,Lung Opacity
a72b9712-26dd-493b-a945-fc0e49d7845a,0,Normal
39c1395d-f5d7-4ce2-9154-04bd38bc8729,1,Lung Opacity
a36e4035-44c1-46f6-9ec3-4152df152050,1,Lung Opacity
e45f2d7f-93d3-4fd7-8bae-bd662a510470,0,Normal
5a650a62-b6ef-4600-839b-5affbc7522fb,1,Lung Opacity
9dbd05f8-87b8-4902-8e3c-86da0690fd63,1,Lung Opacity
ba781712-ff85-428c-a7ab-ccca2cdfe13a,0,No Lung Opacity / Not Normal
98706528-8194-4469-a1b6-5b3f16fff27f,0,No Lung Opacity / Not Normal
cd7fbcf4-ab90-4e19-967f-4ac8cbfdcad1,0,No Lung Opacity / Not Normal
38c884d4-086b-4489-b6f5-689e379a2a9c,0,Normal
b0fc321d-54ae-4ab7-9207-03c7fddb3a15,1,Lung Opacity
8bd6bfaa-af66-435f-95c3-99c9f5e7074b,1,Lung Opacity
68eede7b-2f55-4d00-8158-a0801fa7193b,1,Lung Opacity
8c051e14-777c-4f54-a2b7-d71645cae564,0,Normal
bd4dffe6-898d-4d23-b5a1-8efd7d2d5a19,0,Normal
833a38fd-dab6-4dd9-ba53-0f536b86555b,1,Lung Opacity
7ecdcd80-bcaf-494b-8da5-5a9ae5540483,0,No Lung Opacity / Not Normal
91b2ce38-efaf-4476-b77c-4f363d340f11,1,Lung Opacity
62b8400b-e127-4874-984f-e34e08152af0,1,Lung Opacity
caa5f43e-2050-41a6-b0d5-2775d1fa6cb2,1,Lung Opacity
f6889509-932d-48fd-849a-c2bc6dd32b0a,0,No Lung Opacity / Not Normal
a6ae23ce-3522-41b1-afc5-903dfbf5cb87,0,No Lung Opacity / Not Normal
8edda7d0-cb5d-4218-a8df-a0583d10174c,0,Normal
829c0125-36d6-4bce-ae3a-6e1aef128f51,1,Lung Opacity
6966f0a9-201d-4ec6-a077-fe9d77c199eb,1,Lung Opacity
6dc8b0d2-34f9-4570-a0c3-bb9b4715498a,1,Lung Opacity
f34899e1-3927-4191-b50c-bec95808139c,1,Lung Opacity
5aace4c5-7153-4add-a1ab-b67f3fbaa199,0,Normal
7f3c2906-55ce-467c-bf83-5829b83c57cc,0,No Lung Opacity / Not Normal
4e08a9b6-0670-4944-ad61-8c824920b6e7,1,Lung Opacity
80ef86fd-e36a-4c00-b25a-1101e5d9b2de,1,Lung Opacity
64c7582c-6088-439d-be4a-67a6da16d787,0,No Lung Opacity / Not Normal
4c75f230-f5c5-4ea6-9431-6b592d665aaf,0,No Lung Opacity / Not Normal
9b5ca700-e7f9-4c72-ae12-c1ff11d6b0b3,0,No Lung Opacity / Not Normal
682bd80b-cd68-4e23-be69-e50c1e5a2617,0,No Lung Opacity / Not Normal
eb1db759-d998-400d-90c8-26dd96c310e0,1,Lung Opacity
60adf502-565f-48b6-bf71-2aac865992e6,0,No Lung Opacity / Not Normal
568fdf74-7b00-4755-9185-6e89b197170f,0,No Lung Opacity / Not Normal
0f15c248-4f8c-4d9e-b39b-6e7d59b973c5,1,Lung Opacity
86a492f8-353f-4a6a-8d8c-53bd3333c595,0,Normal
6105f7e7-ba2c-4d45-866c-374dcc752523,0,Normal
4edf6d79-0dc8-4b45-b40f-2bdd0665e115,1,Lung Opacity
b7f74683-4c0a-4123-9aad-9eb79374d1f2,1,Lung Opacity
366c5768-5fba-4ba1-8532-082d3ba3c9bf,1,Lung Opacity
7bcf5948-3880-49a5-96de-85094891945c,0,No Lung Opacity / Not Normal
90fe691c-122b-468f-a633-282e18eb94e2,0,Normal
b98ba929-fada-4ec9-bd10-1c0be267ee4d,1,Lung Opacity
3c3edd61-17dd-4ec2-b434-d5bbe0bbb13f,1,Lung Opacity
7bfc500f-2f54-42ab-ae52-50be710e1c08,1,Lung Opacity
5e5069e4-1f37-4fef-93d1-9b0162183277,0,No Lung Opacity / Not Normal
162b17de-b15d-4122-9352-ec3445f61f35,1,Lung Opacity
4637f5df-19c7-406d-829a-aafa747821ec,1,Lung Opacity
8bd092f3-8098-4b44-b0e5-72f8449df38b,1,Lung Opacity
961e072e-bdaf-4241-9763-fbbc2dc2ca24,0,Normal
55396e70-ab8b-4a10-9f24-a2cda06cb2fe,0,Normal
7981fc95-1551-4867-8681-2f2d8afc07d8,0,Normal
0fb699c2-9ebc-4f77-a531-703a1232c1a5,0,Normal
5bf4f366-c68b-45bb-9a7e-1d1a20b3b581,0,Normal
d47c42e8-7806-4fe3-b422-457773e352f1,0,No Lung Opacity / Not Normal
08d88a60-146c-49a7-9450-45293024cf46,0,No Lung Opacity / Not Normal
c729f1ce-c2b2-4215-a6f0-70fae251fcb9,1,Lung Opacity
32e2cb16-4f2c-4ed4-8de3-0e6db806cf41,0,No Lung Opacity / Not Normal
fc164842-b109-4f1f-9f60-e8f2358ddf00,0,Normal
3258ba2b-f4fe-45f2-ac47-5d6d1fa5819c,1,Lung Opacity
6e5ce21b-5506-4248-a729-22be4545874e,0,No Lung Opacity / Not Normal
f9c4f02b-52b5-4f36-96d7-b706d678d9b9,1,Lung Opacity
c02e993c-7642-4d8a-aace-988c416ec09a,1,Lung Opacity
1505f53a-4da5-416e-a279-66849672051c,1,Lung Opacity
d5e3ba36-df8d-4813-95c3-9c889209c6e3,0,Normal
df4ce5ba-76d3-49c0-95f4-4a9206e77432,0,No Lung Opacity / Not Normal
cbb74e7f-194b-412d-a527-117ddc2ff022,0,Normal
7cf7f5f9-ee16-49a1-86ea-ec7c7e2b9956,0,Normal
e107c973-27c9-43a7-9527-2af8b89267ca,0,No Lung Opacity / Not Normal
7ab298fd-548d-493d-8032-103f13d0da8f,0,No Lung Opacity / Not Normal
0b652c84-50b1-4fa9-8704-94d90827c879,0,Normal
fc30c08f-0b13-44bb-a8dd-7517e38fcb8b,0,Normal
47761814-5258-4ba7-879c-a60bb9f68029,1,Lung Opacity
5a884330-8bda-4ec7-a502-677150e3d5f7,1,Lung Opacity
b064ca05-1cc1-463f-b43a-09b3582fa0d4,0,Normal
584b8c84-e2e5-4a88-b650-d97308671fdd,1,Lung Opacity
5953c6c6-f4bc-488b-ac18-c7fdef06f32c,0,No Lung Opacity / Not Normal
db9d9677-d418-4ffb-8198-43e36c50c7a2,0,Normal
4de82994-1662-4fd2-ae76-e70667dab381,1,Lung Opacity
883ba5e3-307a-46ee-9bb4-674c33c0f182,1,Lung Opacity
5a8149a1-2cb3-4d75-9047-0246ee812212,0,Normal
4c645f41-0960-4544-9ec5-706d70db8c54,1,Lung Opacity
c1ec14ff-f6d7-4b38-b0cb-fe07041cbdc8,1,Lung Opacity
0d2bc8b2-2340-4deb-b29c-ae4da8fa5764,1,Lung Opacity
6e41d590-a6ce-4769-ba8f-2beb6bda198e,0,No Lung Opacity / Not Normal
bca8b087-edfe-4f63-aeea-992b5b9bc851,0,No Lung Opacity / Not Normal
45dd0d26-0740-4c32-bd01-34246a41f3e3,0,Normal
c4f725aa-6f37-45ef-8e0f-f32882fad4b3,0,No Lung Opacity / Not Normal
5eaecd80-a0c5-4b3d-afda-9ca41e81976e,0,Normal
f69af194-65fb-412b-8004-9b6a643b1c39,0,Normal
8f202a05-d9d3-43c2-aa4b-0ab8939f0607,1,Lung Opacity
8242a3be-6f16-42ab-aed7-ee61b3ebedd3,0,Normal
d7daa7db-879a-49ff-b996-942880192c25,0,No Lung Opacity / Not Normal
51bccfa7-c788-4b2e-b5e6-17db32b1009e,1,Lung Opacity
f5216d65-31e4-4acc-bc14-a49f92ce4793,0,Normal
2b55eeed-3408-46fd-9e18-d7c5295a92b2,1,Lung Opacity
dd48c4c9-2b4b-4439-b09b-0d10e39a39c0,0,No Lung Opacity / Not Normal
7ea025b8-66e9-4318-8860-001464f6df89,0,No Lung Opacity / Not Normal
76b180ab-242f-45d3-bce1-68df00c5ef45,0,Normal
4fdb5a1b-7bb8-4133-aa82-2c051b94bc2e,1,Lung Opacity
e8659775-8a7f-40c1-a3a9-abdc85ba4fd4,1,Lung Opacity
9576ab4a-a9c9-4bf4-91e0-7961f8bf9f0f,0,No Lung Opacity / Not Normal
d58c4bab-ae58-4c65-81e3-0c80bcef34c6,0,Normal
8efbb238-7adc-45d7-84a8-e59fd89f89c0,0,No Lung Opacity / Not Normal
084d42b9-0a43-490d-9a8d-e4d7545c44f5,1,Lung Opacity
7ef47be2-106c-41d5-aa52-7c14a0fb82a1,1,Lung Opacity
ea63c764-861c-4424-b708-2b238849ddf9,0,No Lung Opacity / Not Normal
8ccda516-932d-4f8a-9765-6135776494fb,0,Normal
8c1f8de9-95a8-47d1-be3d-d8ea33bdeef9,0,No Lung Opacity / Not Normal
b01c0d6b-11ad-463d-85bc-f4e4f1dfbc8a,1,Lung Opacity
e6049f73-167c-4a7c-b193-c8574a3097e8,0,Normal
cf829a9a-898b-4b84-ab0f-f2b24196d738,0,No Lung Opacity / Not Normal
bc13ca24-abf3-465c-bcb8-b403906cbe1a,0,No Lung Opacity / Not Normal
31b840b4-9cc0-4ec2-a817-1f109b4e46fb,1,Lung Opacity
b0e2b584-8e6f-4849-88ad-778a07abc055,1,Lung Opacity
002cb550-2e31-42f1-a29d-fbc279977e71,1,Lung Opacity
91088f01-2556-41de-ad37-fb287b9e793e,1,Lung Opacity
8a3e4f2a-2287-4b17-94b1-f91592e0d2fe,0,No Lung Opacity / Not Normal
479740fb-dbcb-4cfd-9923-d913607dbbdf,0,No Lung Opacity / Not Normal
d9b0e251-54f4-4fb5-a999-4e0f3de29be4,0,No Lung Opacity / Not Normal
06634f15-9c78-47a1-97eb-f10f4c210765,1,Lung Opacity
ff61c3e8-c3a2-4b06-9974-9adf7953088a,0,No Lung Opacity / Not Normal
613c77d2-a131-4460-a1c2-0e7f3c2c948a,0,Normal
ba18ab80-91fc-4c9b-9ec9-e59c0229f49b,1,Lung Opacity
14a42065-b678-4720-805e-7540d232df8c,1,Lung Opacity
f25fbd2a-7adc-4701-95c4-549983ce8aa7,0,Normal
b957974c-211b-4f52-86d3-25d18825dfa3,1,Lung Opacity
d094558c-2614-4d0b-b142-a9de0864f572,1,Lung Opacity
deaae7be-2b07-466b-a820-c59f4c9dec03,0,No Lung Opacity / Not Normal
52e7bb63-d553-49cb-a27c-ea967b2daa52,0,No Lung Opacity / Not Normal
8a035cce-8090-4ded-a2d2-a2bbacd88cae,1,Lung Opacity
3b977435-19c7-4f6f-bb33-d19e184c602c,0,No Lung Opacity / Not Normal
63efbaf9-13bb-498d-80e1-fed27bb7506e,0,Normal
5f1fbd07-b129-44a8-829b-32fcd98fab1a,0,Normal
dbcd58e2-92f6-49f1-b37c-5c7c058c0f4e,0,Normal
1d9ec3ad-0120-428b-9778-3805f9348092,1,Lung Opacity
d2246688-c368-4fef-829a-628eae9dfcd1,0,No Lung Opacity / Not Normal
bb6697ee-46a6-47ee-8ed5-5ba295327702,1,Lung Opacity
590def43-a762-460d-a25c-24f1d49859e7,0,No Lung Opacity / Not Normal
3f9d98ed-1a89-436c-a528-8d34b10a8530,1,Lung Opacity
3892a267-e293-471a-b15f-ba5d2e453f64,1,Lung Opacity
e6295ee0-bb33-49e3-9376-8b78f5a3fc52,1,Lung Opacity
d4304d61-7dec-4de2-83fa-7f6c9a09c5d4,1,Lung Opacity
c422054e-4ce3-46ff-a45c-1a6c243236c7,1,Lung Opacity
327af298-ff3a-44b9-b5bf-93ab3a5abb04,1,Lung Opacity
0c552b6a-8b71-42d2-b3e1-645297a288ba,0,No Lung Opacity / Not Normal
663c34ed-9fa8-436b-8c35-88302307fa5e,0,Normal
8c2aa2bb-ac88-4f14-a322-72d7e23749e8,1,Lung Opacity
7bb62dfa-58ca-4389-8ef7-8c3790e4fb0f,0,Normal
3bef43bd-4bbb-49b1-924d-0a2be443d37f,0,No Lung Opacity / Not Normal
dd3b5e52-b682-4b16-b7ba-bfcc66dc5992,1,Lung Opacity
a6b8e55c-5e2a-4ee3-8731-479985e068f0,1,Lung Opacity
5860110f-acc0-4361-9c51-7da5f5c102ce,1,Lung Opacity
1a563761-ea16-4583-8231-6c122963c6d3,0,Normal
42ee524b-33f2-4f01-bbc0-5d0b1fe77ef4,0,Normal
ac648f87-a79f-4ce0-9439-23a8dd886b71,1,Lung Opacity
3cd1e997-7951-48ad-bd81-3fb055c252f9,0,No Lung Opacity / Not Normal
b8dd7d32-b177-4d1e-982f-6f0a743828fa,0,Normal
f709fca4-e872-4251-aa84-e1941fde8f58,0,No Lung Opacity / Not Normal
338907f5-8c8c-47e7-a57d-6c9eb5b4529b,1,Lung Opacity
aaacdecb-a59f-41d9-ba6f-7e02185c2326,1,Lung Opacity
a99561a5-2c12-48cd-be57-ce6b6cf58da1,1,Lung Opacity
b9e89b84-5cb2-4005-b654-a3e13c544923,1,Lung Opacity
71b09f7a-7ef5-4723-841f-eef8725e7688,0,Normal
c387f123-e29a-46aa-86d1-94338bb8f885,0,Normal
39d6260d-397c-46cc-bdac-c8e908a91f6e,1,Lung Opacity
6c553656-185d-4de7-9e21-9fb6c00e1621,0,No Lung Opacity / Not Normal
8c0954a8-e3ea-43d5-bca6-8c487dcc28cf,0,No Lung Opacity / Not Normal
4139d848-af6d-4264-84ee-599cece63d48,0,Normal
fe5f1cb5-2742-482c-8197-bb7cf0b2952e,0,Normal
844ac956-e1e2-4f27-b58c-390d6405c3a0,1,Lung Opacity
bda78d8f-77ca-4806-a095-e0df852f821f,1,Lung Opacity
668e680e-64ea-4730-ab78-9d2aa81de2e0,0,No Lung Opacity / Not Normal
730b6928-fd01-4955-b4be-bca1e1e9306f,1,Lung Opacity
d00ba7b7-0f47-4b7f-9803-d9835da7e4be,0,No Lung Opacity / Not Normal
bbbf604e-8e1a-4d96-ae15-f8c51ed31854,0,No Lung Opacity / Not Normal
55bf30ae-819a-4d20-816c-d45615df0688,1,Lung Opacity
6821b958-8b00-40f0-8ec2-8912d21acfaa,1,Lung Opacity
4da6faee-c4af-4ea4-84a3-7c5733bfd249,0,Normal
7a03df77-0a9d-4254-9bec-0d0e9df5f791,0,No Lung Opacity / Not Normal
20f39b8e-be82-4f24-8791-651533a73184,1,Lung Opacity
6ec7e05c-1bbe-40ae-8d65-ec917da68f16,1,Lung Opacity
fc6599d7-fa85-4361-b26e-e51f2375ecf2,0,Normal
b2c2c9ad-7966-4c68-bb66-6dc9f9c19fda,1,Lung Opacity
4e7c822d-0df2-4d75-a3a4-d15962d90a18,0,Normal
cb1bd775-619d-43f1-9049-39125551e69d,0,No Lung Opacity / Not Normal
52fee036-272a-455a-9714-b6ff73e28403,0,Normal
8a1364b8-b042-424c-9ae9-e32deb94d203,0,No Lung Opacity / Not Normal
32e6fd38-0e31-450c-93ec-f29ea5a6ad2c,1,Lung Opacity
c78c8c4a-27ce-4a32-b866-ae029f2b05f8,0,Normal
5c2964dd-2928-492b-865e-412e33fda7a8,0,No Lung Opacity / Not Normal
bed364d9-7bad-4de8-b618-9de875b73d67,1,Lung Opacity
a0f0454e-ad0f-41a6-bd13-56d74e7dcc63,0,No Lung Opacity / Not Normal
e46fbb7e-3213-4f76-b5b8-90eaa7dfc947,0,No Lung Opacity / Not Normal
9693f4cd-6af5-4736-ab7a-7a186c13a046,0,Normal
362c13d9-0606-4ce4-8c29-01c7fbb846cf,1,Lung Opacity
b4bc431b-d3f5-488a-9eab-3347264e2141,1,Lung Opacity
dc620da7-7387-4839-9222-21f708f63bb2,1,Lung Opacity
af773610-ef65-46f7-b538-56403393129d,0,Normal
40ad92c2-901d-4f65-a6f2-b9d7452b5047,0,No Lung Opacity / Not Normal
79deaced-e8d3-4db6-998c-f05798818416,0,No Lung Opacity / Not Normal
336622cd-55bc-4404-beb1-8c75de224d0a,1,Lung Opacity
e66d78ea-1cf7-4c71-bcd9-446a069e3735,0,No Lung Opacity / Not Normal
a5ecf3c8-4d5b-4cba-9390-2e708ad3a772,0,Normal
ebbfe938-9d62-4c77-93b2-1184c22572a7,0,No Lung Opacity / Not Normal
36ab4430-59ea-442a-9968-9329b3c93954,1,Lung Opacity
d97a37b0-1987-43f8-8fab-359c7ded9358,0,No Lung Opacity / Not Normal
c4beaa39-4902-43c5-a7e0-179e6e8bbe28,1,Lung Opacity
98447918-1170-4213-abaf-437efe240700,1,Lung Opacity
8524a404-ca8a-4169-abc1-ed3be897e93a,0,No Lung Opacity / Not Normal
b47a751f-a3d5-4c63-a738-ca2b7761c58a,1,Lung Opacity
51c42643-1a55-4d9f-b9cb-1fd6846b22d3,1,Lung Opacity
b13437e4-5082-4e35-b3c4-310da5b6e407,0,Normal
e72249f8-330b-4852-a7d2-bea2f75666c7,0,Normal
4657c28d-54c0-480f-83dc-c4562cef7d88,0,No Lung Opacity / Not Normal
b0c0a6a2-cbd3-4aae-b488-e871db0b78b7,1,Lung Opacity
690f819a-b75d-40d6-bc85-e79f6b550e00,0,No Lung Opacity / Not Normal
8ba576dd-bba7-43dc-8ab1-2e14ba3cc455,0,No Lung Opacity / Not Normal
07b7b9b0-718a-4750-b1f4-5af45c5607f2,1,Lung Opacity
d69499a0-85e2-4dd6-814a-80ae86d3dddc,0,Normal
b6024434-3ed2-43c5-b186-79a2c0120bbd,1,Lung Opacity
f8f85fb2-ebab-465b-87f2-41ab2f27c666,0,No Lung Opacity / Not Normal
9d38e64f-32ae-4fa2-a485-64869aa57b37,0,Normal
4f909216-d127-4bc2-9fb5-cc8b69d4defa,0,No Lung Opacity / Not Normal
c236f38d-10dd-4f33-bbe9-c849c297806f,1,Lung Opacity
f530bed2-b5bf-4240-892d-ced0140d1a8e,1,Lung Opacity
82508a0a-482c-4bd7-924d-1f33103b5490,0,Normal
3b3d0da3-cfb5-42c8-a195-6ac03626a11f,1,Lung Opacity
40a41f0b-a687-43c8-bed0-1dc5a83eec71,0,No Lung Opacity / Not Normal
5039abb8-29f6-4e8a-92e6-fbcb74804a7e,1,Lung Opacity
50845a20-98db-47d2-8254-5e3e07acb6a0,0,No Lung Opacity / Not Normal
9e20e76e-22e1-4965-b0b3-d2562348ad21,0,No Lung Opacity / Not Normal
e5fbeafc-202a-4719-a4a2-e19dc5a81d9f,0,Normal
b41d3296-4a37-4756-8a90-acb2e47d12b9,0,Normal
b76086b3-9550-44f9-a2a8-394c7793bac8,1,Lung Opacity
4d74f086-d45b-42d0-86e1-fca7b04664df,0,No Lung Opacity / Not Normal
c399ab28-b477-433b-924e-6d6046ff23ff,1,Lung Opacity
3576b088-b3b9-40f2-bd44-de169e3e82f7,1,Lung Opacity
077780cb-eb05-478f-a7d7-f0576e4c34df,1,Lung Opacity
b3ff1c40-552b-44f9-9cc9-4362905f5eef,1,Lung Opacity
8cdacf7d-d81c-40af-8bea-d107073d0412,1,Lung Opacity
7628b348-fdb4-43f6-a7bf-7eb0e20d0ae8,1,Lung Opacity
8ab8dfdb-1afe-4e18-8a75-e6ac7ebc3fae,0,No Lung Opacity / Not Normal
3ed75b04-2a32-44a8-9297-0e58441f0e8c,1,Lung Opacity
56dff625-b5b6-4d61-a007-3fe790027f01,0,No Lung Opacity / Not Normal
bcab0525-079e-492e-8e20-c51c779884aa,1,Lung Opacity
9f9b51c5-dd69-4bf8-bb3f-49def4d4b85f,1,Lung Opacity
b5c3e1a0-d4ba-413f-b571-809ee8aedf19,1,Lung Opacity
59a41481-07af-4816-8e5f-472ad42febef,1,Lung Opacity
2a52de75-f306-4615-ba64-61585c8e016b,0,No Lung Opacity / Not Normal
c6975c70-af26-41ef-8a43-2f287176b566,0,Normal
5611941b-09f2-4f1a-a383-9053bd749e27,0,No Lung Opacity / Not Normal
bf3ef845-34ab-4b80-81e7-ac7a3b23485a,1,Lung Opacity
7257e3de-ff3d-4b37-9450-937abfae06dd,0,Normal
88d25c7b-029a-484e-b860-284e164422cf,1,Lung Opacity
31970b0a-818f-4e1e-8c75-19dec06abfa5,0,No Lung Opacity / Not Normal
4d23b791-1166-45f1-bf30-8188c75ad5b7,0,Normal
4999ef1e-b2b5-4ac1-85ad-c082281c0cbe,0,No Lung Opacity / Not Normal
ba0e4666-cf09-4ba1-a758-f4960ef162c9,1,Lung Opacity
36c7d37b-05fa-4d92-813c-a437dcb0e661,0,No Lung Opacity / Not Normal
d4665627-1e31-49c2-a447-ad8182197654,0,Normal
b178a56d-0194-4475-af25-4caa97eedd38,0,Normal
56cf72bd-877d-4efc-9464-c2991b225820,0,No Lung Opacity / Not Normal
1598368e-ec99-4878-9998-1806e52273dc,0,No Lung Opacity / Not Normal
cd8c2fb8-1560-4e2d-bcfa-933088a9d33b,0,Normal
5d0e05a6-389f-4be7-b91c-8fbebfc79ec6,0,Normal
55e8ab4e-b6c3-4424-bae7-3b17849a1141,0,No Lung Opacity / Not Normal
d955b013-2d49-4afd-8218-40f5e3af8312,0,Normal
f630809e-2498-44af-beaa-dda23a36cf20,1,Lung Opacity
a87fca97-b625-46c0-a9af-9456c03aaaaf,1,Lung Opacity
ac88c984-77c4-4407-ac9b-157861501eec,1,Lung Opacity
8aaeb451-26b5-4192-9a82-1d7eded2e363,1,Lung Opacity
b992d796-9416-4270-af33-f251ab52e07b,1,Lung Opacity
c5ba46fb-eddc-4824-b779-0620b0cd855c,1,Lung Opacity
83fa70a8-a58d-47d3-a95a-633f035d14b3,0,Normal
aaf35f7b-67a4-472b-85f1-fd87bdf13080,1,Lung Opacity
05333c60-bee9-4c69-adc6-fc9de52e8cdb,1,Lung Opacity
482bd118-d57c-4bc5-8b66-0e600564231b,0,No Lung Opacity / Not Normal
91ea2a5e-e293-4589-81f0-7d6124d20eae,0,Normal
1cdba4ee-0bb8-421d-9a24-7febeb399729,0,Normal
b95d289f-8019-4491-8f90-39a55d321c37,1,Lung Opacity
7741e816-0b90-46c1-b529-f3c009302a19,0,No Lung Opacity / Not Normal
4a23a81a-3f1f-4089-9640-445949be88e2,0,No Lung Opacity / Not Normal
f557ce1e-c538-4c36-91b3-63e01a78b10c,0,No Lung Opacity / Not Normal
f0163438-7fad-4c43-b49d-ae23beea475c,1,Lung Opacity
a843c552-0de4-4e8f-acdc-b2bcec0084f1,0,No Lung Opacity / Not Normal
dfc1a68e-3314-4059-8a76-4e4e0981a948,1,Lung Opacity
b415c445-79c8-485e-9612-cc12b2772bfc,1,Lung Opacity
6129213e-1ab7-465d-a84d-e871246fa712,1,Lung Opacity
1839045f-af6a-430b-8771-c984f87799b0,1,Lung Opacity
5bcc2f5b-46d9-4e87-bfc5-b4808ec4f13a,1,Lung Opacity
79e61065-3922-4c61-a56b-eaa574f406f2,0,Normal
a0252e5b-4ff0-4147-904b-4f81496ceb99,0,No Lung Opacity / Not Normal
56f44a88-2d8e-4910-9c41-46684fd1fdd4,1,Lung Opacity
0297e501-88b5-4ec0-a2fd-50a7c70b42eb,0,Normal
e4033a4f-d346-4820-9905-1f9dc55998db,0,Normal
238e2a87-d6ef-48ec-961a-54ab1e947878,1,Lung Opacity
67fb12d4-cdf4-4952-91a9-fc0b1cfe064f,0,No Lung Opacity / Not Normal
e5f10650-f97d-4671-9954-7a579b593ea9,0,Normal
197c3079-d2b8-4227-8513-743e0e3d6431,1,Lung Opacity
57006321-67ba-47a7-81b5-714bd8c3392e,1,Lung Opacity
7d8bf313-e312-43c1-bf6c-249b316dedf3,0,No Lung Opacity / Not Normal
26aa5215-a443-459f-9aeb-976e65c11261,1,Lung Opacity
58c76b9b-8d86-49b2-8fb1-101e7c6af075,1,Lung Opacity
bb24d7e7-19dd-456a-aea8-fd04208db4be,1,Lung Opacity
de31731a-a0ad-42fd-ad28-679d712fe6c0,0,Normal
820a493d-b8cb-4724-9609-4db39b42f368,1,Lung Opacity
ef5313d3-1034-4536-afec-ca0372da1c5c,0,No Lung Opacity / Not Normal
983ff8e9-7b9a-40a3-910a-e43325b1ed5d,0,No Lung Opacity / Not Normal
9a9cec58-b096-4661-8a89-f536aa33adcd,1,Lung Opacity
cfbe870f-3ed6-429b-a0f3-c65118aacd3e,0,No Lung Opacity / Not Normal
c109061a-d815-4cae-8343-9230d8024adf,1,Lung Opacity
0898494b-fa6c-442c-b049-eb974ccee7b3,0,Normal
d718cb8e-2aff-49f6-a1e8-3fbfd92998b2,0,No Lung Opacity / Not Normal
71041150-5565-445f-9211-d1e42bc8dde5,0,No Lung Opacity / Not Normal
ec57c4db-979b-4c76-9ac1-ba07c5a5d781,0,Normal
967f0c4d-8ce5-4c1a-b1c3-5c8603b63c4f,1,Lung Opacity
a2562312-047a-40d4-96e0-d0758abdd926,0,No Lung Opacity / Not Normal
5337cc53-2e5d-4583-8173-c130cbe8fc74,1,Lung Opacity
994a6742-5b49-4207-b73b-eccec8f6601d,0,Normal
aa62706c-0083-4418-ad03-72beaf1b2446,1,Lung Opacity
fab7b94e-97fe-4e9d-b383-f9c2bb586c08,0,Normal
bdef94bc-4e2e-4df3-b06e-126aed15846a,1,Lung Opacity
9ee69a0c-e362-40ae-affe-2552e145721d,0,No Lung Opacity / Not Normal
705c3feb-6faa-442a-a321-f8b14d1d2a2a,1,Lung Opacity
1ae12f84-02bb-426f-84b1-81a6c552ce4e,1,Lung Opacity
15e8d510-5e1a-43f9-9d1a-16a1bd6728ab,0,Normal
331a89cf-4344-43ba-bb0b-77bdddae25af,0,No Lung Opacity / Not Normal
84321b1c-3284-4ce4-89a7-fa42d6d9f997,1,Lung Opacity
93550df9-7f67-404f-a974-516acecd5c48,1,Lung Opacity
a1d1d277-41a0-43ec-bee0-6d4bde45cca1,0,Normal
3c4945ed-5abe-46b4-ad72-8377685fa14e,1,Lung Opacity
b4c72207-a7d3-4b02-8ede-1ea64080591c,0,No Lung Opacity / Not Normal
c2974ad2-07ba-4353-9172-1375acd88d9a,1,Lung Opacity
4f39658c-3628-488f-bf5b-e72cd13c6ed3,0,Normal
ec525238-c296-4a6d-a351-ce760c7111d9,1,Lung Opacity
9379cd1d-a032-4fcc-8ffe-b06e221dec96,1,Lung Opacity
5871bd61-108b-4c53-bc24-c20522d56061,1,Lung Opacity
9bd311f2-9303-411a-bdc6-09fdad3f1be2,0,No Lung Opacity / Not Normal
7a881e37-b18a-43ce-b98f-29c479dbfcc9,1,Lung Opacity
cbbd6761-0ba7-4d3d-81f7-f335cea85dd2,0,Normal
bc03198b-57f4-47b5-8808-114fd5cb9808,1,Lung Opacity
7092a623-6d2d-4ecb-abed-be46296c4d7e,1,Lung Opacity
f174948c-014a-422a-886e-139506a6f697,0,No Lung Opacity / Not Normal
b91c5ce3-ca11-4e93-9e0f-bf1becf36b74,1,Lung Opacity
ff273673-5610-47a1-8991-6f896eeefc2d,1,Lung Opacity
5ba8be0b-f11b-47c6-a91c-fe62c0ef516c,1,Lung Opacity
e1c8acba-f4e0-43d6-8f13-8d8e626fadac,0,Normal
061d0ff4-a611-42ce-b780-1d1eb55e50ab,1,Lung Opacity
922fa0c4-f867-4102-9741-5952a84c3fee,0,Normal
e8a7fd94-3616-448a-a57d-f4507987f185,1,Lung Opacity
7e267157-f731-4d7c-9bb8-dd0649562edf,0,Normal
576a7e67-815c-47fd-a603-fcdab510ac78,1,Lung Opacity
be653a8a-5978-48b3-9101-91e35a15e6d2,1,Lung Opacity
31764d54-ea3b-434f-bae2-8c579ed13799,1,Lung Opacity
b54c5581-bb40-4c19-9d5a-3be944ef8132,1,Lung Opacity
32ceee8d-3208-4abc-b329-55f7d2264398,1,Lung Opacity
6ee38a04-2de3-4237-b323-3a8d990742b4,0,No Lung Opacity / Not Normal
fa493720-2b2a-456e-a8a8-6ba60e90fb8b,1,Lung Opacity
6a2ce02b-03d6-4326-a29e-17690ac03fb9,0,Normal
a569ba29-63e9-4a28-a0f5-7fff04b72484,0,No Lung Opacity / Not Normal
9c48a4fc-de51-4ec0-a6e8-24995708ce92,1,Lung Opacity
334c4445-63ce-401a-a1a2-1a467901a1ae,1,Lung Opacity
3e9ff8ec-edfa-4435-a3ef-898b09b234bc,1,Lung Opacity
c8fd8ff0-2c24-45b8-aada-6784d3327582,0,No Lung Opacity / Not Normal
fcf2398a-3fa9-4837-9128-2c60462b9acd,0,Normal
9d95c825-67d0-4d8d-bd02-555f10e1001f,0,No Lung Opacity / Not Normal
a8d21d6b-c91f-4ed1-97cc-9f5b9f138146,1,Lung Opacity
fdfc11cc-75d9-4ab7-a40c-e3576cec8883,1,Lung Opacity
5f42ff6e-0239-432d-abb8-82d26c019cc9,0,No Lung Opacity / Not Normal
e1f97b99-23fc-4fb8-a960-b9e26f2920a7,1,Lung Opacity
c8745bb9-68f0-4576-b46d-74d90f42dff1,0,No Lung Opacity / Not Normal
f2c99cd5-cbd9-484a-82c2-538696fa186f,0,No Lung Opacity / Not Normal
0c122fd9-6dc8-4224-baae-812ed5c4bd12,1,Lung Opacity
d845f759-bc82-40b4-b5b2-594550b728bd,0,No Lung Opacity / Not Normal
6a0c1538-4b7c-4149-9a4a-60b79d8e1284,0,Normal
f9a0d038-76b5-4252-aeb3-b0a82aeeddba,0,No Lung Opacity / Not Normal
4b0f3bf3-fa7c-4e6d-9ef9-2d65f485021c,0,No Lung Opacity / Not Normal
eadd2c1c-2e56-4392-85dc-2c4fe8a9d420,1,Lung Opacity
18996e90-1465-414c-b623-de6da68336dc,0,Normal
06bdaf90-df6a-46ae-ac6d-a4afb7937c8d,0,Normal
d258b81b-f7b4-47f7-b850-3eca636d3a8c,0,No Lung Opacity / Not Normal
8615dbf0-431a-4b5a-abd7-6811fb272ef6,1,Lung Opacity
09b2d54e-3a85-4efd-8204-ea73bc70c405,1,Lung Opacity
67c85c48-cceb-406e-900d-a76083578981,0,No Lung Opacity / Not Normal
8c9f3f8a-e276-4afc-8005-e770a332c3e7,0,Normal
3a510377-9cb0-4fa2-97fd-3c663e64ec9f,1,Lung Opacity
d7290a05-7b8c-4896-98b2-86952826ccd9,0,Normal
a76abd97-9655-46cb-ae77-271ba3da2466,0,Normal
74e774b3-ca7c-47c7-b580-393f6a432206,1,Lung Opacity
f0378ec7-17bb-401f-9c5b-851df929fe3a,0,No Lung Opacity / Not Normal
371ef146-4a13-4b5f-9d48-7889a12d8ebf,1,Lung Opacity
56ca026c-e477-4c5d-ae8c-bef46ad383fb,0,No Lung Opacity / Not Normal
07464097-0781-4632-90ee-39b0e53cd72c,1,Lung Opacity
aff6b77a-a1ee-485a-a758-377dbc08f868,0,Normal
b5c901dc-9e41-4ffd-b880-412e0f9b8ef9,0,Normal
46342bb0-4583-455a-9c7a-01107024f542,0,Normal
a0c56709-1dfa-4001-9bfe-00abd5fa3060,0,Normal
b4198862-dc25-4cff-acd5-b0b954bd3a03,1,Lung Opacity
8ae7e559-d1cf-4b54-a6bf-a653565540c3,0,No Lung Opacity / Not Normal
e3dfbde2-6e68-4e08-b73f-787a137ff4dd,0,Normal
c40cf781-a0f7-4305-9dc5-7ece00f38f8e,0,No Lung Opacity / Not Normal
b01c73b4-b417-4f83-8996-6448caa89c0e,1,Lung Opacity
88655da0-c331-4400-aedc-de357b57b35b,1,Lung Opacity
c47f5339-b7f8-4297-b9e0-03d2f6ada72c,0,No Lung Opacity / Not Normal
b43d3798-2986-4c08-a566-d5e370724e47,0,No Lung Opacity / Not Normal
f195ff66-1c75-466f-a4af-1fcdd2c8a748,0,No Lung Opacity / Not Normal
a129ce0b-cd13-4625-b58c-5b5c5bf909f5,1,Lung Opacity
9aab4895-0ece-4494-90e8-a077df4276e6,0,Normal
b3a62977-0a9a-4624-b6c2-22c582ffdcd1,0,Normal
e93ef558-f463-4979-879a-c108f0b0a408,0,No Lung Opacity / Not Normal
721c7144-49a9-4cfa-8a47-8a1227063093,0,No Lung Opacity / Not Normal
4807dd0f-87ed-4621-bfb4-50aed4b77e71,0,Normal
648d7073-547d-4ce2-b91d-87436e5e7abf,1,Lung Opacity
cdf983af-3943-471a-a111-661ffdde8691,0,Normal
467124b4-e638-4642-9ef7-8427859ecb62,0,Normal
01f3abc2-33c7-4ea2-a599-dc49b76fcfae,1,Lung Opacity
06951c33-b247-4daf-a087-cc082f83238b,0,No Lung Opacity / Not Normal
9e743877-0a64-443e-a305-3771a2e7ee89,0,Normal
cf25c116-1399-450f-8fce-988e65ca2b74,0,No Lung Opacity / Not Normal
f1c09395-da36-4feb-9884-b9121e115e75,0,Normal
0618a5bc-196d-4afc-9ac4-d0aa940c6e03,1,Lung Opacity
b7667cf1-104d-4413-93bc-49b1e9613e4b,1,Lung Opacity
76cf9b95-b598-4788-9a10-77061046ef98,1,Lung Opacity
84a2adb0-52b6-4a64-908d-538356e67d6d,0,No Lung Opacity / Not Normal
beaac9d6-d4b5-474f-9e32-06655242e973,0,No Lung Opacity / Not Normal
f42223b1-1a5b-45c2-a1d2-25c6df776484,1,Lung Opacity
ae066c81-2464-44cf-990a-d5e2f9a0eaf8,0,Normal
4b8c3f3e-19ba-4883-866f-bdc033d40d87,1,Lung Opacity
48d31260-a62e-4b8a-9d3c-cdc6da1a962f,1,Lung Opacity
52116588-449a-47a6-85fb-3672c149d7f0,1,Lung Opacity
1cee8f22-8603-49a8-a69c-ea807158db1b,1,Lung Opacity
2456fcb4-82bd-4fa9-8ef2-8e1250c3ff50,1,Lung Opacity
80f4ae7c-9523-46ec-93ac-592415eb4748,0,Normal
d81627e3-685c-402f-890b-0a0308d11f50,0,No Lung Opacity / Not Normal
ba2a7072-eae8-4e2b-9afe-71e94b09e13d,0,No Lung Opacity / Not Normal
38cc15d4-75a7-43b2-8c0a-78f31c035860,0,No Lung Opacity / Not Normal
3e8b04ac-40e4-499b-8677-8c0cf1c43c05,0,Normal
80bca6c8-5cdf-4528-85d6-aa6f3336664b,1,Lung Opacity
a25056f9-2c4e-42f3-a035-26552647dcd4,1,Lung Opacity
9cbf0728-d245-4782-8aca-c25c5e8e158f,1,Lung Opacity
e116c5ed-910a-4013-a3ec-1144fcaae8e7,0,Normal
184f1560-cb67-4361-88e5-17a3d8744b2d,0,Normal
45e92e87-9e8e-4783-ba97-c032c17864da,1,Lung Opacity
756afc30-3d86-4a9b-886c-ddf0fb440fde,0,No Lung Opacity / Not Normal
090f2c9a-8d1c-4583-98e5-b965a0105c70,0,No Lung Opacity / Not Normal
e078fb2c-acf6-43bf-8cd0-540bbb460947,1,Lung Opacity
6aa70d06-467f-41da-a0af-c17a05c5909c,0,No Lung Opacity / Not Normal
6ac9716b-2538-4351-b465-7a64d3211518,0,Normal
01cfa23b-cc98-43af-a61b-56915f90b7ef,0,No Lung Opacity / Not Normal
9c83ee45-8c37-4540-8072-f3a9dbeeafbc,0,Normal
be8ac7bd-1d5f-491c-86c8-e7cd2386c9e2,0,Normal
5623a68b-8f2d-4295-bf4e-2f3a471cb84b,1,Lung Opacity
2a640896-7f55-4136-95ed-1b8a9e208005,1,Lung Opacity
7dae5837-707b-47c8-9b91-823f68680867,0,Normal
965e93d0-93f6-4a71-9abf-847027df3196,1,Lung Opacity
9eb988cd-aecc-4335-ad09-b580be434377,1,Lung Opacity
3218b157-1f46-4da3-863f-9b97ae22308f,1,Lung Opacity
f33e64a8-868a-4dbf-a88e-105db80d5550,0,Normal
ac0fa091-cdb3-4e17-a8bd-58545c3e0106,1,Lung Opacity
557cdf5f-f162-4900-b7fd-a9428d9c1da4,0,Normal
6d462751-b97f-48a1-b09c-192c5e114825,1,Lung Opacity
a5193f5a-e9f4-4e32-a520-5b06d13f1d2a,1,Lung Opacity
66d6805f-88d7-4f0c-b7c5-7a702c3bd70b,1,Lung Opacity
bea7dfb0-2138-4434-977f-1ee4a6428941,1,Lung Opacity
11fcbe52-87f7-4074-85ac-153d5f255e35,1,Lung Opacity
3a9cc5df-5d6a-4401-bd8e-8cd1f0b27285,1,Lung Opacity
93eb36cf-5356-4be3-b740-1c4d7a842741,1,Lung Opacity
bbc47396-83d9-44d3-a748-00dd5bde92bb,0,Normal
c05d778f-0ba9-4825-94f4-27fdab33a4e6,0,Normal
1c44e0a4-4612-438f-9a83-8d5bf919cb67,1,Lung Opacity
445492cc-077f-4d79-9804-60d8e990f28d,0,No Lung Opacity / Not Normal
fd8770d4-c595-4cfe-965b-9e51bf004dbd,0,Normal
c3a6ca22-c09b-4be0-a59d-e52718fbb645,1,Lung Opacity
6f5f67f7-0ad5-41f7-9e53-0db96f09e48d,0,No Lung Opacity / Not Normal
76f00430-861f-4370-9e06-dd5b9692b669,1,Lung Opacity
4013c4b4-5cd7-41bd-bed5-59c003251ea7,0,Normal
71cccdf2-83b9-4d30-b7e6-3ed61f63a0fa,0,No Lung Opacity / Not Normal
b435cc3a-cc81-4361-ac91-235b4150265e,1,Lung Opacity
a5ba75bd-c961-4096-b9fd-6253788cfffd,1,Lung Opacity
5131f7cf-7fed-4e08-a38d-b6a610f9b311,0,Normal
bda266ca-cecd-4d88-a308-0c8a05dd8315,1,Lung Opacity
b64e0ee1-82db-47fa-a91a-f1e187f84696,1,Lung Opacity
be342863-9ecf-4861-9502-80b6f0380e94,0,Normal
1ad1ecd2-6d21-4f48-bf8d-7a4e6df8c395,0,Normal
5777035e-6415-45c0-a12c-b85f01256574,1,Lung Opacity
2d370cb1-791e-407e-9408-9156664de6b6,1,Lung Opacity
b0b71bfa-9d78-4325-87e9-7b5f03d6cc99,1,Lung Opacity
15b66169-1cbc-40a5-bbd6-3acbad9f6445,1,Lung Opacity
1b3bc37d-dfa7-4dee-a7dc-18008b346586,1,Lung Opacity
cb3816db-93c9-4d0a-a163-eb40363c45fe,1,Lung Opacity
159b6cd1-8a7f-419a-a299-db96e99d8ab4,0,Normal
2ce0ef42-0fda-43a3-a224-d0c8c43d7ddd,0,Normal
8e64e543-299b-45b5-abfb-deee03fe9736,1,Lung Opacity
b7c9c4bd-98b0-407a-95d5-663fd127860a,0,Normal
e7aa8c67-b801-447d-b24e-18b77746b4e1,1,Lung Opacity
068c876a-d9ee-4a1e-810a-63c8195b27bd,0,No Lung Opacity / Not Normal
eb9ee346-11b0-4ae1-8b69-99d54acdaeaf,1,Lung Opacity
e5043877-4132-4c74-bd8a-32cdb73a005d,0,Normal
a3ee0b04-42c7-415e-a258-f1642818e5b7,0,Normal
bf728b6f-7253-4872-bb67-2113b423652e,0,Normal
f669b477-d922-45cd-9e15-2e560c8a065e,0,Normal
6147fe4f-2ab4-43b5-bd9f-32fbe736fd4e,0,No Lung Opacity / Not Normal
695b6d1e-f8d7-426a-8abe-aba77943ab71,0,No Lung Opacity / Not Normal
d75b355b-5d62-4d34-96d9-0b012727f703,0,No Lung Opacity / Not Normal
5dd3e492-247b-49cf-92de-217695dbcf9a,0,No Lung Opacity / Not Normal
b4686a9f-c3a6-4cba-9400-b35ba566b74e,1,Lung Opacity
36af11b1-75ca-473d-b29c-4bfa1802a81e,1,Lung Opacity
f85835b4-bf19-4055-b3ad-82edd40cb96c,0,No Lung Opacity / Not Normal
aeb99fe0-d9f2-4122-8abf-e7f933f71f80,0,Normal
9dfd5208-de5a-4876-a065-868b2f8157f9,0,No Lung Opacity / Not Normal
395cb95f-700c-4a77-89f1-dcbddf957552,1,Lung Opacity
e16fae2e-675c-42e0-becb-27770deacfcf,1,Lung Opacity
bb41d628-5873-469a-9850-574fca494f29,0,Normal
4d0aea20-5154-47c6-b948-99c1f47220cf,0,No Lung Opacity / Not Normal
68ecf260-c3f6-4e06-903f-8bb202e6256a,0,No Lung Opacity / Not Normal
71d25920-4060-4a31-b7aa-cfbf4721a5c5,0,Normal
1677d8e0-7c1c-4052-923b-4fc0061c2ebd,1,Lung Opacity
5c1a66f5-4feb-4d9f-b550-6d77ab0c8719,0,No Lung Opacity / Not Normal
82635130-37c3-429e-804f-c2c01f5f6020,0,Normal
3fa13d7f-8b18-443d-8dfe-2b098bfec24a,1,Lung Opacity
b165b941-4ec6-4f1b-9f03-2e908de24266,1,Lung Opacity
a77b32f6-1999-4cc6-8a0d-1ef7e53850f0,1,Lung Opacity
351fe1bb-2966-43a1-9837-fc9664c05266,1,Lung Opacity
78cff8f0-fcc1-4375-842d-d5700bd401e5,0,No Lung Opacity / Not Normal
55d5fe58-1dd5-454e-8628-92ef7f2993dc,1,Lung Opacity
89821e35-22be-4f81-9aca-15a5192a5c6d,1,Lung Opacity
9a75986a-bb57-4f82-b9cc-af6a5a9ea8c6,1,Lung Opacity
9bb53dc0-28ed-47ed-bff3-9e6cc3c03d62,1,Lung Opacity
9ac31fbf-6ca0-45e5-9d04-fd032c0d6c67,0,No Lung Opacity / Not Normal
a662a526-362a-4c97-9407-3ac207c5ba81,1,Lung Opacity
ac1426c4-11ff-485c-a0bb-790bd57d0527,1,Lung Opacity
ae29aee0-ee78-4cb5-a5c9-4b43913543cd,0,Normal
52ba9595-c55a-43d5-88f2-6ae572263e49,1,Lung Opacity
b2541f48-1acf-4f33-b604-8665fc1517c8,1,Lung Opacity
be658bed-445c-4b31-a581-88ba0a008f4d,1,Lung Opacity
9b838133-a269-416a-a0b5-9dc3ea7d585e,1,Lung Opacity
aaab7a82-b63a-46eb-9d03-b9fba96ca983,0,Normal
324d0f66-9315-4312-8d1d-963cbc131bb5,0,No Lung Opacity / Not Normal
0fda72a2-f383-4f69-af8e-e16a0fbac621,1,Lung Opacity
02b7b018-0fed-44c2-a9c2-93b2b3952efc,1,Lung Opacity
81972ecd-eba5-4267-b11e-88245d3f1176,0,No Lung Opacity / Not Normal
ef8a9a4c-4a0f-4e4e-aaa1-4c3f260bd72c,1,Lung Opacity
dc12b302-3b84-449d-9c00-3d00ee2231a0,0,No Lung Opacity / Not Normal
dcbc1eb6-52a1-41ab-862c-547f94f0ee05,1,Lung Opacity
eb0461f9-6255-4af8-9d71-0707e043e384,0,Normal
7bbc888f-2a6a-4f8a-8aa0-a42b1a4861d9,0,No Lung Opacity / Not Normal
a3f77eaf-8e19-4ad8-84b2-9549f3dcbef8,1,Lung Opacity
0e0cfa1a-c097-47bb-bf4b-6b9362940705,1,Lung Opacity
7ed87a3f-31d6-4a1e-82d9-01bdb6de0c49,1,Lung Opacity
397fe03a-f56e-4903-8132-8494d0e9f82c,0,Normal
949ccbce-b365-46ab-ac0e-c6b633c10e04,1,Lung Opacity
f9948c5e-f97b-45a2-a5f5-236cf83fdc13,1,Lung Opacity
b18f7658-00da-4668-bfe8-9a3d2b2d2c33,1,Lung Opacity
3fed70c7-62b7-415b-8d16-696b59b0e4ec,0,Normal
1b26e086-834d-49ec-b0fc-d2fafccb4aa6,1,Lung Opacity
7be94ac4-d568-453b-87eb-9826b226c4b1,0,No Lung Opacity / Not Normal
a6cbb3dd-75ab-4671-a6b0-9a51c04a81ec,1,Lung Opacity
b020af54-1c80-4f36-829e-a5c9515802fd,1,Lung Opacity
bd2707a9-fae2-4e17-a14f-d1363d064920,0,No Lung Opacity / Not Normal
960131aa-4ce4-4b26-aa12-5f73d8d81453,0,Normal
ac68e9cc-42b3-489a-8ee8-fbb28188c73d,1,Lung Opacity
b064fcb9-571e-49f5-beac-5f036d5c9b51,0,Normal
2b7d7f99-ab62-4335-978e-8b8523db2fd5,0,Normal
c994f775-15f2-41d1-bfd4-ec7728daf9c1,0,Normal
b2bf46fd-5c27-40ef-9f97-a56b9012d31b,1,Lung Opacity
182dfedc-976f-4464-9023-d787392b7ee1,0,No Lung Opacity / Not Normal
a2b6217a-2c7b-4cc3-b313-ec48bf272a2f,1,Lung Opacity
f7aaf2ce-cceb-49f8-b62d-fe2a31665718,0,Normal
eeb75f03-f0d7-4adf-9854-77ea08a42a03,0,No Lung Opacity / Not Normal
9a5ebaf8-f562-456f-a1fa-e485ee712790,1,Lung Opacity
ff172cdc-bcfe-4fed-904b-6e573b1bc74c,0,Normal
7d88aae7-e8a9-4f56-985a-72f238754764,0,Normal
ec7d75e8-64b9-4d83-9e16-b763811f40e6,0,No Lung Opacity / Not Normal
3b266180-6af2-4859-9576-17fd9ab9fff1,1,Lung Opacity
85c3ed41-f0d8-40e1-b439-0607ff697619,1,Lung Opacity
cb4de6ed-efda-429e-941e-650cf9f6e33d,0,No Lung Opacity / Not Normal
6db32359-5e81-4f10-b509-5c55e1f27654,1,Lung Opacity
887be5e0-0e44-453b-a76b-88d06df5e3a0,0,No Lung Opacity / Not Normal
d86b32d1-d76b-4ae9-8b14-17e3d3e1cd7d,0,No Lung Opacity / Not Normal
07c379f0-8ceb-4ba9-84be-cfbb29de8ba5,1,Lung Opacity
d8081452-c999-4428-8aac-9f5fad28ed81,0,Normal
60930f08-9007-42ae-8c36-68442442c6b0,1,Lung Opacity
34bfa8e6-be0f-4ee9-80f4-abb70fbf0ff7,0,Normal
0a9fd225-a33a-47de-849e-156933b21296,1,Lung Opacity
5c516953-ec2d-4859-9334-3e6ed90d4ba6,1,Lung Opacity
4c6c4d5f-f0f7-4531-b9b0-d52d7d59f3ed,0,No Lung Opacity / Not Normal
0697baae-e475-4fa3-ad82-51b319a026cc,1,Lung Opacity
859ec41e-8eb9-4aca-a0bf-c17a0984b894,1,Lung Opacity
164a9325-6bb3-4af3-9217-e7ca73cbbb1f,1,Lung Opacity
e1fe0053-bfeb-430f-9408-a0363c8b7d76,0,No Lung Opacity / Not Normal
6956f62c-9557-4de4-bc3a-218c2ba2cd1c,0,Normal
de021bc5-eacc-4c73-a8c2-7f98d5467c52,1,Lung Opacity
aef66833-841d-40c8-84f8-acfc81c2f9b8,1,Lung Opacity
ac2257b8-e600-42bd-ab9c-951fa49b3ec6,1,Lung Opacity
ed275c64-75cb-4e84-b167-a1a6cbf485f9,0,No Lung Opacity / Not Normal
548ee990-ae0c-4307-87f3-f92912c7951c,0,No Lung Opacity / Not Normal
c0654897-6bfe-4b7c-abd3-dda76d0fcac2,1,Lung Opacity
9c3ef41b-2831-4cf7-9e3a-f7a5d976b34a,0,No Lung Opacity / Not Normal
57b7c911-a726-457c-b588-0a1ffdf0ad5f,0,Normal
a681b516-2502-4518-830c-67db38985979,0,No Lung Opacity / Not Normal
4dfbc390-2a78-4a8a-a56c-d93838ce2c51,0,No Lung Opacity / Not Normal
95492b5e-5aad-44a5-8d73-3f805fb765d9,0,No Lung Opacity / Not Normal
99f7ad08-2189-452c-afab-6d7b1c62c049,1,Lung Opacity
3632aa2e-04b5-499d-8a27-1af18699e5fa,1,Lung Opacity
b2651591-53ae-450f-ae37-2220cf6108e7,1,Lung Opacity
0c066cf2-d552-4843-b613-38a8bddddcd2,0,No Lung Opacity / Not Normal
b6cb8151-4575-461c-a342-335d9c413359,1,Lung Opacity
025b6ef8-0fd0-4900-8519-52dc9181f3f1,0,Normal
40ef3f33-d990-4a08-b652-ed4e02e84159,1,Lung Opacity
87a3d945-d417-45a8-9f57-08cdb83e4e8b,1,Lung Opacity
e9390be0-f3e1-4cd9-a3b9-72a80884caf1,1,Lung Opacity
17f68ac3-2385-4b13-b8c0-66ba8b343205,1,Lung Opacity
c5c85b48-70cd-48f7-bceb-ca244d5007f4,0,Normal
b43dbfe0-cea8-4ce6-b608-e8ab671f09a4,1,Lung Opacity
1a9c2e64-7cbd-480c-9598-9de93b69d6b2,1,Lung Opacity
e43ae173-2a08-44bb-a304-4a35bac2cd28,0,No Lung Opacity / Not Normal
75327d2c-054e-4cdf-ba41-043a9fc78d60,0,No Lung Opacity / Not Normal
e9b2cd1b-ae25-4bb3-90a1-a3a7208d1817,0,No Lung Opacity / Not Normal
c5fcfb08-e3b2-428d-a32e-bc4a72cfb763,0,No Lung Opacity / Not Normal
7834a7b0-6064-4f9c-bf5c-a526393af472,1,Lung Opacity
d4e0b27e-79ad-4af1-bd49-6c7feaf3f84c,1,Lung Opacity
d5835755-52dd-4a9d-a70e-6a49fcbbe1c8,1,Lung Opacity
8a283d3e-888f-4b6a-ae13-200b21f9e69a,1,Lung Opacity
98692be3-a420-4f98-bffb-4f98187059a8,1,Lung Opacity
f0d89c6a-e677-42d9-8a56-ef6227a771bf,0,No Lung Opacity / Not Normal
f8ae7a9c-9168-4a6f-8309-cd004da478b0,0,No Lung Opacity / Not Normal
db9618f5-8c95-4c76-b29f-652899c5a50b,1,Lung Opacity
d9528d5b-b058-467c-accb-618c100f3696,1,Lung Opacity
d095587b-5d20-421f-9acb-318d6abae1b0,0,No Lung Opacity / Not Normal
8a0cf3ae-7c71-4ab7-8479-1dd9b3cd9748,0,No Lung Opacity / Not Normal
a4dbfeca-474b-4641-ab2f-7b376dea9fd8,0,Normal
0bf44996-58da-4a12-8be1-da5c9b009975,1,Lung Opacity
a754f888-8407-4228-be35-17a0140ef6cf,1,Lung Opacity
3b33c07b-2698-4366-90c4-94256f5f34a2,0,Normal
394e0236-0dbc-47a4-8da7-0e4e5311f690,1,Lung Opacity
c830b55a-ff12-40c7-9c3e-185b88982624,0,Normal
a6b9565f-bc91-4841-8969-ff94c3b687b3,1,Lung Opacity
2a35b204-8931-4a6b-a8bb-7e621ee848b8,0,Normal
8baa988a-3db3-4abb-8824-5532a4a020da,1,Lung Opacity
889672e3-66b7-4879-9b02-0bc41d3f66d2,1,Lung Opacity
d1363e3c-144f-455c-8b72-1e9b3b52bacc,0,No Lung Opacity / Not Normal
8c68ceb7-2d5c-450e-bfda-052b862de063,1,Lung Opacity
e2e625a5-12a8-415e-a696-8d2b5d77e4f1,0,No Lung Opacity / Not Normal
89167da1-8247-4305-a734-2ca77f25fc82,1,Lung Opacity
9c363f6d-ca24-41da-ac87-52bd65884df0,1,Lung Opacity
64be5fab-9938-4e79-9633-1aa4ee33ebf5,0,Normal
452a76e3-b825-4dd4-afaa-f2d0e2fd530f,0,No Lung Opacity / Not Normal
a8f42699-1106-428f-90ad-db6a72118122,0,No Lung Opacity / Not Normal
431af61b-bbf6-4c35-842c-4a0679a7738b,0,No Lung Opacity / Not Normal
4574b254-3494-4530-bb8d-b3a80b14fff6,0,No Lung Opacity / Not Normal
bca4aa4d-0cc9-4cc0-b06d-5b675194bf62,0,Normal
15caed66-ea48-488f-8c54-4f6debd7645d,0,Normal
5776da6e-0b5d-4d8b-a9fb-2a8af858d424,0,Normal
16164a04-5f08-4637-8226-e34d2fbdd762,0,Normal
1f5f1dc7-7681-41c4-a380-a47e0c90057d,0,Normal
e20f69ae-9ea1-427b-9432-7d99fae81f0f,0,Normal
172f8b71-1d19-4a36-ae9f-41ae528c72be,1,Lung Opacity
fde7bf44-9cb7-4506-9738-5774d4547f6f,1,Lung Opacity
239e9d1c-e5c1-4798-a6ba-64fd64e7c486,1,Lung Opacity
722cca4a-f542-47ba-be14-29238c1124e1,0,Normal
b0899110-9ada-4724-9c9e-e79d916fd5b4,0,No Lung Opacity / Not Normal
e6722c12-2875-4795-b377-badc4514d224,0,No Lung Opacity / Not Normal
bec4c195-3308-4a5f-9a98-8abba25deda7,0,Normal
b29dcdc8-57c8-443a-a69c-615fa7dc9973,1,Lung Opacity
9d5031cd-338b-45b9-8bf0-2cf09f3b8e52,1,Lung Opacity
af8fc053-b69b-4915-9ea8-f538028f9b2c,1,Lung Opacity
b406e391-9f28-4f26-a71f-285d5e3f488c,1,Lung Opacity
a4cba60f-6006-4a32-8ce7-488fa06bec4c,1,Lung Opacity
9e763f85-b627-45b6-ad70-2982aae80d5d,1,Lung Opacity
b77669dd-8554-4531-9903-9719747fdb63,1,Lung Opacity
f9fd2573-c775-4711-ac2c-37ae51e5d345,0,No Lung Opacity / Not Normal
7b3e032d-e3ec-4c61-8a49-785fd6d0d87e,1,Lung Opacity
89ae4018-34ae-4c9c-8d48-f9526809160e,0,No Lung Opacity / Not Normal
cd05916f-af4d-47a0-a4b1-4f9d2436d54f,0,No Lung Opacity / Not Normal
03dedd9f-7e97-42dd-99aa-afcb09e0395a,0,Normal
e9ea9123-3eab-4d60-973d-bfca20b6e054,1,Lung Opacity
b3122bdf-a576-469b-8fc9-916fb4e8d1b6,0,No Lung Opacity / Not Normal
56eaec61-0b13-41db-ba1d-85075dbc0b7b,1,Lung Opacity
594df72e-4237-41a1-8712-73f91c596cb4,1,Lung Opacity
4d2edbba-09ce-42b9-9ca7-032f14a76a66,1,Lung Opacity
3352dd2e-717c-4a5a-ad4b-81315818b351,1,Lung Opacity
c5cebb8a-572a-4ae1-a52f-4d6bee77e1a1,0,No Lung Opacity / Not Normal
0c166e46-6e25-4f59-9743-6c60828c7c77,0,Normal
b8c16a00-9fe8-412a-8a3b-972fc615eeda,1,Lung Opacity
ae47e8ca-08cf-432e-8f3f-bbfc8413570d,1,Lung Opacity
4699eae3-390a-4a76-9be0-7646d1a36425,1,Lung Opacity
2017d9e5-6f8b-42f0-97e1-ac5d29f9de60,1,Lung Opacity
8cd4d1a3-e2ac-4475-9a06-33bdaa9876f7,1,Lung Opacity
730c277f-3c1f-43b9-9464-f42454e400e8,0,Normal
b6acb029-963f-481c-81e3-f5f4f79ff7c6,1,Lung Opacity
8d978e76-14b9-4d9d-9ba6-aadd3b8177ce,1,Lung Opacity
b475e187-b7bd-4d5d-951f-82e4903feacb,1,Lung Opacity
589bbf21-be25-45db-9014-7d4e650c7530,0,Normal
05b2d676-777a-4a4d-82ab-bf3f5f9b4d60,1,Lung Opacity
c6bd489f-95a9-448d-b218-3036352493e1,0,No Lung Opacity / Not Normal
f1870dea-e477-4579-9e7a-6f20d871de4d,0,No Lung Opacity / Not Normal
78c36a61-954f-4730-8b76-c66e5db4d464,0,Normal
45415872-fc2a-43ba-869d-5131c57622f1,1,Lung Opacity
166479fb-b1f7-494c-b894-2ddf6d21131a,1,Lung Opacity
43c93bad-8332-4df5-ba24-97638e7b422e,0,No Lung Opacity / Not Normal
5b1b89b6-59e7-4275-b68a-5c0c4704d668,1,Lung Opacity
eb3d5fed-558d-4aba-b13e-f7917c49c79b,1,Lung Opacity
8fac10c1-1b23-447b-9169-ea50cae270c2,1,Lung Opacity
50887d14-885f-4ac8-835a-1ef293e5f882,0,No Lung Opacity / Not Normal
e21bd38d-504c-4256-9168-2f1ccc10ad94,1,Lung Opacity
03a9498c-549d-4e7d-800b-e74797f7f625,1,Lung Opacity
cefe76c1-d7c8-4f95-830e-6491791f208e,0,Normal
4f9a7303-4d5d-45fc-bcc4-d3f50f03464e,0,Normal
8ec49daf-1d09-4ced-b97c-f0ef452ce616,0,No Lung Opacity / Not Normal
ecdb0b5e-bfab-42cd-842c-d1226a2f707f,1,Lung Opacity
3a3842d1-d803-4374-a17d-b5a37e8024cf,1,Lung Opacity
6e0a0d3e-e768-4b29-a2a9-68dd192861b5,0,No Lung Opacity / Not Normal
2e19d541-b5d1-41d9-8265-989b6bfb1ecd,1,Lung Opacity
c7b4e202-d634-49e8-ba7c-13292ab4db66,0,No Lung Opacity / Not Normal
06f5a38a-e4b1-4e5f-8c62-f48630a52504,1,Lung Opacity
c8ad32ab-daa1-4ab6-843f-d9bd4fe81400,0,Normal
3a95e2d5-ec7a-4020-a48c-7d61fdb3d0af,1,Lung Opacity
9067a3b6-b8bf-49a9-bc76-675853dd37b5,1,Lung Opacity
1551a600-9f33-4837-b932-7514feac3789,1,Lung Opacity
1c98cf85-1e50-4def-a8e7-6749808339ff,1,Lung Opacity
748efb04-93a7-45fe-b4ef-4e1c2ddf0d3d,0,Normal
1b6ac013-a672-4eda-9e69-75b0628ff944,1,Lung Opacity
54902e87-004a-4acf-a0d3-b680514fe0b2,0,No Lung Opacity / Not Normal
08f580ca-6c0e-47ca-9759-851b3c0bb397,1,Lung Opacity
94a43547-4037-4921-9283-494aa0d5e268,0,Normal
4868f9aa-626d-45a6-a63d-29dfc5197535,0,Normal
06b1975e-066e-4430-bf60-c0a9d82cfdc3,0,No Lung Opacity / Not Normal
4aabc45b-9505-48a6-8a29-23a09b13ec02,0,Normal
b7b0bdad-ee4b-4381-af19-501eecb6e847,0,Normal
87e4af8b-1110-481d-86de-f315ca03936d,1,Lung Opacity
58159114-ac1b-43f6-a6b1-94451fbb6c48,0,Normal
3c785e01-bc52-4467-9429-623abf2e521d,0,No Lung Opacity / Not Normal
188dece6-09da-4166-9d7f-18c495358216,0,Normal
eadbf3c9-f034-4b29-9a46-b90a16978a2a,1,Lung Opacity
dc36c084-7f6e-4bcd-810c-7ea46af670d9,1,Lung Opacity
16b3b4a2-5039-4977-ba35-73bf84fcc565,0,Normal
6a377640-4f7d-4f15-868a-91dfca7d6651,1,Lung Opacity
dd220856-6ba1-4319-8ce6-37e8238a02cf,0,Normal
3ed451f4-ff11-489e-9d3f-c7abf1c696be,0,Normal
3dcbf0ea-0175-4f6a-94c3-5cea4380e5f8,1,Lung Opacity
ae3f4d88-7880-40a1-aa43-4481dbc330ea,1,Lung Opacity
f14476bd-f565-4785-a35c-3b3ea32f972f,0,No Lung Opacity / Not Normal
e6fe983c-945b-4e1d-b43c-c4c43c267d59,0,Normal
3a8a880f-c71c-4130-b220-77896771715b,0,No Lung Opacity / Not Normal
10f3bffb-409e-4d8c-849a-f11144da7c3e,1,Lung Opacity
e5d58e52-f77d-4fb6-9aff-9fc5715521a1,0,Normal
e49f9187-ae4b-4ac6-9e75-90f56e347aa4,0,Normal
a15b9158-d337-4da4-a88d-d151950d3c54,0,Normal
bb50d849-8c22-4e5a-8607-a14c01772941,1,Lung Opacity
d926a5e6-012c-4a22-b961-4e2e547f3fca,0,Normal
ca8b395d-7ca0-4dc4-8b56-ff519b4edb89,1,Lung Opacity
fc81660d-7d13-43ab-9f1c-0608f5f21d45,0,Normal
4698e391-5722-4947-a6f7-ff1fce632746,0,Normal
384306fe-76b9-499c-ae6f-1d6357101218,0,Normal
2d096d09-0957-43b5-a78d-2ea2c2d03b6b,0,Normal
f0e63975-2990-4f7a-a9ea-8b2193acc83b,0,Normal
bf842c92-c6ed-4be4-b188-c05ec8bf8dc2,1,Lung Opacity
49a8bad1-f6db-456d-bc8f-74f70557d9bb,0,Normal
f676d04c-a1cb-4714-a17b-e3bf1ec329d7,1,Lung Opacity
e8868e22-3e5c-4e63-9dc7-9180b20a0b1d,1,Lung Opacity
8810a730-3f76-408d-ac9d-cef6e9629c89,1,Lung Opacity
b450fa50-1d6d-4e97-b843-fc0fe530d2ff,1,Lung Opacity
7e9a064b-33d7-4395-8244-d6bdb4dd0e2c,0,No Lung Opacity / Not Normal
a7c69985-832e-4c35-810c-6578955cec97,1,Lung Opacity
57bffc6f-1656-45a2-9e49-e28d1dcbeee1,1,Lung Opacity
bf1e2342-1f62-4f96-a616-e0a279d9ba42,1,Lung Opacity
90e11e95-02e8-4c4c-8729-bf643f9625b4,0,Normal
9d315378-b59f-4999-a993-cc4443925be6,1,Lung Opacity
f8f07e3d-87d4-4c60-a905-a9f7372f79cf,0,No Lung Opacity / Not Normal
38929efc-a8ad-42b5-9fff-8ba881a7873e,1,Lung Opacity
401b69a0-3d07-47f8-bfea-4bc30aa51403,1,Lung Opacity
a223ebef-86b2-49e2-b3e1-bfc1bf957b6a,1,Lung Opacity
177423d8-e811-4fd7-bfba-6b77b479e466,1,Lung Opacity
56af1d91-fca6-461a-991b-e153acb22f3f,0,Normal
8b2e2e6b-422f-4196-9209-10c722b2e860,0,Normal
1bd9de29-597c-4cba-8581-83355af4c667,0,Normal
b48586f4-4e09-4dd3-b46b-c60256db0d16,0,No Lung Opacity / Not Normal
f6ddea00-5bbf-46ee-8606-634dd5237657,0,No Lung Opacity / Not Normal
423b6291-bece-49ed-bdb9-e9e39be87b2f,0,No Lung Opacity / Not Normal
c7cc27a7-fb05-494c-8f45-173dba214d4b,0,No Lung Opacity / Not Normal
3594b48f-fcc1-4947-93f5-64be66467147,1,Lung Opacity
099abc5b-f471-4e24-90be-f1a4b4428166,0,Normal
d640b82b-9fa6-49ad-9139-d1a0f1f8c7e8,1,Lung Opacity
d7ab4a4a-c0e0-4621-9db2-75daf6ab65d8,0,No Lung Opacity / Not Normal
d727db91-5f22-424f-8f18-3f8c7de40869,1,Lung Opacity
818d8d1c-1f0b-4760-8d6b-9c4add3f8ef2,0,Normal
9b59d220-9502-4997-bb55-ecc4064e1788,0,Normal
8d48694a-f998-4043-bc98-63a3c18527f2,1,Lung Opacity
388cc388-c2aa-4bfe-8a63-4565c626d951,1,Lung Opacity
ae1a7456-d4f8-4f0e-9764-ee93b0ec3245,1,Lung Opacity
0fc18a4c-0666-4287-a25d-e295bcb18351,0,No Lung Opacity / Not Normal
0488a028-fb77-46e1-85fb-f0b86cf57fee,1,Lung Opacity
fd358431-c2ec-4b19-a689-b2fd369d84e1,1,Lung Opacity
761160f0-7d5b-448c-b708-c77838def919,1,Lung Opacity
bb91c165-aa67-40b5-ac57-ad8458036952,0,Normal
91ffea2c-cabd-4e92-9250-9498ecbd424c,1,Lung Opacity
af0a996a-d4a0-44c7-b316-72176ea9838b,1,Lung Opacity
54e87eae-269b-4bac-a1e4-d1482d5582bd,0,No Lung Opacity / Not Normal
a3d54ec1-68db-497a-ba57-b7feeb3b7739,1,Lung Opacity
53362510-08ef-46fa-87eb-1a9b73906491,0,No Lung Opacity / Not Normal
5a1edc6c-b8a9-4b7f-870a-4e5f867cca33,1,Lung Opacity
1889dd53-607f-4897-9be6-b2a5c078d6b3,1,Lung Opacity
d4911016-ade1-4a4c-86b2-7fc3dffb326a,0,No Lung Opacity / Not Normal
756fc4f4-37ac-4cc6-b6d8-c10d30bf27f1,0,Normal
1fd92186-f1fa-477d-b23e-abfd7ad537ce,1,Lung Opacity
bcb3a190-1449-47b4-a24d-ffd8701723d5,1,Lung Opacity
d7308547-72df-4a22-9387-c1a96c8f8e44,0,Normal
f7fcc3d4-4926-4a44-b588-2dcf16aeba63,0,No Lung Opacity / Not Normal
4b912423-ef5e-45c9-90a3-b04fc7977653,0,Normal
b20b2346-f86c-45b5-aeea-a4b10e35b764,1,Lung Opacity
c2fcc494-8ff8-4963-84b6-268e3587987c,0,No Lung Opacity / Not Normal
9bfebbd8-d79d-4a61-9403-d33d3406fce7,1,Lung Opacity
71a40b76-1525-460e-88e4-8ecdff621e5f,1,Lung Opacity
68220b8f-0162-4441-b52a-c99c86264d87,0,No Lung Opacity / Not Normal
18287dd8-6e84-424c-914d-c549680d1b9f,0,Normal
4206173d-0db2-4f32-80fb-0bd99d5532e1,1,Lung Opacity
09d2a8d3-3ef9-4e91-8abe-d1c127747905,1,Lung Opacity
c469fa09-4aef-4baa-ae73-1596572cde1d,0,Normal
dc9f5cb0-72b4-466f-a3a7-9e15fbdc16d5,1,Lung Opacity
43970f8c-5b6a-4225-963b-ed5dbeb38d19,0,Normal
e128a2e8-6f9f-4615-8752-4be9eb2eaa14,0,Normal
5bd7d068-258b-4082-8940-10b73e2f6060,0,No Lung Opacity / Not Normal
ce011009-c426-4b6a-be7d-f6391493c910,0,No Lung Opacity / Not Normal
5b45ba37-72c5-4b45-aea5-458978cd9b39,0,Normal
e7a47a98-2dd9-45af-9818-1ebd88cfb700,1,Lung Opacity
d728bf28-3971-43ec-88cb-a3b86434956b,0,Normal
5b02d613-8895-40b6-893e-71a7e7434d4f,0,No Lung Opacity / Not Normal
c85b9a9a-3ea9-44e8-bac3-8d9e07a73085,1,Lung Opacity
641ead6c-0e54-4a5f-a3c3-e49d137ce16e,1,Lung Opacity
6aae3572-8953-46be-a0fc-5f3e891dec7e,0,No Lung Opacity / Not Normal
e22f2f98-2401-48c5-9ff4-c30717b29fd5,0,Normal
66c6ee2e-717e-4ca1-8069-0d0987d53fa4,0,Normal
335d17b1-bdfb-4939-9dc9-fa93f09648eb,1,Lung Opacity
e2656f99-d292-4572-9f2c-2f4e7da76265,0,No Lung Opacity / Not Normal
9bd35dc1-295f-4029-a93a-f9d7f15a0d9f,0,No Lung Opacity / Not Normal
9b4ecc3e-5499-4d0f-a218-0dc17aa963e2,1,Lung Opacity
6d2354a2-9b64-4dd4-b4fc-f047cbb73e3e,0,No Lung Opacity / Not Normal
62e7f210-65e0-40e1-ba52-8c21b6e767e9,1,Lung Opacity
5fb17b91-e490-4f40-bc6b-7955028058c8,0,No Lung Opacity / Not Normal
e060ed9a-8978-41c1-8dba-e55385d906e9,0,Normal
b697ecb0-3185-4ea6-a460-c5357b452e7a,1,Lung Opacity
8ec24404-283d-4734-a620-8be3618ef4b0,0,No Lung Opacity / Not Normal
9a7bcfc0-6ccf-4d8f-9b02-ad56448761c5,0,No Lung Opacity / Not Normal
b5d11411-962b-430c-91b8-5361d80ddaa1,0,No Lung Opacity / Not Normal
f5c2a165-7210-4db1-b467-1e30cbd606fd,0,No Lung Opacity / Not Normal
e468a2c5-c178-43f1-8b4e-b6df7c3513f2,0,No Lung Opacity / Not Normal
9d7688a1-8de2-414f-ab31-acb03992c952,1,Lung Opacity
9f377ef1-a9b4-409c-8e6f-94199ac19a75,1,Lung Opacity
48dce60a-bf05-48db-b89c-bb075a4ad909,0,No Lung Opacity / Not Normal
71700acb-e58e-4f94-a8f8-a78d72c5fde9,1,Lung Opacity
01b15f07-1149-4ff8-9756-bc821e41b97c,0,Normal
d0aef06c-bd52-4859-ba1e-a30acc3e7855,0,No Lung Opacity / Not Normal
77c35cf0-33fa-4851-9e84-bee7a6034a6e,0,No Lung Opacity / Not Normal
62085d82-9754-475d-942c-5ed62ba711f9,0,Normal
9e14bba9-48f8-4382-b606-d47030e9b893,1,Lung Opacity
c6b23bea-5014-4fa0-8bfd-3fc5c91733b3,0,No Lung Opacity / Not Normal
64e57607-591a-4a9b-aef7-cf8b53bf13ca,0,No Lung Opacity / Not Normal
f8cadc7e-6554-4967-89f3-d22e7bce757b,1,Lung Opacity
ab96fe46-8079-448d-a9e2-76b8e096e6ae,1,Lung Opacity
0f739fa7-fa35-4c0e-997d-9dc9866346dc,0,No Lung Opacity / Not Normal
3ef164d4-0e03-4695-bc05-bad84b526960,1,Lung Opacity
5e61818e-7ea7-4580-85e4-b1d0e3b88ed3,1,Lung Opacity
fb64d9d2-da1a-49a6-97b8-c40156481137,0,Normal
e051019f-b034-4ed7-b2a3-8dc566274092,0,Normal
e1eb1f53-a6e1-461d-96bc-ca7fd48b8836,1,Lung Opacity
108eeb60-7701-4796-86a8-1447fd8a0ff7,1,Lung Opacity
088d4414-e057-45cb-a206-4dd3bb02dd6c,1,Lung Opacity
e740c681-6c4c-45d1-a8f1-5e33a0ed4140,0,No Lung Opacity / Not Normal
793a56ab-71fd-4bce-b9fe-d25c63d93459,1,Lung Opacity
fbeb2722-52ac-458e-adbf-4e62e03d44dd,0,No Lung Opacity / Not Normal
e2ff4938-8485-41f5-b35b-ce6a81a6f93e,0,No Lung Opacity / Not Normal
5bff3562-a39a-4ce0-b375-e093ce02fd5f,0,No Lung Opacity / Not Normal
832737e0-1f29-47a7-b220-9d63c4e9d6eb,0,Normal
c5a27c73-aef3-407e-9724-333e97a583c9,1,Lung Opacity
270d287b-5f32-469d-9f88-f4a87f27ef47,1,Lung Opacity
56c529d6-a358-4556-b9a0-315fd0ca1446,0,Normal
d3b89ac5-a2ce-4631-984b-7da22da71cd2,0,No Lung Opacity / Not Normal
b1f0da6b-6c87-41b1-8dce-a8dca049a537,0,Normal
8e9b628f-2e78-4ec1-91ee-3a8e65357ea9,0,No Lung Opacity / Not Normal
47ec2841-0ef0-4fa0-8678-732fb8d23db6,1,Lung Opacity
b74efb23-b6ac-4f62-bdbf-40cdf14edc5d,0,Normal
7fc478ab-7eca-454d-885c-6aec22dc6903,1,Lung Opacity
50f1f6b8-47e3-4bb0-ac08-f825a3d890a5,0,No Lung Opacity / Not Normal
f39755d7-a28a-41f8-81d7-b46633eb4610,0,No Lung Opacity / Not Normal
ca5562f7-66a9-4ca7-ac19-1d8d738e3155,0,No Lung Opacity / Not Normal
5ebe32fe-3ee4-4ebe-9bbd-3e91b9a84da3,0,No Lung Opacity / Not Normal
917ea1aa-b1b2-402b-b831-cacf85756279,1,Lung Opacity
b039548f-9627-4701-951b-ae89efd3789f,1,Lung Opacity
0c652b5b-8d2e-4c10-8dcd-a47ad0caf39b,0,Normal
285c22d0-3112-4472-9107-59642c4eb8db,0,No Lung Opacity / Not Normal
e7975e46-ac5c-4225-ba05-6e0b5b1ba917,1,Lung Opacity
36200569-a271-4fcf-819b-1bd00e626534,1,Lung Opacity
5411ca96-8ca4-4029-a422-1a09dfa80b8f,0,Normal
bfe7e758-97b3-4763-a91b-8bf559c143a4,1,Lung Opacity
a9b33024-ace7-424e-97c8-3082b8f5681f,0,No Lung Opacity / Not Normal
b4d29203-1e8a-46a9-9671-0aaf8e72143b,1,Lung Opacity
48987d05-8fd1-47de-b575-fff120d3d194,0,No Lung Opacity / Not Normal
080f1469-5384-4678-b0ec-513ae837b583,0,Normal
81785a74-18ad-49ba-92c6-e570b0d4ce57,1,Lung Opacity
cd7ed4b2-eae7-4fef-ba8d-5c1825efc0f7,1,Lung Opacity
bcca16d2-1b10-4644-9724-701bb38c4790,0,Normal
ba63a3ae-8814-4b3e-a773-0239d6f64dce,1,Lung Opacity
70a9e4e6-99a6-4f66-92e2-f1c30c714301,1,Lung Opacity
dc2ab31a-e89a-477f-a0ce-13a37033a551,0,Normal
c42c23a8-14d9-4ea0-8463-aaf13afafdbb,0,No Lung Opacity / Not Normal
539e8500-fc58-48d5-9225-c0cf87cfc8bf,0,No Lung Opacity / Not Normal
cd4f439d-61be-4ecb-bc27-383f9cd29569,1,Lung Opacity
d2343ccd-9c7e-47e9-8b88-ff82a74a45e0,0,No Lung Opacity / Not Normal
59254a1a-d70a-4481-a46c-a0fb66dca995,0,Normal
b7865631-3c59-43b1-bdbc-117844b95456,1,Lung Opacity
5b795813-0205-4879-9bcb-69b7a417316f,1,Lung Opacity
a3a15e9c-71d6-440e-9457-89e2aff93fe0,1,Lung Opacity
d623fa91-c7f1-4000-87c7-0b32394cf8bb,0,No Lung Opacity / Not Normal
97fecc95-024e-453d-8a99-68388f717940,0,No Lung Opacity / Not Normal
a6ca60aa-c6e1-4993-8745-0a3ef5f44e66,0,Normal
f2e8cacc-b217-4e82-93ba-33bf5e04e94c,1,Lung Opacity
6f464fc9-d9c3-404a-97c3-f4504c859eb2,0,No Lung Opacity / Not Normal
637bea6e-a296-4d83-b68a-7cee48434bdd,0,No Lung Opacity / Not Normal
ba1c9d84-1d6e-422f-bd6c-b5f6deb5afa6,0,No Lung Opacity / Not Normal
8f8e6d37-39ce-483c-9611-2657275fd212,0,Normal
6446256c-6afa-4a21-a57f-6231493a8495,0,Normal
b3fef4ce-65c5-48c4-8263-81c9e55e3ffc,0,Normal
ba8d3130-4063-4339-bbfa-474259060f5b,1,Lung Opacity
7f7d1b89-90d4-404e-bcc2-9c0dd6cd9072,0,No Lung Opacity / Not Normal
17c8f17a-b1df-4211-9713-7aff0013f4c1,0,Normal
b0502b9f-b85c-4cac-9e8f-325ed59315e0,1,Lung Opacity
b5efdc67-97a4-413f-b62a-7d3edb9de1a1,1,Lung Opacity
23aa6468-59f9-4ace-b656-9fea8d64764a,1,Lung Opacity
e4bc0f9a-f9cb-4489-8b2f-7ab1197f148b,0,No Lung Opacity / Not Normal
ffa54bb3-2fb6-4010-abbb-3f43a2b3d0ce,0,No Lung Opacity / Not Normal
e6d7b781-d99c-4dc4-bddd-acd2751225e6,0,No Lung Opacity / Not Normal
5bd40ccb-546f-4823-a9ce-0d7767ad1ef2,0,No Lung Opacity / Not Normal
37f5c61c-c395-468f-a4ea-7108343a22cb,1,Lung Opacity
a19de51b-0471-43c7-9f7b-4a8f83fa87b1,0,No Lung Opacity / Not Normal
36949a19-b38d-400f-ace0-1abfe2ecfc3a,1,Lung Opacity
1c049d3b-394b-47d6-9b54-405d46db1ad7,1,Lung Opacity
06089341-a69b-4777-817b-041be894b436,1,Lung Opacity
734b9290-8d34-4d42-9d2b-1b3bdb98c373,1,Lung Opacity
dc506eb1-ef59-41e8-aebd-5c2a80026ba3,1,Lung Opacity
d6e82de1-190e-45d8-8a10-8d920b054661,1,Lung Opacity
e4148f01-792f-4d32-ba64-aca36756b91b,0,Normal
06cc9b59-b8ff-4a6b-9e5b-f127c7c1208d,1,Lung Opacity
b87a7ed6-a5d7-42ea-a9d5-d487a2d9108e,1,Lung Opacity
28d0f2da-cacb-43b0-848d-4c6389d55d99,0,No Lung Opacity / Not Normal
c3ab8309-f5c4-46d7-9659-e3f702236d4d,0,Normal
8b3ffca6-7869-474c-b397-58e089dd09ab,1,Lung Opacity
bfbf1dcd-242c-4f22-8ef3-f72c8295535f,1,Lung Opacity
85dad6b6-8a4f-4189-b1c0-006a66f5b0bd,0,Normal
a4e8e96d-93a6-4251-b617-91382e610fab,0,No Lung Opacity / Not Normal
6f0797fa-820f-489f-b7d5-75231b307bf7,1,Lung Opacity
651181f3-a39a-4526-82d3-95d76f94e1f8,0,No Lung Opacity / Not Normal
1f6a4921-3e72-4e98-aaa2-5df79fe85c02,0,Normal
76a93e16-6dc6-4356-bd7e-6e45bd4d3e4e,0,No Lung Opacity / Not Normal
29cfef18-40c3-489f-adcf-05bd93765b9d,1,Lung Opacity
5b4100a0-0646-48c3-86c0-43f7c43cdfd4,1,Lung Opacity
8aa9d5ca-5419-4abc-8819-66a2d37c8c68,1,Lung Opacity
b7be8601-8a5f-4117-b356-5d2991a83e62,0,No Lung Opacity / Not Normal
29e75170-ef12-4e4d-a0fc-4055fe7470c5,0,Normal
7d34dda1-3612-4ef4-9428-e9fa5510e66b,0,No Lung Opacity / Not Normal
3b253e33-a932-4d96-a8fe-f3a5be6b66a6,1,Lung Opacity
b28024d4-4281-4d77-ac09-e4e07dedb611,0,Normal
22c1b139-cb5e-41cd-83fd-7e06d6f4038e,1,Lung Opacity
c37e4ade-605d-4b78-ada5-231c82b72b43,1,Lung Opacity
ea69d57e-6d9e-406a-8d7c-544b54954dff,0,Normal
9889dd70-f91b-462c-a5ce-8b77b97052a1,1,Lung Opacity
d35637e6-7aac-4489-96ff-24396ff9a70f,0,No Lung Opacity / Not Normal
86c14816-f11b-4663-badd-50b8a6abded9,0,Normal
c75f315e-ca15-4d67-9068-ca2d9fda95ab,0,No Lung Opacity / Not Normal
80e23d5e-c9f9-4f89-ab8f-d7b1a48efd84,1,Lung Opacity
4c2a3eec-38e9-459a-980c-545d0c50f7bf,1,Lung Opacity
e9af92f0-49af-41d8-84ff-35f89293484f,0,No Lung Opacity / Not Normal
4703da4b-5d0c-416a-9ebe-39d1776bf593,1,Lung Opacity
4e00fa41-f9dc-4826-ae11-3c2c0d056ff1,1,Lung Opacity
5b6c40fe-abd6-4cf8-8de4-b064aea86b5f,0,No Lung Opacity / Not Normal
68908ab8-ca8d-418e-96f7-779b58e92ae6,0,No Lung Opacity / Not Normal
545258bb-53e4-4219-9b5f-62d18661eac2,0,Normal
f8377b25-0c03-4615-b18d-f0131b80b3d4,1,Lung Opacity
7fa5c832-11ce-4342-9ea2-1806fb0988aa,0,No Lung Opacity / Not Normal
9de9b33a-9560-4ee6-9e6c-831888db6176,0,No Lung Opacity / Not Normal
d60a469e-7d06-432d-88b5-3ad8f25c3548,0,Normal
c28f7725-70a7-4b55-953a-44d28ecdd4fb,1,Lung Opacity
504cbf6f-b20a-4a8b-8d78-e4016bada396,1,Lung Opacity
3703a60d-cd4c-4183-865d-82825a95af81,1,Lung Opacity
b8cda939-dfb4-455b-9ff4-17e199b3ad1f,1,Lung Opacity
f6e13f4d-82c4-44ea-ac28-14921fec4ae9,0,No Lung Opacity / Not Normal
1854a99c-bfc7-4f4e-8396-c97eebb20106,0,Normal
6de2cc0e-1591-4974-9bed-9cb29727753b,0,Normal
497a4c59-3101-4257-8c12-f052cb1aa116,1,Lung Opacity
a6af588f-2947-40c0-a084-54d7760199fa,0,No Lung Opacity / Not Normal
af467edc-df3a-4c0e-ade8-0249d40607e9,1,Lung Opacity
e275574b-e788-4b08-96ef-2f26a66cca89,0,No Lung Opacity / Not Normal
0638709c-d31d-4a59-a9e4-fc408ae36145,1,Lung Opacity
640dd4d6-8797-4fbf-b2e7-2a754a0f14f1,0,No Lung Opacity / Not Normal
688a3275-9225-4e2e-b719-0c754d6b222b,1,Lung Opacity
e40663c4-3234-43fa-9955-e3abdd430255,0,Normal
7af98adc-d1d3-415d-afce-5c48669955aa,0,No Lung Opacity / Not Normal
4b571918-f5c4-4472-930c-f80cb09d0dcd,0,No Lung Opacity / Not Normal
747a4e20-847e-4e45-b4cf-2ef247b51f1e,0,Normal
a2cd771c-cc13-4676-806e-73bd45e25373,1,Lung Opacity
03cd7a5b-d5d7-40a1-81b1-c4264920530a,1,Lung Opacity
b3ffee84-ce9e-43e5-879a-86fef0e875a2,1,Lung Opacity
068b608d-f71c-4859-b909-62c1665b507f,1,Lung Opacity
16860ea6-c3cc-4cc1-a405-9b2a242faf8e,1,Lung Opacity
60ea902b-a46a-446b-8692-c6b803775ee1,0,Normal
8d609680-2a71-49e7-949f-a4971ffc035b,0,No Lung Opacity / Not Normal
8a404c9d-91fd-4cee-891c-a896e60815b5,0,Normal
fbe4ddb0-d7bd-45f9-960d-3eac5f6acf99,0,Normal
b2103ba0-f721-45a3-876e-c4e53ebfe890,1,Lung Opacity
828bb06d-7e5e-487c-833e-110be1a4b7d0,1,Lung Opacity
c2a5f77c-517d-4987-84e3-0338ad29704e,1,Lung Opacity
1b2fcebf-3743-40ef-92e7-e0802c77a5c2,1,Lung Opacity
b16bcbb6-570b-450b-a9e5-b1e3663205bb,1,Lung Opacity
bd04fa63-5ecd-42da-bf2f-6214896bfc3e,0,No Lung Opacity / Not Normal
b64f53f6-a558-4d6c-99d7-50287d3b3773,1,Lung Opacity
715bae63-44c0-423d-ab97-c6b58bd3287e,0,No Lung Opacity / Not Normal
7802c9a7-66c9-45a2-9005-ba61a5ea588a,1,Lung Opacity
d9a51572-0117-427c-ade2-331f6bd68721,0,No Lung Opacity / Not Normal
f7d97e6c-91e5-4768-a3c9-8df4fbe4114f,0,No Lung Opacity / Not Normal
3560b1b0-6f5d-4439-b9ca-2043e8cbecd9,1,Lung Opacity
a4dc58a9-5497-4357-93e7-9ea129005134,0,No Lung Opacity / Not Normal
14aee86e-0d8f-4fc3-b3ec-7ca26fc782bc,0,Normal
d112ae38-3ba8-45e4-b3ca-19316b3cf787,1,Lung Opacity
0c235f29-e4c5-4cb1-ad36-80ace7249062,0,Normal
b724406f-51b8-4134-a9eb-2185696cbbfb,1,Lung Opacity
e7f182ac-e84e-4e0a-89f9-be61ea3c66c2,1,Lung Opacity
ac3e813f-0c91-461e-83eb-e3bdac5bb756,1,Lung Opacity
2b76f7eb-f9ed-4b9a-aab6-10091c363221,0,Normal
c0dd2290-7dc1-4589-8061-57dfdfa23a4c,0,No Lung Opacity / Not Normal
c3ed4cdc-183a-4b8f-a51f-d915d912abab,1,Lung Opacity
84492c21-1895-46b0-b785-6fe6808fba58,0,No Lung Opacity / Not Normal
66aa8f78-13e3-4e42-94a2-75e41d43f7f6,0,Normal
e6f5c238-2bfb-4ab3-af53-7966b0277665,1,Lung Opacity
bfccb05a-9ac8-4879-bdc4-7aff2460093c,1,Lung Opacity
d3118280-e424-4e8d-9236-9628ca99c1a9,0,No Lung Opacity / Not Normal
320df0f4-4189-401a-a836-569ba4f8f389,1,Lung Opacity
be9d0ed7-00ce-44b5-a83c-8a9796be8ea6,1,Lung Opacity
6f09685e-be6c-452b-8523-d0c2df6b03de,0,No Lung Opacity / Not Normal
06f35e64-4b8b-404e-933a-c98f0b5614cc,1,Lung Opacity
6f0b7ce0-dbac-4190-94eb-c252d9a36b83,1,Lung Opacity
7a8c7174-87e5-454a-9c2e-c79c99fd74e8,0,No Lung Opacity / Not Normal
691330e9-6cf4-4dec-9e7e-d790104bd0c4,0,No Lung Opacity / Not Normal
4a567c8b-ab4e-4c3a-a053-9a23b087545a,1,Lung Opacity
ee6c5351-2bcc-4b82-a9d4-27921af0539e,0,No Lung Opacity / Not Normal
e4568bcd-57af-45df-b172-5758cc4643e5,0,No Lung Opacity / Not Normal
a209125f-a2d6-4adf-bb98-5ee5767cb887,0,Normal
108a989d-bd99-4e96-8ce6-ab21ffd0d79f,0,No Lung Opacity / Not Normal
e4cd65ae-65de-44fc-a6b2-ebbc46d2e8d8,0,Normal
35726244-0298-433e-9376-d1a1fe5724cf,1,Lung Opacity
a1aff3c3-4eae-40ed-800d-d5aa693e1132,1,Lung Opacity
56789bdb-728f-4e47-95ec-e008f08e0b41,0,No Lung Opacity / Not Normal
c1273696-fdec-48a9-988c-74e57b6323fa,1,Lung Opacity
6eb4d594-3120-4612-8d4b-7bbc160c3b21,0,No Lung Opacity / Not Normal
d984ecfc-6b4b-4f39-9e66-c0b79a3d00f9,1,Lung Opacity
fa110348-7f47-4528-8339-a8df940b6ae6,0,No Lung Opacity / Not Normal
c5d0608a-f8b0-4ac6-8dd7-56763aefd75e,1,Lung Opacity
cd5f9b78-200b-452a-b20e-29d0df62e68d,0,No Lung Opacity / Not Normal
d2958e55-2766-45a9-b57d-e9657a3488ff,0,No Lung Opacity / Not Normal
64d7923f-fed4-45f7-89e0-6e5cd3942c16,0,No Lung Opacity / Not Normal
28dd1ae4-4be3-4e41-9906-e339fb884bf3,0,No Lung Opacity / Not Normal
4b318dd6-201d-4cd0-8061-9481c18d7b6c,0,Normal
999ddf8a-204b-458f-b161-16b66f03efe1,0,Normal
cc3177c8-6570-497c-aef3-6fbddef692f6,1,Lung Opacity
7860706e-b07d-4c69-b17c-03ca4f8e8a95,1,Lung Opacity
cfe3d40b-4292-4de1-95b0-0c25f5048bcd,0,No Lung Opacity / Not Normal
8cd71907-0eea-4100-af42-7a386d67ed56,0,Normal
b45197ea-5abe-4fb2-8cd9-40ab9771fac0,1,Lung Opacity
b939ebe7-a1d4-47b1-b52f-2a8dce3e82a3,0,No Lung Opacity / Not Normal
a1867f93-5854-4539-b96d-ede4bea3d216,0,No Lung Opacity / Not Normal
bcbb2132-0a68-4baa-b264-9c9e6567e35b,1,Lung Opacity
8615728f-3449-4e56-aa8f-cc4e2e2aef5c,1,Lung Opacity
f55b427a-a060-465a-9812-2bb747e673eb,0,No Lung Opacity / Not Normal
ed4d65a1-87c9-4050-9fb0-5e4256f181ef,0,No Lung Opacity / Not Normal
fe261272-47af-4e70-ba04-85d9d6a3b29b,0,No Lung Opacity / Not Normal
a9bf1010-e610-4b41-814d-99a4250d00c3,1,Lung Opacity
69bbcad8-1da6-4a69-a771-3c73e71c888a,0,Normal
9788b7e7-3706-4079-a83f-3d2a32ef36c8,0,No Lung Opacity / Not Normal
bb4908ba-2679-4f7e-aeb9-c5c4577b40b8,1,Lung Opacity
35dc2301-0e1e-4d37-8926-350cd1be37ca,1,Lung Opacity
72dfb20b-bace-4888-85b5-22646ca74a28,1,Lung Opacity
a13aa35b-6108-4023-92d3-5b854252c9b5,0,Normal
3b12ae6f-0386-45b2-8fab-5ae6b93fbfda,1,Lung Opacity
a449d70f-36cf-4ea8-8e4a-d9e152a01e12,0,No Lung Opacity / Not Normal
697cae51-d7cb-4ba9-8eb8-2ac6de2972a9,0,No Lung Opacity / Not Normal
59cdf26b-d2de-436b-9d67-4c8317ea46be,0,No Lung Opacity / Not Normal
69a114cc-2c97-484e-8216-06d7adbfe672,0,No Lung Opacity / Not Normal
9aed29ce-85b0-4cc5-9dad-7a1aac9c28b5,1,Lung Opacity
f7baf04d-3174-4711-b697-87792749d612,0,Normal
5c48c1c5-5886-4217-bd5c-90eeb5f92b90,0,No Lung Opacity / Not Normal
bf179444-ea01-417d-b78c-cf9aa42f5e5e,1,Lung Opacity
9a3e1197-91f6-4e4d-9aeb-fcde3483849c,1,Lung Opacity
a8a1c87c-e541-48d6-981a-ac821dec99f0,0,No Lung Opacity / Not Normal
52e31798-2000-4b3c-b39e-45eb227393f7,0,No Lung Opacity / Not Normal
cf4acaef-abef-4341-a4f2-e1689d804d3e,1,Lung Opacity
acd35df7-0450-4696-8e83-df3dd8cb8ecc,0,No Lung Opacity / Not Normal
2f876297-aa92-457a-bc28-efa539885b93,0,Normal
3666d8e9-60ac-4d61-a527-a87a4fbe4459,1,Lung Opacity
a9cfed74-19bf-454f-b3a2-32c455a97cc8,1,Lung Opacity
ad182aff-7085-408e-bac3-51a7c705a711,0,Normal
091cc2b7-8ba6-4fce-8ae2-7547117dbddf,1,Lung Opacity
6f648895-e84d-40a7-a8cd-b3c0d9677a91,1,Lung Opacity
18b5d52d-78e4-490a-a766-af881acda223,1,Lung Opacity
991f4b19-f068-4b13-8329-58adac3b0555,0,No Lung Opacity / Not Normal
9a947d6c-0564-4daf-9a54-ef3a3d5a0df3,0,No Lung Opacity / Not Normal
1682a002-e834-4696-8101-70afe4edeebf,1,Lung Opacity
ae2e618e-ca4d-4fbc-aae5-d6f39e4b484f,1,Lung Opacity
bd9af100-1805-4e0a-8875-4a4b7195f0d8,1,Lung Opacity
4eb2783f-e817-4fd7-be37-18b95ab66096,0,Normal
c78daf52-c33b-4367-a28f-5bc60a92e7d9,1,Lung Opacity
37581397-f072-40bb-a05b-e234033fc871,1,Lung Opacity
a147108c-9b7c-4a55-b823-3c06e2a4f3b1,0,No Lung Opacity / Not Normal
cc5e82f4-2797-49c4-bcf9-643fdd46e85b,0,Normal
eacc422e-0f30-4176-93f6-e8d5e1c91fbe,0,Normal
bc15aa77-4017-4833-b947-42324d271764,1,Lung Opacity
0c2e9b99-9a8f-4b44-854e-acd181a0208c,0,No Lung Opacity / Not Normal
f23bbee6-567d-4ef8-8b29-2ecb12a45be1,1,Lung Opacity
273d9710-bda7-42f1-9068-ebe364b44128,0,Normal
835ea6ca-9564-41da-80de-568f18c82ab2,1,Lung Opacity
4f7604aa-98ef-43c5-a0f4-6b4b043bd7dd,1,Lung Opacity
7967055c-7c0d-4d4f-b27d-5316bb78bc50,0,No Lung Opacity / Not Normal
ffae40ab-fcfe-4311-a74a-89f605dba48b,1,Lung Opacity
ccfedb18-010d-4fee-9216-05fa693b4acf,0,No Lung Opacity / Not Normal
b55db584-960a-4816-ba8b-b7fb493455ac,1,Lung Opacity
8cf2eb4c-fcac-4398-83d1-fba18320cb6f,0,Normal
2ef9bafc-c45c-478e-a789-a5e2bfdea8f2,0,Normal
800969a5-1ba8-4909-94e0-66a997fc6fcb,0,No Lung Opacity / Not Normal
f7793f41-fe23-4e09-8bef-6394b56bed37,1,Lung Opacity
743ceb61-dda7-4449-be5b-a87013edb394,0,Normal
11e0e617-cc49-478e-bcba-209866654fde,1,Lung Opacity
1d3e4775-9d2c-4e5f-81de-ce29b540a9f7,0,No Lung Opacity / Not Normal
72a6910e-c0f2-422e-988b-dcbf1450f0e6,1,Lung Opacity
5e7e89b8-3c68-42de-99af-a4aa10a9e8d1,0,Normal
0b2057bc-4c6d-4c90-8975-94c02392e460,1,Lung Opacity
07705011-0d7a-46b9-ab51-b4d5f2bd495f,0,Normal
bb00533c-5a94-41de-aafd-c1d86cf8e6b6,0,Normal
60ae6dde-b322-4c93-ad89-1b061fa48098,1,Lung Opacity
515ceb83-83d3-4d20-944d-14394023a5d3,1,Lung Opacity
46cc86e8-f8ba-4567-9285-cd70cd10bf24,0,Normal
5717252c-482a-4279-9456-535d39f333d0,0,Normal
62c187a4-0a6b-4df6-8876-f3a45e23bb1e,0,No Lung Opacity / Not Normal
122bd0b8-4b45-4587-8cb9-1848e52aa863,1,Lung Opacity
f136aa48-9e25-48e4-a58c-a9d78b059e60,0,No Lung Opacity / Not Normal
ca315c36-fd74-46dd-9307-0524e6b937bb,0,Normal
8bc6dd29-efc9-4ffc-9562-2f35b815390f,1,Lung Opacity
bc6bcb9d-0907-40e0-9f82-b2fe75091b48,0,Normal
a205b165-66a9-4bb4-9cdc-f2e1c5845664,1,Lung Opacity
761f4498-6f0d-487c-99cc-244136ef8a69,0,No Lung Opacity / Not Normal
53f0316b-563c-441b-a226-a369a0357dfe,0,Normal
153a8af1-6d5c-42fc-b681-b81953d796b3,0,No Lung Opacity / Not Normal
eced1a65-891b-4918-a7d1-06f513baf580,0,No Lung Opacity / Not Normal
71306441-f037-44b8-a304-f23203348998,0,No Lung Opacity / Not Normal
f89cdd03-5ea2-4e80-98fb-1d2e57686638,1,Lung Opacity
77b4b295-c277-42a7-b210-b236ea42274e,1,Lung Opacity
87c29c2a-db5a-46ba-8112-fe4a09a6e58e,0,Normal
835a9ff6-3844-49b4-b016-a8b337fa5b77,0,Normal
52edd24a-15db-449d-b0c5-8051eab5fd1e,0,Normal
e2b3fa2b-c034-41b5-bc76-e8b76efc4387,0,No Lung Opacity / Not Normal
f4b5f778-32f9-4197-b765-2347e3a4973d,1,Lung Opacity
7639c65f-52bf-4040-8907-729964dc5563,1,Lung Opacity
17c67743-6d92-4dda-adae-61bc41724da4,0,No Lung Opacity / Not Normal
cc1fb26e-b016-4f4a-b91a-46e3ec715dac,0,No Lung Opacity / Not Normal
6a41e296-8bda-4f84-8766-c253246b77d0,1,Lung Opacity
b6271674-f13d-4087-ae03-d6ae35381dfc,1,Lung Opacity
a2b64497-d2c0-4de4-ac19-75bb9506f96b,0,Normal
d599cb5c-08fa-4366-bdf2-b06d1116cd59,1,Lung Opacity
1015e103-bda6-4664-978d-f761cd2982cb,1,Lung Opacity
6bf5ff1a-07df-4c64-8fdf-dd8a26ab9b5b,1,Lung Opacity
4f569183-74ed-4031-bb6c-0e4892ba2a57,0,No Lung Opacity / Not Normal
0c2fec36-dfeb-4fec-9a7d-e7c4a960c761,0,No Lung Opacity / Not Normal
5a4d8945-f0ea-4ad2-af84-d5309a899f77,0,No Lung Opacity / Not Normal
4c779fad-6e35-42c7-b35e-dc6ec50ccf33,0,Normal
afd6c35a-134e-4607-bf71-e5a1c06264c8,0,Normal
6a97ec99-92f5-4989-a29c-30bdcf595eed,1,Lung Opacity
f47eaf3e-20dd-4de9-8169-14924b65cf15,0,Normal
ff615475-a82f-4fa0-8fa2-6fb1a32c9dc8,0,Normal
8d768b9e-92cb-4343-9a2a-20ce3d137695,0,Normal
5357e032-1642-4006-8a46-c1124b67ae33,0,No Lung Opacity / Not Normal
36ac7bd2-34b4-4551-96b9-8404ec7d9079,1,Lung Opacity
ae01a62f-cbca-4f9d-bf40-2962929e5e0e,1,Lung Opacity
9964d799-9f80-41b4-bec6-f5276d990e2b,0,No Lung Opacity / Not Normal
a1ed538b-ed4c-40ed-8364-c9443b51ee73,0,No Lung Opacity / Not Normal
bb7973b1-58b1-4e2e-b687-144e179f0996,1,Lung Opacity
5388b543-b3cc-4d17-b620-e9defedd7715,1,Lung Opacity
53a067de-8c40-4c61-a206-3961e4d6021f,0,No Lung Opacity / Not Normal
3c37c82e-fbd2-41f1-8292-1ff77df2b3fd,1,Lung Opacity
3c2ffd0c-b04c-4a9c-84df-09ec201f55ff,0,Normal
a4446942-ca25-4f9e-8ae9-4f373c3bcb4d,1,Lung Opacity
22f2d3ec-f7ea-4778-850d-bb111590202f,1,Lung Opacity
4b0cbffb-4974-411f-ae98-553830c360f0,1,Lung Opacity
45dddc96-f7e8-4dcf-94b1-34349c0ffdc2,0,Normal
d47f354b-d29d-48b9-9c54-07c1e981bef4,1,Lung Opacity
ae6a4e67-b0d6-439e-ad05-8f751a8286c5,0,Normal
b8fbe64b-f29f-4c6e-9b4e-999d69719ab8,1,Lung Opacity
55891cc7-b8ed-4b22-8bf0-a6039dc53727,1,Lung Opacity
f5c855dd-5275-4646-9cda-7ed7288f0ea0,0,Normal
eae2ac78-a276-48a5-8d15-1d2c89f10ea4,0,Normal
6756a810-a4d0-4e64-9ea0-df78a7dd0cc8,1,Lung Opacity
20a80eb6-1110-4833-8efc-e2cc08adfe9a,0,Normal
aa19ebb0-f1d0-4c42-ad53-1c837c7388a5,0,Normal
9f2cf186-cae2-4b29-8312-d20cd1df7d25,1,Lung Opacity
96a80d6e-d45b-4613-ad0a-a2fac894846f,0,No Lung Opacity / Not Normal
3331a818-6190-4caa-8e71-1849f68d1557,1,Lung Opacity
8fe3df6a-c79e-4660-b9a8-5dbe0c8922b6,0,Normal
f0b1553e-4080-4712-921f-b72f3c9ee733,0,Normal
fde168d7-af3d-4213-9fb5-e0ae8b09c786,0,Normal
e3dc00b7-5675-4ebf-88ac-42a60e2ed893,1,Lung Opacity
74eb29cc-33a7-4ad4-b420-a4f4ba34cf19,0,Normal
3a5ff12c-56f6-4ea0-ba4e-82e49b889222,1,Lung Opacity
0a80033c-8a64-4810-9ecb-6013f7b0dde9,0,No Lung Opacity / Not Normal
a6b8c0fd-e23f-4937-9682-9487051c705c,0,No Lung Opacity / Not Normal
4c43612d-dc22-473d-8194-6efa0110b39e,0,No Lung Opacity / Not Normal
b892d98e-84ae-4ca8-9996-fc0006cf0d2f,1,Lung Opacity
a940da0e-5033-4069-9318-0f675dfcfc16,1,Lung Opacity
a118c5a0-e9d7-4504-a11e-33297fe5ff12,0,Normal
8741ed59-b23a-4b7b-9113-cf359cc2bc41,1,Lung Opacity
0c4016ab-b81b-4266-b6f3-b13465b8d10e,0,No Lung Opacity / Not Normal
bfc8780a-6911-4006-a427-0898ccd3a5f9,1,Lung Opacity
6b35c3af-5c16-45f8-a1bb-75b38742c330,0,No Lung Opacity / Not Normal
b78a4ada-0963-4067-a009-3f8ee134e069,1,Lung Opacity
3185ee2b-a09e-40fd-8f57-4d2802c0248d,1,Lung Opacity
3211c41c-8ced-42ba-8b0f-a04797f1ff27,1,Lung Opacity
f9a41f85-2c42-4b7a-bc19-b0cf75e22d7d,0,No Lung Opacity / Not Normal
077783a3-b299-441f-aa87-d903d5f042d2,0,No Lung Opacity / Not Normal
7e6b2047-eefb-4235-a3d4-02eb27ebc642,0,No Lung Opacity / Not Normal
ae77fb82-6cd1-4a22-8224-8ad1c359fd5e,1,Lung Opacity
3d63ab2e-862a-4f11-82d3-b9f561e8ecec,1,Lung Opacity
dff644ef-d0ad-4ae9-8645-7dfa57e523fa,1,Lung Opacity
0bbe0f92-940f-431a-b8c4-3b371ea7d9aa,1,Lung Opacity
e532c5eb-e94d-42db-89a7-914ed862490f,1,Lung Opacity
636a287a-d58a-489e-94b0-0b3e886c944a,0,Normal
fa25938b-974e-46b9-8cd0-ea346ed99c7b,0,Normal
f2f7c1f9-726d-4b21-87a2-14331a08615e,0,No Lung Opacity / Not Normal
0beab473-5df5-41b5-b737-85749bf77a44,0,No Lung Opacity / Not Normal
7a530f4d-13af-4e4e-bf2e-080c7fb27ffb,1,Lung Opacity
8778c62b-df16-4649-ac6d-46aaf01f9f9f,1,Lung Opacity
7ea7de7c-1a3d-4c86-a5f9-e9031a4e1d4c,0,Normal
2f9c1b97-74a7-4781-bad3-c46cc08c69c8,1,Lung Opacity
97edfece-bba3-4872-88cf-6d257d180879,0,No Lung Opacity / Not Normal
66ab31a6-be10-4f4e-ad4d-b4aeb9371271,1,Lung Opacity
b4da9839-8720-4068-925f-1f7f2234604a,0,No Lung Opacity / Not Normal
dc41834d-bf13-424d-9c82-ba4965e210ea,0,Normal
fb502044-2ba1-44cd-8592-3481c00701a3,0,No Lung Opacity / Not Normal
b2521978-0df6-4fd5-b684-f03b1b96dbf7,1,Lung Opacity
c699e783-cff8-4e69-a56a-e4894671c718,0,Normal
e0785726-8195-4dfd-ab62-d2f5912818ea,0,No Lung Opacity / Not Normal
c09b4889-d8d1-4690-806e-dfada1f79e0b,1,Lung Opacity
8d469ff7-e46f-4102-9e95-fdd63753b34c,1,Lung Opacity
6ed56555-277d-42bc-9e16-c43b679b62d2,0,No Lung Opacity / Not Normal
b154363c-2aa3-4f9d-a0f3-99e32ca63289,1,Lung Opacity
b180c8c3-adad-4d7c-aa3e-1e352f95bee8,0,Normal
56b5c0cf-8a3c-42f2-b3e2-adb2f550c451,1,Lung Opacity
fcd5676f-eb5c-41e9-aae7-0c056e61f9e5,0,No Lung Opacity / Not Normal
38016466-59bb-4364-a099-03813dd09f46,1,Lung Opacity
85fde190-a997-4f2c-8378-61749288bb46,1,Lung Opacity
7354ff46-3089-4ca6-8249-b0bb9efc9381,0,Normal
8700b00c-a90b-4c7b-876a-a4d58ab2f480,0,Normal
5f8ecc2d-d8b8-4974-b327-7920315c55aa,1,Lung Opacity
f78a62d0-f9aa-4828-ad8c-ec4917f52d48,1,Lung Opacity
92e64cff-df51-4747-9203-fb083bdc520a,1,Lung Opacity
9ca9ffa9-4810-4ed4-b919-39b2315ed461,1,Lung Opacity
bdfd8e85-cf42-4353-add4-2cb713d87bd5,1,Lung Opacity
efd3dbd7-d339-43b9-93e4-2274ab8e7936,1,Lung Opacity
41e6698f-96a6-4072-ade5-e018a57c0460,0,Normal
e3b1e7ed-b9ae-4061-a210-5444b7a9c9b1,1,Lung Opacity
9430f1bc-dcc0-4b50-9b33-7ace83fb31e9,0,No Lung Opacity / Not Normal
baf5c0f8-4115-43b2-84e0-65ea130f8472,0,No Lung Opacity / Not Normal
aedc68b6-44fb-44bf-a3e1-e688f5f83c5f,0,No Lung Opacity / Not Normal
27775937-404e-4e1a-bef0-af5d63fc0b3b,1,Lung Opacity
8eef29e3-b9de-4c4f-b1f5-efb9fe7b349a,1,Lung Opacity
17764c35-e511-4ff1-a7d1-cc5d670b0f08,1,Lung Opacity
544713a2-8263-410e-903c-c577869ccfe8,0,No Lung Opacity / Not Normal
80915b6d-b13b-4506-98b8-73f6c10dc32d,0,No Lung Opacity / Not Normal
9eaa8483-51f5-410f-ac29-336ceb8178a0,0,No Lung Opacity / Not Normal
e212adf7-2a29-4069-aa94-8ea5d366d0eb,1,Lung Opacity
a0a7949a-d305-40f8-a8a4-3cfcb773f3df,1,Lung Opacity
0087bd3a-55a7-4045-b111-b018fa52d361,1,Lung Opacity
ca670005-549e-44e8-a1cc-eb3293efb4e3,0,No Lung Opacity / Not Normal
b72902be-6ca3-4ac1-abf3-f9da96e52e61,1,Lung Opacity
b4ded1ce-543b-4f63-bbe4-ef7c641d4c68,0,No Lung Opacity / Not Normal
b49817f1-54d7-4748-a228-a9cc7834168a,1,Lung Opacity
0a0f91dc-6015-4342-b809-d19610854a21,1,Lung Opacity
591b0d09-d324-45ae-94ad-5f34b21b7804,0,No Lung Opacity / Not Normal
d6fad98b-6794-45c0-9f12-360c1635d4f1,0,No Lung Opacity / Not Normal
d60a4305-881e-4efb-b8ed-ab9dca8afdb9,0,Normal
e1cf0555-716c-41b7-b6fd-8757fc528f10,0,No Lung Opacity / Not Normal
9deec23f-8bc9-4957-8b3e-be5c7abf2e87,0,Normal
bc4ec257-ecf8-469b-9750-c5bd190f6987,1,Lung Opacity
7181705d-bd1b-4896-94e6-0cc4d7562d56,1,Lung Opacity
be1a004a-5911-4b0f-a431-bf909eed1e60,1,Lung Opacity
68c5169b-377b-4025-a26a-1e941a55a667,1,Lung Opacity
50d934dd-f974-48c2-b021-f40b9539051e,1,Lung Opacity
723515df-a2b9-4f89-bb3f-437e364bc726,1,Lung Opacity
a69e6362-4832-419e-9a66-0925d3492121,0,Normal
b7ff0de1-7dee-4c1d-be5f-868a24999982,0,No Lung Opacity / Not Normal
779e0af8-53e5-4f43-818b-6d0bf9e1b9a5,0,No Lung Opacity / Not Normal
e02032ba-4484-4221-8e5f-bf12a2900859,0,Normal
69c66f87-1483-467e-a44c-846685b2f474,1,Lung Opacity
f9aa0398-7cf5-49f2-9cce-fe86b12f9c1d,0,No Lung Opacity / Not Normal
dbd636a9-a182-4bec-9998-07959ebb8484,0,Normal
a41249dd-3195-4d4d-bcaa-7ea2178e2d68,1,Lung Opacity
